STN_CD,STN_NM,ELVTR_NM,OPR_SEC,INSTL_PSTN,USE_YN,ELVTR_SE,collected_at
0150,서울역(1),승강기)에스컬레이터-서울(1)역 4번출구 4호기,B1-1F,4번 출입구,사용가능,ES,2026-08-07T05:48:55Z
0150,서울역(1),승강기)에스컬레이터-서울(1)역 4번출구 5호기,1F-B1,4번 출입구,사용가능,ES,2026-08-07T05:48:55Z
0150,서울역(1),승강기)에스컬레이터-서울(1)역 상행(9-3) 3호기,B2-B1,"시청 방면9-3,남영 방면2-3",사용가능,ES,2026-08-07T05:48:55Z
0150,서울역(1),승강기)에스컬레이터-서울(1)역 하행(2-3) 2호기,B1-B2,"남영 방면2-3,시청 방면9-3",사용가능,ES,2026-08-07T05:48:55Z
0150,서울역(1),승강기)에스컬레이터-서울역(1) 4호선연결통로 1호기,B2-B1,연결통로(4호선 방면),사용가능,ES,2026-08-07T05:48:55Z
0150,서울역(1),승강기)엘리베이터-서울(1)역 2번 출구측 외부#1,B1-1F,2번 출입구,사용가능,EV,2026-08-07T05:48:55Z
0150,서울역(1),승강기)엘리베이터-서울(1)역 3번 출구측 외부#3,B1-1F,3번 출입구,사용가능,EV,2026-08-07T05:48:55Z
0150,서울역(1),승강기)엘리베이터-서울(1)역 4번 출구측 외부#2,B1-1F,4번 출입구,사용가능,EV,2026-08-07T05:48:55Z
0150,서울역(1),승강기)엘리베이터-서울(1)역 섬식(상) 5-1 내부#1,B2-B1,"시청 방면5-1,남영 방면6-4",사용가능,EV,2026-08-07T05:48:55Z
0151,시청(1),승강기)에스컬레이터-시청(1) 1번출구 3호기,B1-1F,1번 출입구,사용가능,ES,2026-08-07T05:48:55Z
0151,시청(1),승강기)에스컬레이터-시청(1) 5번출구 1호기,1F-B1,5번 출입구,사용가능,ES,2026-08-07T05:48:55Z
0151,시청(1),승강기)에스컬레이터-시청(1) 5번출구 2호기,B1-1F,5번 출입구,사용가능,ES,2026-08-07T05:48:55Z
0151,시청(1),승강기)엘리베이터-시청(1) 1-2번 출구사이 외부#1,B1-1F,"1,2번 출입구 사이",사용가능,EV,2026-08-07T05:48:55Z
0151,시청(1),승강기)엘리베이터-시청(1) 상행 3-2 내부#1,B2-B1,종각 방면3-2,사용가능,EV,2026-08-07T05:48:55Z
0151,시청(1),승강기)엘리베이터-시청(1) 하행 8-3 내부#2,B2-B1,서울역 방면8-3,사용가능,EV,2026-08-07T05:48:55Z
0152,종각,승강기)에스컬레이터-종각 1번출구 상행1,1F-B1,1번 출입구,사용가능,ES,2026-08-07T05:48:55Z
0152,종각,승강기)에스컬레이터-종각 1번출구 상행2,B1-1F,1번 출입구,사용가능,ES,2026-08-07T05:48:55Z
0152,종각,승강기)엘리베이터-종각 1번 출구측 외부#2,B1-1F,1번 출입구,사용가능,EV,2026-08-07T05:48:55Z
0152,종각,승강기)엘리베이터-종각 3번 출구측 외부#1,B1-1F,3번 출입구,사용가능,EV,2026-08-07T05:48:55Z
0152,종각,승강기)엘리베이터-종각 상행 6-4 내부#1,B2-B1,종로3가 방면6-4,사용가능,EV,2026-08-07T05:48:55Z
0152,종각,승강기)엘리베이터-종각 하행 4-4 내부#2,B2-B1,시청 방면4-4,사용가능,EV,2026-08-07T05:48:55Z
0153,종로3가(1),승강기)에스컬레이터-종로3가(1) 14번출구 3호기,1F-B1,14번 출입구,사용가능,ES,2026-08-07T05:48:55Z
0153,종로3가(1),승강기)에스컬레이터-종로3가(1) 14번출구 4호기,B1-1F,14번 출입구,사용가능,ES,2026-08-07T05:48:55Z
0153,종로3가(1),승강기)에스컬레이터-종로3가(1) 1번출구 1호기,1F-B1,1번 출입구,사용가능,ES,2026-08-07T05:48:55Z
0153,종로3가(1),승강기)에스컬레이터-종로3가(1) 1번출구 2호기,B1-1F,1번 출입구,사용가능,ES,2026-08-07T05:48:55Z
0153,종로3가(1),승강기)엘리베이터-종로3가(1) 12-13번 출구측 외부#1,B1-1F,"12,13번 출입구 사이",사용가능,EV,2026-08-07T05:48:55Z
0153,종로3가(1),승강기)엘리베이터-종로3가(1) 상행 4-4 내부#1,B2-B1,종로5가 방면5-1,사용가능,EV,2026-08-07T05:48:55Z
0153,종로3가(1),승강기)엘리베이터-종로3가(1) 하행 6-4 내부#2,B2-B1,종각 방면6-4,사용가능,EV,2026-08-07T05:48:55Z
0154,종로5가,"승강기)엘리베이터-종로5가 8,9번 출입구 외부#1",B1-1F,"8,9번 출입구 사이",사용가능,EV,2026-08-07T05:48:55Z
0154,종로5가,승강기)엘리베이터-종로5가 상행 8-3 내부#1,B2-B1,동대문(1) 방면8-3,사용가능,EV,2026-08-07T05:48:55Z
0154,종로5가,승강기)엘리베이터-종로5가 하행 3-2 내부#2,B2-B1,종로3가 방면3-2,사용가능,EV,2026-08-07T05:48:55Z
0155,동대문(1),승강기)에스컬레이터-동대문(1) 1번 출구 1호기,B1-1F,1번 출입구,사용가능,ES,2026-08-07T05:48:55Z
0155,동대문(1),승강기)엘리베이터-동대문(1) 6번 출구측 외부#1,B1-1F,6번 출입구,사용가능,EV,2026-08-07T05:48:55Z
0155,동대문(1),승강기)엘리베이터-동대문(1) 상행 10-4 내부#1,B2-B1,동묘앞 방면10-4,사용가능,EV,2026-08-07T05:48:55Z
0155,동대문(1),승강기)엘리베이터-동대문(1) 하행 2-1 내부#2,B2-B1,종로5가 방면2-1,사용가능,EV,2026-08-07T05:48:55Z
0156,신설동(1),승강기)엘리베이터-신설동(1) 1번 출구측 외부#1,B1-1F,12번 출입구,사용가능,EV,2026-08-07T05:48:55Z
0156,신설동(1),"승강기)엘리베이터-신설동(1) 2,3번 출구사이 외부#2",B1-1F,"2,3번 출입구 사이",사용가능,EV,2026-08-07T05:48:55Z
0156,신설동(1),"승강기)엘리베이터-신설동(1) 4,5번 출구사이 외부#3",B1-1F,"4,5번 출입구 사이",사용가능,EV,2026-08-07T05:48:55Z
0156,신설동(1),승강기)엘리베이터-신설동(1) 상행 3-4 내부#1,B2-B1,제기동 방면3-4,사용가능,EV,2026-08-07T05:48:55Z
0156,신설동(1),승강기)엘리베이터-신설동(1) 하행 8-1 내부#2,B2-B1,동묘앞 방면8-1,사용가능,EV,2026-08-07T05:48:55Z
0156,신설동(1),승강기)휠체어리프트-신설동(1) 승강장 내부1,B2-B1,제기동 방면측,사용가능,WL,2026-08-07T05:48:55Z
0156,신설동(1),승강기)휠체어리프트-신설동(1) 승강장 내부2,B2-B1,동묘앞 방면측,사용가능,WL,2026-08-07T05:48:55Z
0156,신설동(1),승강기)휠체어리프트-신설동(1) 연결통로 내부3,B2-B1,연결통로(대합실 방면),사용가능,WL,2026-08-07T05:48:55Z
0156,신설동(1),승강기)휠체어리프트-신설동(1) 연결통로 내부4,B2-B1,연결통로(대합실 방면),사용가능,WL,2026-08-07T05:48:55Z
0157,제기동,승강기)에스컬레이터-제기동 2번출구 상행2,B1-1F,2번 출입구,사용가능,ES,2026-08-07T05:48:55Z
0157,제기동,승강기)에스컬레이터-제기동 2번출구 하행1,1F-B1,2번 출입구,사용가능,ES,2026-08-07T05:48:55Z
0157,제기동,승강기)엘리베이터-제기동 1번 출구측 외부#1,B1-1F,1번 출입구,사용가능,EV,2026-08-07T05:48:55Z
0157,제기동,승강기)엘리베이터-제기동 상행 9-4 내부#1,B2-B1,청량리 방면9-4,사용가능,EV,2026-08-07T05:48:55Z
0157,제기동,승강기)엘리베이터-제기동 하행 2-1 내부#2,B2-B1,신설동 방면2-1,사용가능,EV,2026-08-07T05:48:55Z
0158,청량리(1),승강기)에스컬레이터-청량리 2번출구 상행4,B1-1F,2번 출입구,사용가능,ES,2026-08-07T05:48:55Z
0158,청량리(1),승강기)에스컬레이터-청량리 2번출구 하행3,1F-B1,2번 출입구,사용가능,ES,2026-08-07T05:48:55Z
0158,청량리(1),승강기)에스컬레이터-청량리 6번출구 상행2,B1-1F,6번 출입구,사용가능,ES,2026-08-07T05:48:55Z
0158,청량리(1),승강기)에스컬레이터-청량리 6번출구 하행1,1F-B1,6번 출입구,사용가능,ES,2026-08-07T05:48:55Z
0158,청량리(1),승강기)에스컬레이터-청량리(1) 5번출구 상행6,B1-1F,5번 출입구,사용가능,ES,2026-08-07T05:48:55Z
0158,청량리(1),승강기)에스컬레이터-청량리(1) 5번출구 하행5,1F-B1,5번 출입구,사용가능,ES,2026-08-07T05:48:55Z
0158,청량리(1),승강기)엘리베이터-청량리 2번 출구측 외부#2,B1-1F,2번 출입구,사용가능,EV,2026-08-07T05:48:55Z
0158,청량리(1),승강기)엘리베이터-청량리 6번 출구측 외부#1,B2-1F,6번 출입구,사용가능,EV,2026-08-07T05:48:55Z
0158,청량리(1),승강기)휠체어리프트-청량리 환승통로 내부2,B2-B1,회기 방면8-2,사용가능,WL,2026-08-07T05:48:55Z
0159,동묘앞(1),승강기)에스컬레이터-동묘앞(1) 1번출구 7호기,1F-B1,1번 출입구,사용가능,ES,2026-08-07T05:48:55Z
0159,동묘앞(1),승강기)에스컬레이터-동묘앞(1) 1번출구 8호기,B1-1F,1번 출입구,사용가능,ES,2026-08-07T05:48:55Z
0159,동묘앞(1),승강기)에스컬레이터-동묘앞(1) 2번출구 10호기,B1-1F,2번 출입구,사용가능,ES,2026-08-07T05:48:55Z
0159,동묘앞(1),승강기)에스컬레이터-동묘앞(1) 2번출구 9호기,1F-B1,2번 출입구,사용가능,ES,2026-08-07T05:48:55Z
0159,동묘앞(1),승강기)에스컬레이터-동묘앞(1) 3번출구 11호기,1F-B1,3번 출입구,사용가능,ES,2026-08-07T05:48:55Z
0159,동묘앞(1),승강기)에스컬레이터-동묘앞(1) 3번출구 12호기,B1-1F,3번 출입구,사용가능,ES,2026-08-07T05:48:55Z
0159,동묘앞(1),승강기)에스컬레이터-동묘앞(1) 시청방향(2-4) 5호기,B1-B2,동대문 방면2-4,사용가능,ES,2026-08-07T05:48:55Z
0159,동묘앞(1),승강기)에스컬레이터-동묘앞(1) 시청방향(2-4) 6호기,B2-B1,동대문 방면2-4,보수중,ES,2026-08-07T05:48:55Z
0159,동묘앞(1),승강기)에스컬레이터-동묘앞(1) 시청방향(5-4) 4호기,B2-B1,동대문 방면5-4,사용가능,ES,2026-08-07T05:48:55Z
0159,동묘앞(1),승강기)에스컬레이터-동묘앞(1) 청량리방향(6-2) 3호기,B1-B2,신설동 방면6-2,사용가능,ES,2026-08-07T05:48:55Z
0159,동묘앞(1),승강기)에스컬레이터-동묘앞(1) 청량리방향(9-1) 1호기,B2-B3,신설동 방면9-1,사용가능,ES,2026-08-07T05:48:55Z
0159,동묘앞(1),승강기)에스컬레이터-동묘앞(1) 청량리방향(9-1) 2호기,B3-B2,신설동 방면9-1,사용가능,ES,2026-08-07T05:48:55Z
0159,동묘앞(1),승강기)엘리베이터-동묘앞 1-10번 출구사이 외부#1,B1-BM1-1F,"1,10번 출입구 사이",사용가능,EV,2026-08-07T05:48:55Z
0159,동묘앞(1),승강기)엘리베이터-동묘앞 3번 출구측 외부#2,B1-1F,3번 출입구,사용가능,EV,2026-08-07T05:48:55Z
0159,동묘앞(1),승강기)엘리베이터-동묘앞 본관건물(상)6-2 내부#1,B1-4F,신설동 방면6-2,사용가능,EV,2026-08-07T05:48:55Z
0159,동묘앞(1),승강기)엘리베이터-동묘앞 상행 10-3 내부#2,B2-BM2-B1,신설동 방면10-3,사용가능,EV,2026-08-07T05:48:55Z
0159,동묘앞(1),승강기)엘리베이터-동묘앞 상행 4-8 내부#3,B2-B1,신설동 방면4-3,보수중,EV,2026-08-07T05:48:55Z
0159,동묘앞(1),승강기)엘리베이터-동묘앞 하행 1-2 내부#5,B2-B1,동대문(1) 방면1-2,사용가능,EV,2026-08-07T05:48:55Z
0159,동묘앞(1),승강기)엘리베이터-동묘앞 하행 7-3 내부#4,B2-B1,동대문(1) 방면7-3,사용가능,EV,2026-08-07T05:48:55Z
0201,시청(2),승강기)에스컬레이터-시청(2) 내부화장실 근접 5호기,B1-B2,환승통로(1호선 방면 내부화장실 근접),사용가능,ES,2026-08-07T05:48:55Z
0201,시청(2),승강기)에스컬레이터-시청(2) 내부화장실 근접 6호기,B2-B1,환승통로(1호선 방면 내부화장실 근접),사용가능,ES,2026-08-07T05:48:55Z
0201,시청(2),승강기)에스컬레이터-시청(2) 서울역방향 1-4 근접 3호기,B1-B2,연결통로(1호선 서울역 방면),사용가능,ES,2026-08-07T05:48:55Z
0201,시청(2),승강기)에스컬레이터-시청(2) 서울역방향 1-4 근접 4호기,B2-B1,연결통로(1호선 서울역 방면),사용가능,ES,2026-08-07T05:48:55Z
0201,시청(2),승강기)엘리베이터-시청(2) 9번 출구측 외부#1,B1-1F,9번 출입구,사용가능,EV,2026-08-07T05:48:55Z
0201,시청(2),승강기)엘리베이터-시청(2) 섬식(외) 6-2 내부#1,B3-B2-B1,"충정로 방면6-2, 을지로입구 방면5-3",사용가능,EV,2026-08-07T05:48:55Z
0202,을지로입구,승강기)에스컬레이터-을지로입구 1번출구 상행4,B1-1F,1번 출입구,사용가능,ES,2026-08-07T05:48:55Z
0202,을지로입구,승강기)에스컬레이터-을지로입구 1번출구 상행6,B1-1F,1번 출입구,사용가능,ES,2026-08-07T05:48:55Z
0202,을지로입구,승강기)에스컬레이터-을지로입구 1번출구 하행3,1F-B1,1번 출입구,사용가능,ES,2026-08-07T05:48:55Z
0202,을지로입구,승강기)에스컬레이터-을지로입구 1번출구 하행5,1F-B1,1번 출입구,사용가능,ES,2026-08-07T05:48:55Z
0202,을지로입구,승강기)에스컬레이터-을지로입구 8번출구 상행2,B1-1F,8번 출입구,사용가능,ES,2026-08-07T05:48:55Z
0202,을지로입구,승강기)에스컬레이터-을지로입구 8번출구 하행1,1F-B1,8번 출입구,사용가능,ES,2026-08-07T05:48:55Z
0202,을지로입구,승강기)엘리베이터-을지로입구 1번 출구측 외부#1,B1-1F,1번 출입구,사용가능,EV,2026-08-07T05:48:55Z
0202,을지로입구,승강기)엘리베이터-을지로입구 5번 출구측 외부#2,B1-1F,"5,6번 출입구 사이",사용가능,EV,2026-08-07T05:48:55Z
0202,을지로입구,승강기)엘리베이터-을지로입구 내선 6-2 내부#2,B2-B1,을지로3가 방면6-2,사용가능,EV,2026-08-07T05:48:55Z
0202,을지로입구,승강기)엘리베이터-을지로입구 외선 5-3 내부#1,B2-B1,시청 방면5-3,사용가능,EV,2026-08-07T05:48:55Z
0203,을지로3가(2),승강기)엘리베이터-을지로3가(2) 내선 3-2 내부#2,B2-B1,을지로4가 방면3-2,사용가능,EV,2026-08-07T05:48:55Z
0203,을지로3가(2),승강기)엘리베이터-을지로3가(2) 외선 8-3 내부#1,B2-B1,을지로입구 방면8-3,사용가능,EV,2026-08-07T05:48:55Z
0204,을지로4가(2),승강기)에스컬레이터-을지로4가(2) 5번 출입구 1,1F-B1,5번 출입구,사용가능,ES,2026-08-07T05:48:55Z
0204,을지로4가(2),승강기)에스컬레이터-을지로4가(2) 5번 출입구 2,B1-1F,5번 출입구,사용가능,ES,2026-08-07T05:48:55Z
0204,을지로4가(2),승강기)엘리베이터-을지로4가 8번 출구측 외부#1,B1-1F,8번 출입구,사용가능,EV,2026-08-07T05:48:55Z
0204,을지로4가(2),승강기)엘리베이터-을지로4가 내선 8-3 내부#2,B2-B1,동대문역사문화공원 방면8-3,사용가능,EV,2026-08-07T05:48:55Z
0204,을지로4가(2),승강기)엘리베이터-을지로4가 외선 3-2 내부#1,B2-B1,을지로3가 방면3-2,사용가능,EV,2026-08-07T05:48:55Z
0205,동대문역사문화공원(2),승강기)에스컬레이터-동역사(2) 3번출구 1호기,1F-B1,3번 출입구,사용가능,ES,2026-08-07T05:48:55Z
0205,동대문역사문화공원(2),승강기)에스컬레이터-동역사(2) 3번출구 2호기,B1-1F,3번 출입구,사용가능,ES,2026-08-07T05:48:55Z
0205,동대문역사문화공원(2),승강기)엘리베이터-동역사(2) 1번 출구측 외부#1,B1-1F,1번 출입구,사용가능,EV,2026-08-07T05:48:55Z
0205,동대문역사문화공원(2),승강기)엘리베이터-동역사(2) 내선 3-2 내부#2,B2-B1,신당 방면3-2,사용가능,EV,2026-08-07T05:48:55Z
0205,동대문역사문화공원(2),승강기)엘리베이터-동역사(2) 외선 8-3 내부#1,B2-B1,을지로4가 방면8-3,사용가능,EV,2026-08-07T05:48:55Z
0206,신당(2),승강기)에스컬레이터-신당(2) 3번출구 1호기,1F-B1,3번 출입구,사용가능,ES,2026-08-07T05:48:55Z
0206,신당(2),승강기)에스컬레이터-신당(2) 3번출구 2호기,B1-1F,3번 출입구,사용가능,ES,2026-08-07T05:48:55Z
0206,신당(2),승강기)엘리베이터-신당 2번 출구측 외부#1,B1-1F,2번 출입구,사용가능,EV,2026-08-07T05:48:55Z
0206,신당(2),승강기)엘리베이터-신당 내선 7-4 내부#2,B2-B1,상왕십리 방면7-4,사용가능,EV,2026-08-07T05:48:55Z
0206,신당(2),승강기)엘리베이터-신당 외선 3-4 내부#1,B2-B1,동대문역사문화공원 방면3-4,사용가능,EV,2026-08-07T05:48:55Z
0207,상왕십리,승강기)에스컬레이터-상왕십리 1-1번출구 5호기,B1-1F,1-1번 출입구,사용가능,ES,2026-08-07T05:48:55Z
0207,상왕십리,승강기)에스컬레이터-상왕십리 1-1번출구 6호기,B1-1F,1-1번 출입구,사용가능,ES,2026-08-07T05:48:55Z
0207,상왕십리,승강기)에스컬레이터-상왕십리 1-1번출구 7호기,B1-B2,1-1번 출입구,사용가능,ES,2026-08-07T05:48:55Z
0207,상왕십리,승강기)에스컬레이터-상왕십리 1-1번출구 8호기,B1-B2,1-1번 출입구,사용가능,ES,2026-08-07T05:48:55Z
0207,상왕십리,승강기)에스컬레이터-상왕십리 1번출구 1호기,1F-B1,1번 출입구,사용가능,ES,2026-08-07T05:48:55Z
0207,상왕십리,승강기)에스컬레이터-상왕십리 1번출구 2호기,B1-1F,1번 출입구,사용가능,ES,2026-08-07T05:48:55Z
0207,상왕십리,승강기)에스컬레이터-상왕십리 1번출구 3호기,B1-B2,1번 출입구,사용가능,ES,2026-08-07T05:48:55Z
0207,상왕십리,승강기)에스컬레이터-상왕십리 1번출구 4호기,B2-B1,1번 출입구,사용가능,ES,2026-08-07T05:48:55Z
0207,상왕십리,승강기)엘리베이터-상왕십리 내선 3-4 내부#2,B2-B1,왕십리 방면3-4,사용가능,EV,2026-08-07T05:48:55Z
0207,상왕십리,승강기)엘리베이터-상왕십리 외부#1,B1-1F,1-1번 출입구,사용가능,EV,2026-08-07T05:48:55Z
0207,상왕십리,승강기)엘리베이터-상왕십리 외선 8-1 내부#1,B2-B1,신당 방면8-1,사용가능,EV,2026-08-07T05:48:55Z
0208,왕십리(2),승강기)에스컬레이터-왕십리 3번출구 상행2,B1-1F,3번 출입구,사용가능,ES,2026-08-07T05:48:55Z
0208,왕십리(2),승강기)에스컬레이터-왕십리 3번출구 하행1,1F-B1,3번 출입구,사용가능,ES,2026-08-07T05:48:55Z
0208,왕십리(2),승강기)에스컬레이터-왕십리 내선 2-3 상행6,B2-B1,한양대 방면2-3,사용가능,ES,2026-08-07T05:48:55Z
0208,왕십리(2),승강기)에스컬레이터-왕십리 내선 2-3 하행5,B1-B2,한양대 방면2-3,사용가능,ES,2026-08-07T05:48:55Z
0208,왕십리(2),승강기)에스컬레이터-왕십리 내선 3-1 상행8,B2-B1,한양대 방면3-1,사용가능,ES,2026-08-07T05:48:55Z
0208,왕십리(2),승강기)에스컬레이터-왕십리 내선 3-1 하행7,B1-B2,한양대 방면3-1,사용가능,ES,2026-08-07T05:48:55Z
0208,왕십리(2),승강기)에스컬레이터-왕십리 외선 7-1 상행4,B2-B1,상왕십리 방면7-1,사용가능,ES,2026-08-07T05:48:55Z
0208,왕십리(2),승강기)에스컬레이터-왕십리 외선 7-7 하행3,B1-B2,상왕십리 방면7-1,사용가능,ES,2026-08-07T05:48:55Z
0208,왕십리(2),승강기)엘리베이터-왕십리 내선 3-4 내부#2,B3-B2,한양대 방면3-4,사용가능,EV,2026-08-07T05:48:55Z
0208,왕십리(2),승강기)엘리베이터-왕십리 외선 3-2 내부#1,B2-B1,상왕십리 방면3-2,사용가능,EV,2026-08-07T05:48:55Z
0209,한양대,승강기)에스컬레이터-한양대 1번출구 하행 1,1F-2F,1번 출입구,사용가능,ES,2026-08-07T05:48:55Z
0209,한양대,승강기)에스컬레이터-한양대 2번출구 상행 2,2F-1F,1번 출입구,사용가능,ES,2026-08-07T05:48:55Z
0209,한양대,승강기)엘리베이터-한양대 4번 출구(육교) 외부#1,1F-2F,4번 출입구(육교) 측,사용가능,EV,2026-08-07T05:48:55Z
0209,한양대,승강기)엘리베이터-한양대 섬식(외) 3-3 내부#1,1F-2F,왕십리 방면3-3,사용가능,EV,2026-08-07T05:48:55Z
0209,한양대,승강기)휠체어리프트-한양대 내부 내부1,1F-2F,뚝섬 방면8-2,사용가능,WL,2026-08-07T05:48:55Z
0210,뚝섬,승강기)에스컬레이터-뚝섬 2번 출구 3호기,1F-2F,2번 출입구,사용가능,ES,2026-08-07T05:48:55Z
0210,뚝섬,승강기)에스컬레이터-뚝섬 2번 출구 4호기,2F-1F,2번 출입구,사용가능,ES,2026-08-07T05:48:55Z
0210,뚝섬,승강기)에스컬레이터-뚝섬 3번 출구 7호기,1F-2F,3번 출입구,사용가능,ES,2026-08-07T05:48:55Z
0210,뚝섬,승강기)에스컬레이터-뚝섬 3번 출구 8호기,2F-1F,3번 출입구,사용가능,ES,2026-08-07T05:48:55Z
0210,뚝섬,승강기)에스컬레이터-뚝섬 5번 출구 1호기,1F-2F,5번 출입구,사용가능,ES,2026-08-07T05:48:55Z
0210,뚝섬,승강기)에스컬레이터-뚝섬 5번 출구 2호기,2F-1F,5번 출입구,사용가능,ES,2026-08-07T05:48:55Z
0210,뚝섬,승강기)에스컬레이터-뚝섬 8번 출구 5호기,1F-2F,8번 출입구,사용가능,ES,2026-08-07T05:48:55Z
0210,뚝섬,승강기)에스컬레이터-뚝섬 8번 출구 6호기,2F-1F,8번 출입구,사용가능,ES,2026-08-07T05:48:55Z
0210,뚝섬,승강기)엘리베이터-뚝섬 3번 출구측 외부#1,1F-2F,3번 출입구,사용가능,EV,2026-08-07T05:48:55Z
0210,뚝섬,승강기)엘리베이터-뚝섬 6번 출구측 외부#2,1F-2F,6번 출입구,사용가능,EV,2026-08-07T05:48:55Z
0210,뚝섬,승강기)엘리베이터-뚝섬 내선 7-1 내부#2,2F-3F,성수 방면7-1,사용가능,EV,2026-08-07T05:48:55Z
0210,뚝섬,승강기)엘리베이터-뚝섬 외선 7-1 내부#1,2F-3F,한양대 방면7-1,사용가능,EV,2026-08-07T05:48:55Z
0211,성수,승강기)에스컬레이터-성수 1번출구 1호기,1F-2F,1번 출입구,사용가능,ES,2026-08-07T05:48:55Z
0211,성수,승강기)에스컬레이터-성수 1번출구 2호기,2F-1F,1번 출입구,사용가능,ES,2026-08-07T05:48:55Z
0211,성수,승강기)에스컬레이터-성수 2번출구 3호기,1F-2F,2번 출입구,사용가능,ES,2026-08-07T05:48:55Z
0211,성수,승강기)에스컬레이터-성수 2번출구 4호기,2F-1F,2번 출입구,사용가능,ES,2026-08-07T05:48:55Z
0211,성수,승강기)에스컬레이터-성수 3번출구 5호기,2F-1F,3번 출입구,보수중,ES,2026-08-07T05:48:55Z
0211,성수,승강기)에스컬레이터-성수 3번출구 6호기,1F-2F,3번 출입구,사용가능,ES,2026-08-07T05:48:55Z
0211,성수,승강기)에스컬레이터-성수 4번출구 7호기,2F-1F,4번 출입구,사용가능,ES,2026-08-07T05:48:55Z
0211,성수,승강기)에스컬레이터-성수 4번출구 8호기,1F-2F,4번 출입구,사용가능,ES,2026-08-07T05:48:55Z
0211,성수,승강기)엘리베이터-성수 1번 출구측 외부#1,1F-2F,1번 출입구,사용가능,EV,2026-08-07T05:48:55Z
0211,성수,승강기)엘리베이터-성수 4번 출구측 외부#2,1F-2F,4번 출입구,사용가능,EV,2026-08-07T05:48:55Z
0211,성수,승강기)엘리베이터-성수 내선 4-4 내부#2,2F-3F,건대입구 방면4-4,사용가능,EV,2026-08-07T05:48:55Z
0211,성수,승강기)엘리베이터-성수 외선 7-1 내부#1,2F-3F,뚝섬 방면7-1,사용가능,EV,2026-08-07T05:48:55Z
0212,건대입구(2),승강기)에스컬레이터-건대입구 6번출구 상행2,1F-2F,6번 출입구,보수중,ES,2026-08-07T05:48:55Z
0212,건대입구(2),승강기)에스컬레이터-건대입구 6번출구 하행1,2F-1F,6번 출입구,보수중,ES,2026-08-07T05:48:55Z
0212,건대입구(2),승강기)엘리베이터-건대입구 7-3~6번 출구측 외부#1,1F-2F-3F,6번 출입구,사용가능,EV,2026-08-07T05:48:55Z
0212,건대입구(2),승강기)엘리베이터-건대입구 섬식(외)5-4 내부#1,2F-3F,성수 방면5-4,보수중,EV,2026-08-07T05:48:55Z
0213,구의,승강기)에스컬레이터-구의 1번출구 상행2,1F-2F,1번 출입구,사용가능,ES,2026-08-07T05:48:55Z
0213,구의,승강기)에스컬레이터-구의 1번출구 하행1,2F-1F,1번 출입구,사용가능,ES,2026-08-07T05:48:55Z
0213,구의,승강기)에스컬레이터-구의 2번출구 상행6,1F-2F,2번 출입구,사용가능,ES,2026-08-07T05:48:55Z
0213,구의,승강기)에스컬레이터-구의 2번출구 하행5,1F-2F,2번 출입구,사용가능,ES,2026-08-07T05:48:55Z
0213,구의,승강기)에스컬레이터-구의 4번출구 상행4,2F-1F,4번 출입구,사용가능,ES,2026-08-07T05:48:55Z
0213,구의,승강기)에스컬레이터-구의 4번출구 하행3,1F-2F,4번 출입구,사용가능,ES,2026-08-07T05:48:55Z
0213,구의,승강기)엘리베이터-구의 2번 출구측 외부#1,1F-2F-3F,2번 출입구,사용가능,EV,2026-08-07T05:48:55Z
0213,구의,승강기)엘리베이터-구의 섬식(외)4-3 내부#1,2F-3F,강변 방면4-3,사용가능,EV,2026-08-07T05:48:55Z
0214,강변,승강기)에스컬레이터-강변역 내부 1호기,1F-B2,잠실나루 방면9-1,사용가능,ES,2026-08-07T05:48:55Z
0214,강변,승강기)에스컬레이터-강변역 내부 2호기,2F-3F,잠실나루 방면9-1,사용가능,ES,2026-08-07T05:48:55Z
0214,강변,승강기)엘리베이터-강변 내선 7-3 내부#2,1F-2F,잠실나루 방면7-3,사용가능,EV,2026-08-07T05:48:55Z
0214,강변,승강기)엘리베이터-강변 외선 4-2 내부#1,1F-2F,구의 방면4-2,사용가능,EV,2026-08-07T05:48:55Z
0215,잠실나루,승강기)에스컬레이터-잠실나루 2번출구 3호기,2F-3F,강변 방면10-1,사용가능,ES,2026-08-07T05:48:55Z
0215,잠실나루,승강기)에스컬레이터-잠실나루 2번출구 4호기,2F-3F,잠실 방면1-4,사용가능,ES,2026-08-07T05:48:55Z
0215,잠실나루,승강기)에스컬레이터-잠실나루 내부 1호기,F3-지상,"대합실(2,3번 출입구)",사용가능,ES,2026-08-07T05:48:55Z
0215,잠실나루,승강기)에스컬레이터-잠실나루 내부 2호기,1F-2F,"대합실(2,3번 출입구)",사용가능,ES,2026-08-07T05:48:55Z
0215,잠실나루,승강기)엘리베이터-잠실나루 내선 8-1 내부#2,1F-2F,잠실 방면8-1,사용가능,EV,2026-08-07T05:48:55Z
0215,잠실나루,승강기)엘리베이터-잠실나루 외선 3-4 내부#1,1F-2F,강변 방면3-4,사용가능,EV,2026-08-07T05:48:55Z
0216,잠실(2),승강기)에스컬레이터-잠실 1번출구 상행4,B1-1F,1번 출입구,사용가능,ES,2026-08-07T05:48:55Z
0216,잠실(2),승강기)에스컬레이터-잠실 1번출구 하행3,1F-B1,1번 출입구,사용가능,ES,2026-08-07T05:48:55Z
0216,잠실(2),승강기)에스컬레이터-잠실 2번출구 상행6,B1-1F,2번 출입구,사용가능,ES,2026-08-07T05:48:55Z
0216,잠실(2),승강기)에스컬레이터-잠실 2번출구 하행5,1F-B1,2번 출입구,사용가능,ES,2026-08-07T05:48:55Z
0216,잠실(2),승강기)에스컬레이터-잠실 5번출구 상행2,B1-1F,5번 출입구,사용가능,ES,2026-08-07T05:48:55Z
0216,잠실(2),승강기)에스컬레이터-잠실 5번출구 하행1,1F-B1,5번 출입구,사용가능,ES,2026-08-07T05:48:55Z
0216,잠실(2),승강기)에스컬레이터-잠실(2) 내부 7호기,B1-B2,잠실새내 방면5-3,사용가능,ES,2026-08-07T05:48:55Z
0216,잠실(2),승강기)에스컬레이터-잠실(2) 내부 8호기,B2-B1,잠실새내 방면5-3,사용가능,ES,2026-08-07T05:48:55Z
0216,잠실(2),"승강기)엘리베이터-잠실 1,2번출구측 외부#2",B1-1F,1번 출입구,사용가능,EV,2026-08-07T05:48:55Z
0216,잠실(2),승강기)엘리베이터-잠실 6번 출구측 외부#1,B1-1F,6번 출입구,사용가능,EV,2026-08-07T05:48:55Z
0216,잠실(2),승강기)엘리베이터-잠실 내선 6-3 내부#2,B2-B1,잠실새내 방면6-3,사용가능,EV,2026-08-07T05:48:55Z
0216,잠실(2),승강기)엘리베이터-잠실 외선 5-2 내부#1,B2-B1,잠실나루 방면5-2,사용가능,EV,2026-08-07T05:48:55Z
0216,잠실(2),승강기)휠체어리프트-잠실 상가측 연결계단 내부1,B1-B1,잠실쇼핑센터 측 연결계단,사용가능,WL,2026-08-07T05:48:55Z
0217,잠실새내,승강기)에스컬레이터-잠실새내 1번출구 상행1,B1-1F,1번 출입구,사용가능,ES,2026-08-07T05:48:55Z
0217,잠실새내,승강기)에스컬레이터-잠실새내 2번출구 상행3,B1-1F,2번 출입구,사용가능,ES,2026-08-07T05:48:55Z
0217,잠실새내,승강기)에스컬레이터-잠실새내 2번출구 하행2,1F-B1,2번 출입구,사용가능,ES,2026-08-07T05:48:55Z
0217,잠실새내,승강기)에스컬레이터-잠실새내 5번출구 상행5,B1-1F,5번 출입구,사용가능,ES,2026-08-07T05:48:55Z
0217,잠실새내,승강기)에스컬레이터-잠실새내 5번출구 하행4,1F-B1,5번 출입구,사용가능,ES,2026-08-07T05:48:55Z
0217,잠실새내,승강기)에스컬레이터-잠실새내 6번출구 상행7,B1-1F,6번 출입구,사용가능,ES,2026-08-07T05:48:55Z
0217,잠실새내,승강기)에스컬레이터-잠실새내 6번출구 하행6,1F-B1,6번 출입구,사용가능,ES,2026-08-07T05:48:55Z
0217,잠실새내,승강기)에스컬레이터-잠실새내 7번출구 상행9,B1-1F,7번 출입구,사용가능,ES,2026-08-07T05:48:55Z
0217,잠실새내,승강기)에스컬레이터-잠실새내 7번출구 하행8,1F-B1,7번 출입구,사용가능,ES,2026-08-07T05:48:55Z
0217,잠실새내,승강기)에스컬레이터-잠실새내 8번출구 상행11,B1-1F,8번 출입구,사용가능,ES,2026-08-07T05:48:55Z
0217,잠실새내,승강기)에스컬레이터-잠실새내 8번출구 하행10,1F-B1,8번 출입구,사용가능,ES,2026-08-07T05:48:55Z
0217,잠실새내,승강기)엘리베이터-잠실새내 2번 출구측 외부#2,B1-1F,2번 출입구,사용가능,EV,2026-08-07T05:48:55Z
0217,잠실새내,승강기)엘리베이터-잠실새내 7번 출구측 외부#1,B1-1F,7번 출입구,사용가능,EV,2026-08-07T05:48:55Z
0217,잠실새내,승강기)엘리베이터-잠실새내 내선 4-1 내부#2,B2-B1,종합운동장 방면4-1,사용가능,EV,2026-08-07T05:48:55Z
0217,잠실새내,승강기)엘리베이터-잠실새내 외선 7-3 내부#1,B2-B1,잠실방면7-3,사용가능,EV,2026-08-07T05:48:55Z
0218,종합운동장(2),승강기)에스컬레이터-종합운동장 1번출구 4호기,1F-B1,1번 출입구,사용가능,ES,2026-08-07T05:48:55Z
0218,종합운동장(2),승강기)에스컬레이터-종합운동장 1번출구 5호기,B1-1F,1번 출입구,사용가능,ES,2026-08-07T05:48:55Z
0218,종합운동장(2),승강기)에스컬레이터-종합운동장 4번출구 1호기,1F-B1,4번 출입구,사용가능,ES,2026-08-07T05:48:55Z
0218,종합운동장(2),승강기)에스컬레이터-종합운동장 4번출구 2호기,B1-1F,4번 출입구,사용가능,ES,2026-08-07T05:48:55Z
0218,종합운동장(2),승강기)에스컬레이터-종합운동장 8번출구 3호기,B1-1F,8번 출입구,사용가능,ES,2026-08-07T05:48:55Z
0218,종합운동장(2),승강기)엘리베이터-종합운동장 6번 출구측 외부#1,B1-1F,6번 출입구,사용가능,EV,2026-08-07T05:48:55Z
0218,종합운동장(2),승강기)엘리베이터-종합운동장 내선 8-4 내부#2,B2-B1,삼성 방면8-4,사용가능,EV,2026-08-07T05:48:55Z
0218,종합운동장(2),승강기)엘리베이터-종합운동장 외선 2-4 내부#1,B2-B1,잠실새내 방면2-4,사용가능,EV,2026-08-07T05:48:55Z
0219,삼성,승강기)에스컬레이터-삼성 3번 출입구 1호기,1F-B1,3번 출입구,사용가능,ES,2026-08-07T05:48:55Z
0219,삼성,승강기)에스컬레이터-삼성 3번 출입구 2호기,B1-1F,3번 출입구,사용가능,ES,2026-08-07T05:48:55Z
0219,삼성,승강기)에스컬레이터-삼성 7번 출입구 3호기,1F-B1,7번 출입구,사용가능,ES,2026-08-07T05:48:55Z
0219,삼성,승강기)에스컬레이터-삼성 7번 출입구 4호기,B1-1F,7번 출입구,사용가능,ES,2026-08-07T05:48:55Z
0219,삼성,승강기)엘리베이터-삼성 1번 출구측 외부#1,B1-1F,1번 출입구,사용가능,EV,2026-08-07T05:48:55Z
0219,삼성,승강기)엘리베이터-삼성 4번 출구측 외부#4,B1-1F,4번 출입구,사용가능,EV,2026-08-07T05:48:55Z
0219,삼성,승강기)엘리베이터-삼성 6번 출구측 외부#2,B1-1F,6번 출입구,사용가능,EV,2026-08-07T05:48:55Z
0219,삼성,승강기)엘리베이터-삼성 8번 출구측 외부#3,B1-1F,8번 출입구,사용가능,EV,2026-08-07T05:48:55Z
0219,삼성,승강기)엘리베이터-삼성 섬식(외) 3-1 내부#1,B2-B1,"종합운동장 방면3-1, 선릉 방면8-4",사용가능,EV,2026-08-07T05:48:55Z
0219,삼성,승강기)휠체어리프트-삼성 코엑스연결계단 내부1,B1-B1,코액스 측 연결계단,보수중,WL,2026-08-07T05:48:55Z
0220,선릉(2),승강기)에스컬레이터-선릉 4번출구 상행2,B1-1F,4번 출입구,사용가능,ES,2026-08-07T05:48:55Z
0220,선릉(2),승강기)에스컬레이터-선릉 4번출구 하행1,1F-B1,4번 출입구,사용가능,ES,2026-08-07T05:48:55Z
0220,선릉(2),승강기)엘리베이터-선릉 10번 출구측 외부#3,B1-1F,10번 출입구,사용가능,EV,2026-08-07T05:48:55Z
0220,선릉(2),승강기)엘리베이터-선릉 1번 출구측 외부#1,B1-1F,1번 출입구,사용가능,EV,2026-08-07T05:48:55Z
0220,선릉(2),승강기)엘리베이터-선릉 5번 출구측 외부#2,B1-1F,5번 출입구,사용가능,EV,2026-08-07T05:48:55Z
0221,역삼,"승강기)에스컬레이터-역삼 1,2번출구 5호기",1F-B1,"1,2번 출입구 방면 통로",사용가능,ES,2026-08-07T05:48:55Z
0221,역삼,"승강기)에스컬레이터-역삼 1,2번출구 6호기",B1-1F,"1,2번 출입구 방면 통로",사용가능,ES,2026-08-07T05:48:55Z
0221,역삼,승강기)에스컬레이터-역삼 2번출구 13호기,1F-B1,2번 출입구,사용가능,ES,2026-08-07T05:48:55Z
0221,역삼,승강기)에스컬레이터-역삼 2번출구 14호기,B1-1F,2번 출입구,사용가능,ES,2026-08-07T05:48:55Z
0221,역삼,승강기)에스컬레이터-역삼 3번출구 10호기,B1-1F,3번 출입구,사용가능,ES,2026-08-07T05:48:55Z
0221,역삼,승강기)에스컬레이터-역삼 3번출구 9호기,1F-B1,3번 출입구,사용가능,ES,2026-08-07T05:48:55Z
0221,역삼,승강기)에스컬레이터-역삼 4번출구 11호기,1F-B1,4번 출입구,사용가능,ES,2026-08-07T05:48:55Z
0221,역삼,승강기)에스컬레이터-역삼 4번출구 12호기,B1-1F,4번 출입구,사용가능,ES,2026-08-07T05:48:55Z
0221,역삼,승강기)에스컬레이터-역삼 5~8번출구 7호기,1F-B1,5~8번 출입구 방면 통로,사용가능,ES,2026-08-07T05:48:55Z
0221,역삼,승강기)에스컬레이터-역삼 5~8번출구 8호기,B1-1F,5~8번 출입구 방면 통로,사용가능,ES,2026-08-07T05:48:55Z
0221,역삼,승강기)에스컬레이터-역삼 외부 1호기,1F-B1,"대합실(1,2,5,6,7,8번 출입구 방면)",사용가능,ES,2026-08-07T05:48:55Z
0221,역삼,승강기)에스컬레이터-역삼 외부 2호기,B1-1F,"대합실(1,2,5,6,7,8번 출입구 방면)",사용가능,ES,2026-08-07T05:48:55Z
0221,역삼,승강기)에스컬레이터-역삼 외부 3호기,1F-B1,"대합실(1,2,5,6,7,8번 출입구 방면)",사용가능,ES,2026-08-07T05:48:55Z
0221,역삼,승강기)에스컬레이터-역삼 외부 4호기,B1-1F,"대합실(1,2,5,6,7,8번 출입구 방면)",사용가능,ES,2026-08-07T05:48:55Z
0221,역삼,승강기)엘리베이터-역삼 3번 출구측 외부#1,B2-1F,3번 출입구,사용가능,EV,2026-08-07T05:48:55Z
0221,역삼,승강기)엘리베이터-역삼 4번 출구측 외부#2,B2-1F,4번 출입구,사용가능,EV,2026-08-07T05:48:55Z
0221,역삼,승강기)엘리베이터-역삼 내선 4-1 내부#2,B3-B2,강남 방면4-1,사용가능,EV,2026-08-07T05:48:55Z
0221,역삼,승강기)엘리베이터-역삼 외선 7-3 내부#1,B3-B2,선릉 방면7-3,사용가능,EV,2026-08-07T05:48:55Z
0222,강남(2),승강기)엘리베이터-강남 10번 출구측 외부#2,B1-1F,10번 출입구,사용가능,EV,2026-08-07T05:48:55Z
0222,강남(2),승강기)엘리베이터-강남 1번 출구측 외부#1,B1-1F,1번 출입구,사용가능,EV,2026-08-07T05:48:55Z
0222,강남(2),승강기)엘리베이터-강남 내선 3-4 내부#2,B2-B1,교대 방면3-4,사용가능,EV,2026-08-07T05:48:55Z
0222,강남(2),승강기)엘리베이터-강남 외선 8-1 내부#1,B2-B1,역삼 방면8-1,사용가능,EV,2026-08-07T05:48:55Z
0223,교대(2),승강기)에스컬레이터-교대(2) 11번 출입구 3호기,B1-1F,11번 출입구,사용가능,ES,2026-08-07T05:48:55Z
0223,교대(2),승강기)에스컬레이터-교대(2) 11번 출입구 4호기,1F-B1,11번 출입구,사용가능,ES,2026-08-07T05:48:55Z
0223,교대(2),승강기)에스컬레이터-교대(2) 6번출구 1호기,1F-B1,6번 출입구,사용가능,ES,2026-08-07T05:48:55Z
0223,교대(2),승강기)에스컬레이터-교대(2) 6번출구 2호기,B1-1F,6번 출입구,사용가능,ES,2026-08-07T05:48:55Z
0223,교대(2),승강기)엘리베이터-교대(2) 5번 출구측 외부#1,B1-1F,5번 출입구,사용가능,EV,2026-08-07T05:48:55Z
0223,교대(2),승강기)엘리베이터-교대(2) 내선 3-1 내부#2,B2-B1,서초 방면3-1,사용가능,EV,2026-08-07T05:48:55Z
0223,교대(2),승강기)엘리베이터-교대(2) 외선 8-4 내부#1,B2-B1,강남 방면8-4,사용가능,EV,2026-08-07T05:48:55Z
0224,서초,"승강기)에스컬레이터-서초 3,4번출구 상행8",B1-1F,"3,4번 출입구",사용가능,ES,2026-08-07T05:48:55Z
0224,서초,"승강기)에스컬레이터-서초 3,4번출구 하행7",1F-B1,"3,4번 출입구",사용가능,ES,2026-08-07T05:48:55Z
0224,서초,승강기)에스컬레이터-서초 3번출구 상행 4,B1-1F,3번 출입구,사용가능,ES,2026-08-07T05:48:55Z
0224,서초,승강기)에스컬레이터-서초 3번출구 하행 3,1F-B1,3번 출입구,사용가능,ES,2026-08-07T05:48:55Z
0224,서초,승강기)에스컬레이터-서초 4번출구 상행 6,B1-1F,4번 출입구,사용가능,ES,2026-08-07T05:48:55Z
0224,서초,승강기)에스컬레이터-서초 4번출구 하행 5,1F-B1,4번 출입구,사용가능,ES,2026-08-07T05:48:55Z
0224,서초,승강기)에스컬레이터-서초 6번출구 상행 2,B1-1F,6번 출입구,사용가능,ES,2026-08-07T05:48:55Z
0224,서초,승강기)에스컬레이터-서초 6번출구 하행 1,1F-B1,6번 출입구,사용가능,ES,2026-08-07T05:48:55Z
0224,서초,승강기)엘리베이터-서초  4번출구 외부#2,B1-1F,"3,4번 출입구",사용가능,EV,2026-08-07T05:48:55Z
0224,서초,승강기)엘리베이터-서초 1번 출구측 외부#1,B1-1F,1번 출입구,사용가능,EV,2026-08-07T05:48:55Z
0224,서초,승강기)엘리베이터-서초 내선 9-1 내부#2,B2-B1,방배 방면9-1,사용가능,EV,2026-08-07T05:48:55Z
0224,서초,승강기)엘리베이터-서초 외선 2-4 내부#1,B2-B1,교대 방면2-4,사용가능,EV,2026-08-07T05:48:55Z
0225,방배,승강기)에스컬레이터-방배 4번출구 1호기,1F-B1,4번 출입구,사용가능,ES,2026-08-07T05:48:55Z
0225,방배,승강기)에스컬레이터-방배 4번출구 2호기,B1-1F,4번 출입구,사용가능,ES,2026-08-07T05:48:55Z
0225,방배,승강기)엘리베이터-방배 3번 출구측 외부#1,B1-1F,3번 출입구,사용가능,EV,2026-08-07T05:48:55Z
0225,방배,승강기)엘리베이터-방배 내선 3-1 내부#2,B2-B1,사당 방면3-1,사용가능,EV,2026-08-07T05:48:55Z
0225,방배,승강기)엘리베이터-방배 외선 8-3 내부#1,B2-B1,서초 방면8-3,사용가능,EV,2026-08-07T05:48:55Z
0226,사당(2),승강기)에스컬레이터-사당(2) 14번출구 10호기,B1-1F,14번 출입구,사용가능,ES,2026-08-07T05:48:55Z
0226,사당(2),승강기)에스컬레이터-사당(2) 14번출구 9호기,1F-B1,14번 출입구,사용가능,ES,2026-08-07T05:48:55Z
0226,사당(2),승강기)에스컬레이터-사당(2) 5번출구 11호기,1F-B1,5번 출입구,사용가능,ES,2026-08-07T05:48:55Z
0226,사당(2),승강기)에스컬레이터-사당(2) 5번출구 12호기,B1-1F,5번 출입구,사용가능,ES,2026-08-07T05:48:55Z
0226,사당(2),승강기)에스컬레이터-사당(2) 내선(3-3) 5호기,B1-B2,낙성대 방면3-3,사용가능,ES,2026-08-07T05:48:55Z
0226,사당(2),승강기)에스컬레이터-사당(2) 내선(3-3) 6호기,B2-B1,낙성대 방면3-3,사용가능,ES,2026-08-07T05:48:55Z
0226,사당(2),승강기)에스컬레이터-사당(2) 내선(8-1) 7호기,B1-B2,낙성대 방면8-1,사용가능,ES,2026-08-07T05:48:55Z
0226,사당(2),승강기)에스컬레이터-사당(2) 내선(8-1) 8호기,B2-B1,낙성대 방면8-1,사용가능,ES,2026-08-07T05:48:55Z
0226,사당(2),승강기)에스컬레이터-사당(2) 외선(3-3) 1호기,B1-B2,방배 방면3-3,사용가능,ES,2026-08-07T05:48:55Z
0226,사당(2),승강기)에스컬레이터-사당(2) 외선(3-3) 2호기,B2-B1,방배 방면3-3,사용가능,ES,2026-08-07T05:48:55Z
0226,사당(2),승강기)에스컬레이터-사당(2) 외선(8-1) 3호기,B1-B2,방배 방면8-1,사용가능,ES,2026-08-07T05:48:55Z
0226,사당(2),승강기)에스컬레이터-사당(2) 외선(8-1) 4호기,B2-B1,방배 방면8-1,사용가능,ES,2026-08-07T05:48:55Z
0226,사당(2),승강기)에스컬레터-사당(2) E/S 1200형 13호기,1F-B1,8번 출입구,사용가능,ES,2026-08-07T05:48:55Z
0226,사당(2),승강기)에스컬레터-사당(2) E/S 1200형 14호기,B1-1F,8번 출입구,사용가능,ES,2026-08-07T05:48:55Z
0226,사당(2),승강기)엘리베이터-사당(2) 14번 출구측 외부#1,B1-1F,14번 출입구,사용가능,EV,2026-08-07T05:48:55Z
0226,사당(2),승강기)엘리베이터-사당(2) 6번 출구측 외부#2,B1-1F,6번 출입구,사용가능,EV,2026-08-07T05:48:55Z
0226,사당(2),승강기)엘리베이터-사당(2) 섬식(외)4-4 내부#1,B2-B1,방배 방면4-4,사용가능,EV,2026-08-07T05:48:55Z
0227,낙성대,승강기)에스컬레이터-낙성대 1번출구 상행4,B1-1F,1번 출입구,사용가능,ES,2026-08-07T05:48:55Z
0227,낙성대,승강기)에스컬레이터-낙성대 1번출구 하행3,1F-B1,1번 출입구,사용가능,ES,2026-08-07T05:48:55Z
0227,낙성대,승강기)에스컬레이터-낙성대 4번출구 상행2,B1-1F,4번 출입구,사용가능,ES,2026-08-07T05:48:55Z
0227,낙성대,승강기)에스컬레이터-낙성대 4번출구 하행1,1F-B1,4번 출입구,사용가능,ES,2026-08-07T05:48:55Z
0227,낙성대,승강기)에스컬레이터-낙성대 5번출구5,1F-B1,5번 출입구,사용가능,ES,2026-08-07T05:48:55Z
0227,낙성대,승강기)에스컬레이터-낙성대 5번출구6,B1-1F,5번 출입구,사용가능,ES,2026-08-07T05:48:55Z
0227,낙성대,승강기)에스컬레이터-낙성대 8번출구 에스컬레이터 7호기,B1-1F,8번 출입구,사용가능,ES,2026-08-07T05:48:55Z
0227,낙성대,승강기)에스컬레이터-낙성대 8번출구 에스컬레이터 8호기,1F-B1,8번 출입구,사용가능,ES,2026-08-07T05:48:55Z
0227,낙성대,승강기)엘리베이터-낙성대 6번 출구측 외부#1,B1-1F,6번 출입구,사용가능,EV,2026-08-07T05:48:55Z
0227,낙성대,승강기)엘리베이터-낙성대 내선 3-3 내부#2,B2-B1,서울대입구 방면3-3,사용가능,EV,2026-08-07T05:48:55Z
0227,낙성대,승강기)엘리베이터-낙성대 외선 8-2 내부#1,B2-B1,사당 방면8-2,사용가능,EV,2026-08-07T05:48:55Z
0228,서울대입구,승강기)에스컬레이터-서울대입구 3번출구 5호기,1F-B1,3번 출입구,사용가능,ES,2026-08-07T05:48:55Z
0228,서울대입구,승강기)에스컬레이터-서울대입구 3번출구 6호기,B1-1F,3번 출입구,사용가능,ES,2026-08-07T05:48:55Z
0228,서울대입구,승강기)에스컬레이터-서울대입구 4번출구 7호기,1F-B1,4번 출입구,사용가능,ES,2026-08-07T05:48:55Z
0228,서울대입구,승강기)에스컬레이터-서울대입구 4번출구 8호기,B1-1F,4번 출입구,사용가능,ES,2026-08-07T05:48:55Z
0228,서울대입구,승강기)에스컬레이터-서울대입구 내선(6-1) 2호기,B1-B2,"봉천 방면6-2, 낙성대 방면5-3",사용가능,ES,2026-08-07T05:48:55Z
0228,서울대입구,승강기)에스컬레이터-서울대입구 내선(9-1) 1호기,B2-B1,"봉천 방면8-4, 낙성대 방면2-4",사용가능,ES,2026-08-07T05:48:55Z
0228,서울대입구,승강기)에스컬레이터-서울대입구 외선(5-3) 3호기,B2-B1,"봉천 방면6-2, 낙성대 방면5-3",사용가능,ES,2026-08-07T05:48:55Z
0228,서울대입구,승강기)에스컬레이터-서울대입구 외선(9-1) 4호기,B1-B2,"봉천 방면2-4, 낙성대 방면8-4",사용가능,ES,2026-08-07T05:48:55Z
0228,서울대입구,승강기)엘리베이터-서울대입구 2번 출구측 외부#2,B1-1F,2번 출입구,사용가능,EV,2026-08-07T05:48:55Z
0228,서울대입구,승강기)엘리베이터-서울대입구 6번 출구측 외부#1,B1-1F,6번 출입구,사용가능,EV,2026-08-07T05:48:55Z
0228,서울대입구,승강기)엘리베이터-서울대입구 섬식(외)6-3 내부#1,B2-B1,"봉천 방면5-2, 낙성대 방면6-3",사용가능,EV,2026-08-07T05:48:55Z
0229,봉천,승강기)에스컬레이터-봉천 3번출구 3호기,1F-B1,3번 출입구,사용가능,ES,2026-08-07T05:48:55Z
0229,봉천,승강기)에스컬레이터-봉천 3번출구 4호기,B1-1F,3번 출입구,사용가능,ES,2026-08-07T05:48:55Z
0229,봉천,승강기)에스컬레이터-봉천 4번출구 7호기,1F-B1,4번 출입구,사용가능,ES,2026-08-07T05:48:55Z
0229,봉천,승강기)에스컬레이터-봉천 4번출구 8호기,B1-1F,4번 출입구,사용가능,ES,2026-08-07T05:48:55Z
0229,봉천,승강기)에스컬레이터-봉천 6번출구 5호기,1F-B1,6번 출입구,사용가능,ES,2026-08-07T05:48:55Z
0229,봉천,승강기)에스컬레이터-봉천 6번출구 6호기,B1-1F,6번 출입구,사용가능,ES,2026-08-07T05:48:55Z
0229,봉천,승강기)에스컬레이터-봉천 외선(5-3) 1호기,1F-B1,"서울대입구 방면6-2,신림 방면5-3",사용가능,ES,2026-08-07T05:48:55Z
0229,봉천,승강기)에스컬레이터-봉천 외선(6-2) 2호기,B1-1F,"서울대입구 방면5-3,신림 방면6-2",사용가능,ES,2026-08-07T05:48:55Z
0229,봉천,승강기)엘리베이터-봉천 4번 출구측 외부#1,B1-1F,4번 출입구,사용가능,EV,2026-08-07T05:48:55Z
0229,봉천,승강기)엘리베이터-봉천 섬식(외)6-3 내부#1,B2-B1,"서울대입구 방면6-3, 신림 방면5-1",사용가능,EV,2026-08-07T05:48:55Z
0230,신림,승강기)에스컬레이터-신림 2번출구 2호기,B1-1F,2번 출입구,사용가능,ES,2026-08-07T05:48:55Z
0230,신림,승강기)에스컬레이터-신림 2번출구 3호기,1F-B1,2번 출입구,사용가능,ES,2026-08-07T05:48:55Z
0230,신림,승강기)에스컬레이터-신림 4번출구 4호기,B1-1F,4번 출입구,사용가능,ES,2026-08-07T05:48:55Z
0230,신림,승강기)에스컬레이터-신림 4번출구 5호기,1F-B1,4번 출입구,사용가능,ES,2026-08-07T05:48:55Z
0230,신림,승강기)에스컬레이터-신림 5번 출구측 6호기,B1-1F,5번 출입구,보수중,ES,2026-08-07T05:48:55Z
0230,신림,승강기)에스컬레이터-신림 5번 출구측 7호기,1F-B1,5번 출입구,사용가능,ES,2026-08-07T05:48:55Z
0230,신림,승강기)에스컬레이터-신림 8번출구 8호기,1F-B1,8번 출입구,사용가능,ES,2026-08-07T05:48:55Z
0230,신림,승강기)에스컬레이터-신림 8번출구 9호기,B1-1F,8번 출입구,사용가능,ES,2026-08-07T05:48:55Z
0230,신림,승강기)엘리베이터-신림 1번 출구측 외부#1,B1-1F,1번 출입구,사용가능,EV,2026-08-07T05:48:55Z
0230,신림,승강기)엘리베이터-신림 5번 출구측 외부#2,B1-1F,5번 출입구,사용가능,EV,2026-08-07T05:48:55Z
0230,신림,승강기)엘리베이터-신림 섬식(외) 4-4 내부#1,B2-B1,"신대방 방면7-1, 봉천 방면4-4",사용가능,EV,2026-08-07T05:48:55Z
0231,신대방,승강기)에스컬레이터-신대방 내선(3-4) 1호기,3F-2F,신림 방면4-3,사용가능,ES,2026-08-07T05:48:55Z
0231,신대방,승강기)에스컬레이터-신대방 내선(3-4) 2호기,2F-3F,신림 방면4-3,사용가능,ES,2026-08-07T05:48:55Z
0231,신대방,승강기)에스컬레이터-신대방 내선(8-3) 3호기,3F-2F,신림 방면8-3,보수중,ES,2026-08-07T05:48:55Z
0231,신대방,승강기)에스컬레이터-신대방 내선(8-3) 4호기,2F-3F,신림 방면8-3,사용가능,ES,2026-08-07T05:48:55Z
0231,신대방,승강기)에스컬레이터-신대방 외선(3-1) 5호기,3F-2F,구로디지털 방면3-1,사용가능,ES,2026-08-07T05:48:55Z
0231,신대방,승강기)에스컬레이터-신대방 외선(3-1) 6호기,2F-3F,구로디지털 방면3-1,사용가능,ES,2026-08-07T05:48:55Z
0231,신대방,승강기)에스컬레이터-신대방 외선(7-1) 7호기,3F-2F,구로디지털 방면7-1,사용가능,ES,2026-08-07T05:48:55Z
0231,신대방,승강기)에스컬레이터-신대방 외선(7-1) 8호기,2F-3F,구로디지털 방면7-1,사용가능,ES,2026-08-07T05:48:55Z
0231,신대방,승강기)엘리베이터-신대방 1번 출구측 외부#1,1F-2F,1번 출입구,사용가능,EV,2026-08-07T05:48:55Z
0231,신대방,승강기)엘리베이터-신대방 내선 8-1 내부#2,2F-3F,구로디지털단지 방면8-1,사용가능,EV,2026-08-07T05:48:55Z
0231,신대방,승강기)엘리베이터-신대방 외선 3-4 내부#1,2F-3F,신림방면 3-4,사용가능,EV,2026-08-07T05:48:55Z
0232,구로디지털단지,승강기)에스컬레이터-구로디지털단지 2번출구 상행1,1F-2F,2번 출입구,사용가능,ES,2026-08-07T05:48:55Z
0232,구로디지털단지,승강기)에스컬레이터-구로디지털단지 3번출구 하행2,2F-1F,3번 출입구,사용가능,ES,2026-08-07T05:48:55Z
0232,구로디지털단지,승강기)에스컬레이터-구로디지털단지 5번출구 상행4,1F-2F,5번 출입구,사용가능,ES,2026-08-07T05:48:55Z
0232,구로디지털단지,승강기)에스컬레이터-구로디지털단지 5번출구 하행3,2F-1F,5번 출입구,사용가능,ES,2026-08-07T05:48:55Z
0232,구로디지털단지,"승강기)엘리베이터-구로디지털단지 #2,3출입구 외부엘리베이터 2호기",1F-2F,"2,3번 출입구 사이",사용가능,EV,2026-08-07T05:48:55Z
0232,구로디지털단지,승강기)엘리베이터-구로디지털단지 6번 출구측 외부#1,2F-3F,6번 출입구,사용가능,EV,2026-08-07T05:48:55Z
0232,구로디지털단지,승강기)엘리베이터-구로디지털단지 내선 7-4 내부#2,2F-3F,대림 방면7-4,사용가능,EV,2026-08-07T05:48:55Z
0232,구로디지털단지,승강기)엘리베이터-구로디지털단지 외선 3-4 내부#1,1F-2F,신대방 방면3-4,사용가능,EV,2026-08-07T05:48:55Z
0233,대림(2),승강기)에스컬레이터-대림 1번출구 상행2,1F-2F,1번 출입구,사용가능,ES,2026-08-07T05:48:55Z
0233,대림(2),승강기)에스컬레이터-대림 1번출구 하행1,2F-1F,1번 출입구,사용가능,ES,2026-08-07T05:48:55Z
0233,대림(2),승강기)에스컬레이터-대림 5번출구 상행6,1F-2F,5번 출입구,사용가능,ES,2026-08-07T05:48:55Z
0233,대림(2),승강기)에스컬레이터-대림 5번출구 하행5,2F-1F,5번 출입구,사용가능,ES,2026-08-07T05:48:55Z
0233,대림(2),승강기)에스컬레이터-대림 8번출구 상행4,1F-2F,8번 출입구,보수중,ES,2026-08-07T05:48:55Z
0233,대림(2),승강기)에스컬레이터-대림 8번출구 하행3,2F-1F,8번 출입구,사용가능,ES,2026-08-07T05:48:55Z
0233,대림(2),승강기)엘리베이터-대림 4번 출구측(육교) 외부#2,2F-3F,4번 출입구,사용가능,EV,2026-08-07T05:48:55Z
0233,대림(2),승강기)엘리베이터-대림 7번 출구측(육교) 외부#1,2F-3F,7번 출입구,사용가능,EV,2026-08-07T05:48:55Z
0233,대림(2),승강기)엘리베이터-대림 내선 8-3 내부#2,1F-2F,신도림 방면 8-3,사용가능,EV,2026-08-07T05:48:55Z
0233,대림(2),승강기)엘리베이터-대림 외선 3-2 내부#1,1F-2F,구로디지털단지역 방면 3-2,사용가능,EV,2026-08-07T05:48:55Z
0234,신도림(2),승강기)에스컬레이터-신도림 내부 1호기,B3-B2,대림 방면7-3,사용가능,ES,2026-08-07T05:48:55Z
0234,신도림(2),승강기)에스컬레이터-신도림 내부 2호기,B3-B2,대림 방면7-3,사용가능,ES,2026-08-07T05:48:55Z
0234,신도림(2),승강기)에스컬레이터-신도림 내부 3호기,B3-B2,문래 방면4-1,사용가능,ES,2026-08-07T05:48:55Z
0234,신도림(2),승강기)에스컬레이터-신도림 내부 4호기,B3-B2,대림 방면4-2,사용가능,ES,2026-08-07T05:48:55Z
0234,신도림(2),승강기)에스컬레이터-신도림 내부 5호기,B2-B3,대림 방면4-2,사용가능,ES,2026-08-07T05:48:55Z
0234,신도림(2),승강기)에스컬레이터-신도림 내부 6호기,B3-B2,대림 방면5-1,사용가능,ES,2026-08-07T05:48:55Z
0234,신도림(2),승강기)에스컬레이터-신도림 내부 7호기,B2-B3,대림 방면5-1,사용가능,ES,2026-08-07T05:48:55Z
0234,신도림(2),승강기)에스컬레이터-신도림 내부 8호기,B3-B2,대림 방면7-3,사용가능,ES,2026-08-07T05:48:55Z
0234,신도림(2),승강기)에스컬레이터-신도림 내부 9호기,B2-B3,대림 방면7-3,사용가능,ES,2026-08-07T05:48:55Z
0234,신도림(2),승강기)엘리베이터-신도림 1번 출구측 외부#1,B1-2F,1번 출입구,사용가능,EV,2026-08-07T05:48:55Z
0234,신도림(2),승강기)엘리베이터-신도림 2번 출구측 외부#2,B1-1F,3번 출입구,사용가능,EV,2026-08-07T05:48:55Z
0234,신도림(2),승강기)엘리베이터-신도림 섬식 3-2 내부#1,B2-B1,"대림 방면4-4, 문래 방면7-4",사용가능,EV,2026-08-07T05:48:55Z
0234,신도림(2),승강기)엘리베이터-신도림 섬식 4-4 내부#2,B2-B1,대림 방면3-2,사용가능,EV,2026-08-07T05:48:55Z
0235,문래,승강기)에스컬레이터-문래 1번출구 상행2,B1-1F,1번 출입구,사용가능,ES,2026-08-07T05:48:55Z
0235,문래,승강기)에스컬레이터-문래 1번출구 하행1,1F-B1,1번 출입구,사용가능,ES,2026-08-07T05:48:55Z
0235,문래,승강기)에스컬레이터-문래 2번출구 상행4,B1-1F,2번 출입구,사용가능,ES,2026-08-07T05:48:55Z
0235,문래,승강기)에스컬레이터-문래 2번출구 하행3,1F-B1,2번 출입구,사용가능,ES,2026-08-07T05:48:55Z
0235,문래,승강기)엘리베이터-문래 1번 출구측 외부#2,B1-1F,1번 출입구,사용가능,EV,2026-08-07T05:48:55Z
0235,문래,승강기)엘리베이터-문래 5번 출구측 외부#1,B1-1F,5번 출입구,사용가능,EV,2026-08-07T05:48:55Z
0235,문래,승강기)엘리베이터-문래 내선 4-1 내부#2,B2-B1,영등포구청 방면4-1,사용가능,EV,2026-08-07T05:48:55Z
0235,문래,승강기)엘리베이터-문래 외선 7-4 내부#1,B2-B1,신도림 방면7-4,사용가능,EV,2026-08-07T05:48:55Z
0236,영등포구청(2),승강기)에스컬레이터-영등포구청 1번출구 상행2,B1-1F,1번 출입구,사용가능,ES,2026-08-07T05:48:55Z
0236,영등포구청(2),승강기)에스컬레이터-영등포구청 1번출구 하행1,1F-B1,1번 출입구,사용가능,ES,2026-08-07T05:48:55Z
0236,영등포구청(2),승강기)에스컬레이터-영등포구청(2) 4번출입구 3호기,1F-B1,4번 출입구,사용가능,ES,2026-08-07T05:48:55Z
0236,영등포구청(2),승강기)에스컬레이터-영등포구청(2) 4번출입구 4호기,B1-1F,4번 출입구,사용가능,ES,2026-08-07T05:48:55Z
0236,영등포구청(2),승강기)엘리베이터-영등포구청 2번 출구측 외부#1,B1-1F,2번 출입구,사용가능,EV,2026-08-07T05:48:55Z
0236,영등포구청(2),승강기)엘리베이터-영등포구청 내선 3-1 내부#2,B2-B1,당산 방면3-1,사용가능,EV,2026-08-07T05:48:55Z
0236,영등포구청(2),승강기)엘리베이터-영등포구청 외선 8-4 내부#1,B2-B1,문래 방면8-4,사용가능,EV,2026-08-07T05:48:55Z
0236,영등포구청(2),승강기)엘리베이터-영등포구청(2) #5출입구 외부엘리베이터 2호기,B1-1F,5번 출입구,사용가능,EV,2026-08-07T05:48:55Z
0237,당산(2),승강기)에스컬레이터-당산 3번출구 상행1,B2-1F,3번 출입구,사용가능,ES,2026-08-07T05:48:55Z
0237,당산(2),승강기)엘리베이터-당산 3번 출구측 외부#2,1F-2F,3번 출입구,사용가능,EV,2026-08-07T05:48:55Z
0237,당산(2),승강기)엘리베이터-당산 4번 출구측 외부#1,1F-2F,4번 출입구,사용가능,EV,2026-08-07T05:48:55Z
0237,당산(2),승강기)엘리베이터-당산 내선 3-2 내부#2,2F-3F,합정 방면3-2,사용가능,EV,2026-08-07T05:48:55Z
0237,당산(2),승강기)엘리베이터-당산 외선 8-3 내부#1,2F-3F,영등포구청 방면8-3,사용가능,EV,2026-08-07T05:48:55Z
0238,합정(2),승강기)에스컬레이터-합정(2) 2번출구 3호기,1F-B2,2번 출입구,사용가능,ES,2026-08-07T05:48:55Z
0238,합정(2),승강기)에스컬레이터-합정(2) 2번출구 4호기,B2-1F,2번 출입구,사용가능,ES,2026-08-07T05:48:55Z
0238,합정(2),승강기)에스컬레이터-합정(2) 내부 1호기,B3-B2,당산 방면4-1,사용가능,ES,2026-08-07T05:48:55Z
0238,합정(2),승강기)에스컬레이터-합정(2) 내부 2호기,B3-B2,홍대입구 방면7-3,사용가능,ES,2026-08-07T05:48:55Z
0238,합정(2),승강기)엘리베이터-합정 1번 출구측 외부#2,B1-1F,"1,2번 출입구 사이",사용가능,EV,2026-08-07T05:48:55Z
0238,합정(2),승강기)엘리베이터-합정 4번 출구측 외부#1,B1-1F,"3,4번 출입구 사이",사용가능,EV,2026-08-07T05:48:55Z
0238,합정(2),승강기)엘리베이터-합정 내선 7-3 내부#2,B2-B1,홍대입구 방면7-3,사용가능,EV,2026-08-07T05:48:55Z
0238,합정(2),승강기)엘리베이터-합정 외선 4-1 내부#1,B2-B1,당산 방면4-1,사용가능,EV,2026-08-07T05:48:55Z
0239,홍대입구(2),승강기)에스컬레이터-홍대입구 1번출구 5호기,B2-B3,1번 출입구,사용가능,ES,2026-08-07T05:48:55Z
0239,홍대입구(2),승강기)에스컬레이터-홍대입구 1번출구 6호기,B3-B2,1번 출입구,사용가능,ES,2026-08-07T05:48:55Z
0239,홍대입구(2),승강기)에스컬레이터-홍대입구 1번출구 7호기,1F-B2,1번 출입구,사용가능,ES,2026-08-07T05:48:55Z
0239,홍대입구(2),승강기)에스컬레이터-홍대입구 1번출구 8호기,B2-1F,1번 출입구,사용가능,ES,2026-08-07T05:48:55Z
0239,홍대입구(2),승강기)에스컬레이터-홍대입구 2번출구 3호기,1F-B2,2번 출입구,사용가능,ES,2026-08-07T05:48:55Z
0239,홍대입구(2),승강기)에스컬레이터-홍대입구 2번출구 4호기,B2-1F,2번 출입구,사용가능,ES,2026-08-07T05:48:55Z
0239,홍대입구(2),승강기)에스컬레이터-홍대입구 내선(7-3) 1호기,B2-B3,"신촌 방면7-3, 합정 방면4-2",사용가능,ES,2026-08-07T05:48:55Z
0239,홍대입구(2),승강기)에스컬레이터-홍대입구 외선(4-1) 2호기,B3-B2,"합정 방면4-1, 신촌 방면7-4",사용가능,ES,2026-08-07T05:48:55Z
0239,홍대입구(2),승강기)엘리베이터-홍대입구 8번 출구측 외부#1,B1-1F,8번 출입구,사용가능,EV,2026-08-07T05:48:55Z
0239,홍대입구(2),승강기)엘리베이터-홍대입구 섬식(외)7-2 내부#1,B2-B1,"합정 방면7-2, 신촌 방면4-3",사용가능,EV,2026-08-07T05:48:55Z
0240,신촌,승강기)에스컬레이터-신촌 6번출구3,1F-B1,6번 출입구,사용가능,ES,2026-08-07T05:48:55Z
0240,신촌,승강기)에스컬레이터-신촌 6번출구4,B1-1F,6번 출입구,사용가능,ES,2026-08-07T05:48:55Z
0240,신촌,승강기)에스컬레이터-신촌 7번출구 상행2,B1-1F,7번 출입구,사용가능,ES,2026-08-07T05:48:55Z
0240,신촌,승강기)에스컬레이터-신촌 7번출구 하행1,1F-B1,7번 출입구,사용가능,ES,2026-08-07T05:48:55Z
0240,신촌,승강기)엘리베이터-신촌 4번 출구측 외부#1,B1-1F,4번 출입구,사용가능,EV,2026-08-07T05:48:55Z
0240,신촌,승강기)엘리베이터-신촌 6번 출구측 외부#2,B1-1F,6번 출입구,사용가능,EV,2026-08-07T05:48:55Z
0240,신촌,승강기)엘리베이터-신촌 내선 4-4 내부#2,B2-B1,이대 방면4-4,사용가능,EV,2026-08-07T05:48:55Z
0240,신촌,승강기)엘리베이터-신촌 외선 8-4 내부#1,B2-B1,홍대입구 방면6-4,사용가능,EV,2026-08-07T05:48:55Z
0241,이대,승강기)에스컬레이터-이대 내부 1호기,B2-B3,"아현 방면9-3, 신촌 방면2-2",사용가능,ES,2026-08-07T05:48:55Z
0241,이대,승강기)에스컬레이터-이대 내부 2호기,B3-B2,"신촌 방면2-2, 아현 방면9-3",사용가능,ES,2026-08-07T05:48:55Z
0241,이대,승강기)에스컬레이터-이대 내부 3호기,B2-B3,"아현 방면2-2, 신촌 방면9-3",사용가능,ES,2026-08-07T05:48:55Z
0241,이대,승강기)에스컬레이터-이대 내부 4호기,B3-B2,"신촌 방면9-3, 아현 방면2-2",사용가능,ES,2026-08-07T05:48:55Z
0241,이대,승강기)엘리베이터-이대 6번 출구측 외부#1,B1-1F,6번 출입구,사용가능,EV,2026-08-07T05:48:55Z
0241,이대,승강기)엘리베이터-이대 섬식(외)2-2 내부#1,B2-B1,"신촌 방면2-2, 아현 방면9-3",사용가능,EV,2026-08-07T05:48:55Z
0241,이대,승강기)엘리베이터-이대역 2번 출구측 외부#2,B1-1F,2번 출입구,사용가능,EV,2026-08-07T05:48:55Z
0242,아현,승강기)에스컬레이터-아현 1번출구 1호기,1F-B1,1번 출입구,사용가능,ES,2026-08-07T05:48:55Z
0242,아현,승강기)에스컬레이터-아현 1번출구 2호기,B1-1F,1번 출입구,사용가능,ES,2026-08-07T05:48:55Z
0242,아현,승강기)엘리베이터-아현 1번 출구측 외부#2,B1-1F,1번 출입구,사용가능,EV,2026-08-07T05:48:55Z
0242,아현,승강기)엘리베이터-아현 3번 출구측 외부#1,B1-1F,3번 출입구,사용가능,EV,2026-08-07T05:48:55Z
0242,아현,승강기)엘리베이터-아현 내선 4-3 내부#2,B2-B1,충정로 방면4-3,사용가능,EV,2026-08-07T05:48:55Z
0242,아현,승강기)엘리베이터-아현 외선 7-2 내부#1,B2-B1,이대 방면7-2,사용가능,EV,2026-08-07T05:48:55Z
0243,충정로(2),승강기)에스컬레이터-충정로(2) 내부 1호기,B2-B3,"시청 방면7-1, 아현 방면4-4",사용가능,ES,2026-08-07T05:48:55Z
0243,충정로(2),승강기)에스컬레이터-충정로(2) 내부 2호기,B3-B2,"아현 방면4-4, 시청 방면7-1",사용가능,ES,2026-08-07T05:48:55Z
0243,충정로(2),승강기)에스컬레이터-충정로(2) 내부 3호기,B1-B2,"1,2,5,6번 출입구",사용가능,ES,2026-08-07T05:48:55Z
0243,충정로(2),승강기)에스컬레이터-충정로(2) 내부 4호기,B2-B1,"1,2,5,6번 출입구",사용가능,ES,2026-08-07T05:48:55Z
0243,충정로(2),승강기)엘리베이터-충정로 5번 출구측 외부#1,B2-1F,5번 출입구,사용가능,EV,2026-08-07T05:48:55Z
0243,충정로(2),승강기)엘리베이터-충정로 섬식(외)2-1 내부#1,B3-B2,"아현 방면2-1, 시청 방면9-4",사용가능,EV,2026-08-07T05:48:55Z
0244,용답,승강기)엘리베이터-성수방면 3-3 내부2호기,2F-3F,성수방면3-3,사용가능,EV,2026-08-07T05:48:55Z
0244,용답,승강기)엘리베이터-신답방면 2-2 내부1호기,2F-3F,신답방면2-2,사용가능,EV,2026-08-07T05:48:55Z
0244,용답,승강기)휠체어리프트-용답 대합실 내부2,1F-2F,신답 방면1-4,사용가능,WL,2026-08-07T05:48:55Z
0245,신답,승강기)엘리베이터-신답 내선 3-2 내부#2,1F-2F,용답 방면3-2,사용가능,EV,2026-08-07T05:48:55Z
0245,신답,승강기)엘리베이터-신답 외선 2-4 내부#1,1F-2F,용두 방면2-4,사용가능,EV,2026-08-07T05:48:55Z
0246,신설동(2),승강기)엘리베이터-신설동(2) 9번 출구측 외부#1,B1-1F,9번 출입구,보수중,EV,2026-08-07T05:48:55Z
0246,신설동(2),승강기)엘리베이터-신설동(2) 섬식(외) 4-3 내부#1,B2-B1,신설동 방면4-4,사용가능,EV,2026-08-07T05:48:55Z
0246,신설동(2),엘리베이터-신설동(2) 외부 E/L 외부2,B2-1F,9번 출입구,사용가능,EV,2026-08-07T05:48:55Z
0247,도림천,승강기)엘리베이터-도림천 1~2번 출구측 외부#1,B3-B2-B1,양천구청 방면2-4,사용가능,EV,2026-08-07T05:48:55Z
0247,도림천,승강기)엘리베이터-도림천 섬식(지) 4-4 내부#1,B3-B2,신도림 방면4-4,사용가능,EV,2026-08-07T05:48:55Z
0248,양천구청,승강기)에스컬레이터-양천구청 1번 출입구 1호기,1F-B1,2번 출입구,사용가능,ES,2026-08-07T05:48:55Z
0248,양천구청,승강기)에스컬레이터-양천구청 1번 출입구 2호기,B1-1F,2번 출입구,사용가능,ES,2026-08-07T05:48:55Z
0248,양천구청,승강기)엘리베이터-양천구청 1번 출구측 외부#1,B1-1F,1번 출입구,사용가능,EV,2026-08-07T05:48:55Z
0248,양천구청,승강기)엘리베이터-양천구청 내선 3-3 내부#2,B2-B1,도림천 방면3-3,사용가능,EV,2026-08-07T05:48:55Z
0248,양천구청,승강기)엘리베이터-양천구청 외선 4-1 내부#1,B2-B1,신정네거리 방면4-1,사용가능,EV,2026-08-07T05:48:55Z
0249,신정네거리,승강기)에스컬레이터-신정네거리 1번출구 1호기,1F-B1,1번 출입구,사용가능,ES,2026-08-07T05:48:55Z
0249,신정네거리,승강기)에스컬레이터-신정네거리 1번출구 2호기,B1-1F,1번 출입구,사용가능,ES,2026-08-07T05:48:55Z
0249,신정네거리,승강기)에스컬레이터-신정네거리 2번출구 3호기,1F-B1,2번 출입구,사용가능,ES,2026-08-07T05:48:55Z
0249,신정네거리,승강기)에스컬레이터-신정네거리 2번출구 4호기,B1-1F,2번 출입구,사용가능,ES,2026-08-07T05:48:55Z
0249,신정네거리,"승강기)엘리베이터-신정네거리 2,3번출구측 외부#1",B2-1F,2번 출입구,사용가능,EV,2026-08-07T05:48:55Z
0249,신정네거리,승강기)엘리베이터-신정네거리 내선 3-4 내부#2,B3-B2,양천구청 방면3-4,사용가능,EV,2026-08-07T05:48:55Z
0249,신정네거리,승강기)엘리베이터-신정네거리 외선 4-1 내부#1,B3-B2,까치산 방면4-1,사용가능,EV,2026-08-07T05:48:55Z
0249,신정네거리,"승강기)휠체어리프트-신정네거리 2,3번 출구 내부1",B2-B3,"2,3번 출입구",사용가능,WL,2026-08-07T05:48:55Z
0250,용두,승강기)에스컬레이터-용두 1번출구 3호기,1F-B2,1번 출입구,사용가능,ES,2026-08-07T05:48:55Z
0250,용두,승강기)에스컬레이터-용두 1번출구 4호기,B2-1F,1번 출입구,사용가능,ES,2026-08-07T05:48:55Z
0250,용두,승강기)에스컬레이터-용두 2번출구 5호기,1F-B2,2번 출입구,사용가능,ES,2026-08-07T05:48:55Z
0250,용두,승강기)에스컬레이터-용두 2번출구 6호기,B2-1F,2번 출입구,사용가능,ES,2026-08-07T05:48:55Z
0250,용두,승강기)에스컬레이터-용두 3번출구 7호기,1F-B2,3번 출입구,사용가능,ES,2026-08-07T05:48:55Z
0250,용두,승강기)에스컬레이터-용두 3번출구 8호기,B2-1F,3번 출입구,사용가능,ES,2026-08-07T05:48:55Z
0250,용두,승강기)에스컬레이터-용두 4번출구 10호기,B2-1F,4번 출입구,사용가능,ES,2026-08-07T05:48:55Z
0250,용두,승강기)에스컬레이터-용두 4번출구 9호기,1F-B2,4번 출입구,사용가능,ES,2026-08-07T05:48:55Z
0250,용두,승강기)에스컬레이터-용두 5번출구 11호기,1F-B2,5번 출입구,사용가능,ES,2026-08-07T05:48:55Z
0250,용두,승강기)에스컬레이터-용두 5번출구 12호기,B2-1F,5번 출입구,사용가능,ES,2026-08-07T05:48:55Z
0250,용두,승강기)에스컬레이터-용두 성수방향(3-1) 2호기,B3-B2,신답 방면3-1,사용가능,ES,2026-08-07T05:48:55Z
0250,용두,승강기)에스컬레이터-용두 신설동방향(2-4) 1호기,B3-B2,신설동 방면2-4,사용가능,ES,2026-08-07T05:48:55Z
0250,용두,승강기)엘리베이터-용두 3번 출구측 외부#1,B1-1F,3번 출입구,사용가능,EV,2026-08-07T05:48:55Z
0250,용두,승강기)엘리베이터-용두 4번 출구측 외부#2,B1-1F,4번 출입구,사용가능,EV,2026-08-07T05:48:55Z
0250,용두,승강기)엘리베이터-용두 내선 4-3 내부#2,B2-B1,신답 방면1-1,사용가능,EV,2026-08-07T05:48:55Z
0250,용두,승강기)엘리베이터-용두 외선 1-1 내부#1,B2-B1,신설동 방면4-3,보수중,EV,2026-08-07T05:48:55Z
0309,지축,승강기)엘리베이터-지축 섬식(상) 2-1 내부#1,1F-2F,"삼송 방면9-3, 구파발 방면2-2",사용가능,EV,2026-08-07T05:48:55Z
0310,구파발,승강기)에스컬레이터-구파발 3번출구 1호기,1F-B1,3번 출입구,사용가능,ES,2026-08-07T05:48:55Z
0310,구파발,승강기)에스컬레이터-구파발 3번출구 2호기,B1-1F,3번 출입구,사용가능,ES,2026-08-07T05:48:55Z
0310,구파발,승강기)에스컬레이터-구파발역 2번출구 3호기,B1-1F,2번 출입구,사용가능,ES,2026-08-07T05:48:55Z
0310,구파발,승강기)에스컬레이터-구파발역 2번출구 4호기,1F-B1,2번 출입구,사용가능,ES,2026-08-07T05:48:55Z
0310,구파발,승강기)엘리베이터-구파발 1번 출구측 외부#1,B1-1F,1번 출입구,사용가능,EV,2026-08-07T05:48:55Z
0310,구파발,승강기)엘리베이터-구파발 섬식(상) 5-3 내부#1,B2-B1,"지축 방면5-3, 연신내 방면6-2",사용가능,EV,2026-08-07T05:48:55Z
0311,연신내(3),승강기)에스컬레이터-연신내(3) 2번출구 상행2,B1-1F,2번 출입구,사용가능,ES,2026-08-07T05:48:55Z
0311,연신내(3),승강기)에스컬레이터-연신내(3) 2번출구 하행1,1F-B1,2번 출입구,보수중,ES,2026-08-07T05:48:55Z
0311,연신내(3),승강기)에스컬레이터-연신내(3) 4번출구 상행4,B1-1F,4번 출입구,보수중,ES,2026-08-07T05:48:55Z
0311,연신내(3),승강기)에스컬레이터-연신내(3) 4번출구 하행3,1F-B1,4번 출입구,사용가능,ES,2026-08-07T05:48:55Z
0311,연신내(3),승강기)엘리베이터-연신내 섬식(상) 6-1 내부#1,B2-B1,"구파발 방면6-1, 불광 방면5-4",사용가능,EV,2026-08-07T05:48:55Z
0312,불광(3),승강기)에스컬레이터-불광(3) 5번출구 상행2,B1-1F,5번 출입구,사용가능,ES,2026-08-07T05:48:55Z
0312,불광(3),승강기)에스컬레이터-불광(3) 5번출구 하행1,1F-B1,5번 출입구,사용가능,ES,2026-08-07T05:48:55Z
0312,불광(3),승강기)엘리베이터-불광 1번 출구측 외부#1,B1-1F,1번 출입구,사용가능,EV,2026-08-07T05:48:55Z
0312,불광(3),승강기)엘리베이터-불광 상행 3-3 내부#1,B2-B1,연신내 방면3-3,사용가능,EV,2026-08-07T05:48:55Z
0312,불광(3),승강기)엘리베이터-불광 하행 8-2 내부#2,B2-B1,녹번 방면8-2,사용가능,EV,2026-08-07T05:48:55Z
0312,불광(3),승강기)엘리베이터-불광(3) 3번 출구측 외부#2,B1-1F,3번 출입구,사용가능,EV,2026-08-07T05:48:55Z
0313,녹번,승강기)에스컬레이터-녹번 1번출구 1호기,1F-B1,1번 출입구,사용가능,ES,2026-08-07T05:48:55Z
0313,녹번,승강기)에스컬레이터-녹번 1번출구 2호기,B1-1F,1번 출입구,사용가능,ES,2026-08-07T05:48:55Z
0313,녹번,승강기)엘리베이터-녹번 1번출구 외부#2,B1-1F,1번 출입구,사용가능,EV,2026-08-07T05:48:55Z
0313,녹번,승강기)엘리베이터-녹번 3번 출구측 외부#1,B1-1F,3번 출입구,사용가능,EV,2026-08-07T05:48:55Z
0313,녹번,승강기)엘리베이터-녹번 섬식(상) 3-1 내부#1,B2-B1,"불광 방면3-1, 홍제 방면8-4",사용가능,EV,2026-08-07T05:48:55Z
0314,홍제,승강기)엘리베이터-홍제 1번 출구측 외부#2,B1-1F,1번 출입구,사용가능,EV,2026-08-07T05:48:55Z
0314,홍제,승강기)엘리베이터-홍제 4번 출구측 외부#1,B2-1F,4번 출입구,사용가능,EV,2026-08-07T05:48:55Z
0314,홍제,승강기)엘리베이터-홍제 섬식(상) 3-4 내부#1,B3-B2,"녹번 방면3-4, 무악재 방면8-1",사용가능,EV,2026-08-07T05:48:55Z
0315,무악재,승강기)엘리베이터-무악재 1번 출구측 외부#1,B2-1F,1번 출입구,사용가능,EV,2026-08-07T05:48:55Z
0315,무악재,승강기)엘리베이터-무악재 상행 3-3 내부#1,B3-B2,홍제 방면3-3,사용가능,EV,2026-08-07T05:48:55Z
0315,무악재,승강기)엘리베이터-무악재 하행 8-2 내부#2,B3-B2,독립문 방면8-2,사용가능,EV,2026-08-07T05:48:55Z
0316,독립문,승강기)에스컬레이터-독립문 3-1번출구 5호기,1F-B1,3-1번 출입구,사용가능,ES,2026-08-07T05:48:55Z
0316,독립문,승강기)에스컬레이터-독립문 3-1번출구 6호기,B1-1F,3-1번 출입구,사용가능,ES,2026-08-07T05:48:55Z
0316,독립문,승강기)에스컬레이터-독립문 4번 출입구 7호기,1F-B1,4번 출입구,사용가능,ES,2026-08-07T05:48:55Z
0316,독립문,승강기)에스컬레이터-독립문 4번 출입구 8호기,B1-1F,4번 출입구,사용가능,ES,2026-08-07T05:48:55Z
0316,독립문,승강기)에스컬레이터-독립문 내부 1호기,B2-B3,"무악재 방면4-4, 경복궁 방면7-1",사용가능,ES,2026-08-07T05:48:55Z
0316,독립문,승강기)에스컬레이터-독립문 내부 2호기,B2-B3,"무악재 방면7-4, 경복궁 방면4-1",사용가능,ES,2026-08-07T05:48:55Z
0316,독립문,승강기)에스컬레이터-독립문 내부 3호기,B2-B1,대합실(5번 출입구),사용가능,ES,2026-08-07T05:48:55Z
0316,독립문,승강기)에스컬레이터-독립문 내부 4호기,B1-B2,대합실(5번 출입구),사용가능,ES,2026-08-07T05:48:55Z
0316,독립문,승강기)엘리베이터-독립문 4번 출구측 외부#1,B2-1F,4번 출입구,사용가능,EV,2026-08-07T05:48:55Z
0316,독립문,승강기)엘리베이터-독립문 섬식(상) 9-1 내부#1,B3-B2,"무악재 방면9-1, 경복궁 방면2-4",사용가능,EV,2026-08-07T05:48:55Z
0317,경복궁,승강기)에스컬레이터-경복궁 3-1번출구 10호기,B1-1F,3-1번 출입구,사용가능,ES,2026-08-07T05:48:55Z
0317,경복궁,승강기)에스컬레이터-경복궁 3-1번출구 9호기,1F-B1,3-1번 출입구,보수중,ES,2026-08-07T05:48:55Z
0317,경복궁,승강기)에스컬레이터-경복궁 내부 1호기,B2-B3,"안국 방면9-1, 독립문 방면2-4",보수중,ES,2026-08-07T05:48:55Z
0317,경복궁,승강기)에스컬레이터-경복궁 내부 2호기,B3-B2,"독립문 방면2-4, 안국 방면9-1",사용가능,ES,2026-08-07T05:48:55Z
0317,경복궁,승강기)에스컬레이터-경복궁 내부 3호기,B3-B2,"안국 방면3-2, 독립문 방면8-3",보수중,ES,2026-08-07T05:48:55Z
0317,경복궁,승강기)에스컬레이터-경복궁 내부 4호기,B2-B3,"안국 방면3-2, 독립문 방면8-3",사용가능,ES,2026-08-07T05:48:55Z
0317,경복궁,승강기)에스컬레이터-경복궁 내부 5호기,B1-B2,대합실(E계단),사용가능,ES,2026-08-07T05:48:55Z
0317,경복궁,승강기)에스컬레이터-경복궁 내부 6호기,B2-B1,대합실(E계단),사용가능,ES,2026-08-07T05:48:55Z
0317,경복궁,승강기)에스컬레이터-경복궁 내부 7호기,B1-B2,대합실(H계단),사용가능,ES,2026-08-07T05:48:55Z
0317,경복궁,승강기)에스컬레이터-경복궁 내부 8호기,B2-B1,대합실(H계단),사용가능,ES,2026-08-07T05:48:55Z
0317,경복궁,승강기)엘리베이터-경복궁 4번 출구측 외부#1,B2-1F,4번 출입구,사용가능,EV,2026-08-07T05:48:55Z
0317,경복궁,승강기)엘리베이터-경복궁 섬식(상) 6-2 내부#1,B3-B2,"독립문 방면6-2, 안국 방면5-3",사용가능,EV,2026-08-07T05:48:55Z
0318,안국,승강기)에스컬레이터-안국 5번출구 10호기,B1-1F,5번 출입구,사용가능,ES,2026-08-07T05:48:55Z
0318,안국,승강기)에스컬레이터-안국 5번출구 9호기,1F-B1,5번 출입구,사용가능,ES,2026-08-07T05:48:55Z
0318,안국,승강기)에스컬레이터-안국 내부 1호기,B3-B4,"종로3가 방면7-2, 경복궁 방면4-3",사용가능,ES,2026-08-07T05:48:55Z
0318,안국,승강기)에스컬레이터-안국 내부 2호기,B4-B3,"경복궁 방면4-3, 종로3가 방면7-2",사용가능,ES,2026-08-07T05:48:55Z
0318,안국,승강기)에스컬레이터-안국 내부 3호기,B3-B4,"종로3가 방면4-4, 경복궁 방면7-1",사용가능,ES,2026-08-07T05:48:55Z
0318,안국,승강기)에스컬레이터-안국 내부 4호기,B4-B3,"경복궁 방면7-1, 종로3가 방면4-4",사용가능,ES,2026-08-07T05:48:55Z
0318,안국,승강기)에스컬레이터-안국 내부 5호기,B2-B3,대합실(5-1번 출입구),사용가능,ES,2026-08-07T05:48:55Z
0318,안국,승강기)에스컬레이터-안국 내부 6호기,B3-B2,대합실(5-1번 출입구),사용가능,ES,2026-08-07T05:48:55Z
0318,안국,승강기)에스컬레이터-안국 내부 7호기,B2-B3,"대합실(2,3,4,5번 출입구)",사용가능,ES,2026-08-07T05:48:55Z
0318,안국,승강기)에스컬레이터-안국 내부 8호기,B3-B2,"대합실(2,3,4,5번 출입구)",사용가능,ES,2026-08-07T05:48:55Z
0318,안국,승강기)엘리베이터-안국 6번 출구측 외부#1,B2-1F,6번 출입구,사용가능,EV,2026-08-07T05:48:55Z
0318,안국,승강기)엘리베이터-안국 섬식(상) 3-2 내부#1,B3-B2,"경복궁 방면3-2, 종로3가 방면8-3",사용가능,EV,2026-08-07T05:48:55Z
0319,종로3가(3),승강기)무빙워크-종로3가(3) 1호선연결통로 1,B3-B3,환승통로(1호선 방면),사용가능,MW,2026-08-07T05:48:55Z
0319,종로3가(3),승강기)무빙워크-종로3가(3) 5호선연결통로 2,B3-B3,환승통로(5호선 방면),사용가능,MW,2026-08-07T05:48:55Z
0319,종로3가(3),승강기)에스컬레이터-종로3가(3) 1호선연결통로 2호기,B4-B2,환승통로(을지로3가 방면1-1 안국 방면10-4),사용가능,ES,2026-08-07T05:48:55Z
0319,종로3가(3),승강기)에스컬레이터-종로3가(3) 2-1출구 6호기,B3-B1,환승통로(3호선 방면),보수중,ES,2026-08-07T05:48:55Z
0319,종로3가(3),"승강기)에스컬레이터-종로3가(3) 3,5연결통로 3호기",B1-B3,환승통로(5호선 방면),사용가능,ES,2026-08-07T05:48:55Z
0319,종로3가(3),"승강기)에스컬레이터-종로3가(3) 3,5연결통로 4호기",B3-B1,환승통로(5호선 방면),사용가능,ES,2026-08-07T05:48:55Z
0319,종로3가(3),승강기)에스컬레이터-종로3가(3) 3호선연결통 5호기,B1-B3,환승통로(안국 방면9-1 을지로3가 방면2-4),사용가능,ES,2026-08-07T05:48:55Z
0319,종로3가(3),승강기)에스컬레이터-종로3가(3) 3호선연결통로 1호기,B2-B4,환승통로(을지로3가 방면1-1 안국 방면10-4),사용가능,ES,2026-08-07T05:48:55Z
0319,종로3가(3),승강기)엘리베이터-종로3가(3) 7번 출구측 외부#1,B1-1F,8번 출입구,사용가능,EV,2026-08-07T05:48:55Z
0319,종로3가(3),승강기)엘리베이터-종로3가(3) 섬식(상) 4-4 내부#1,B4-B2,"안국 방면4-3, 을지로3가 방면7-1",사용가능,EV,2026-08-07T05:48:55Z
0320,을지로3가(3),승강기)에스컬레이터-을지로3가(3) 내부 1호기,B3-B2,"종로3가 방면4-2, 충무로 방면7-4",사용가능,ES,2026-08-07T05:48:55Z
0320,을지로3가(3),승강기)에스컬레이터-을지로3가(3) 내부 2호기,B3-B2,"충무로 방면4-3, 종로3가 방면7-2",사용가능,ES,2026-08-07T05:48:55Z
0320,을지로3가(3),승강기)엘리베이터-을지로3가(3) 10번 출구측 외부#1,B1-1F,10번 출입구,사용가능,EV,2026-08-07T05:48:55Z
0320,을지로3가(3),승강기)엘리베이터-을지로3가(3) 섬식(상) 6-3 내부#1,B3-B2-B1,"종로3가 방면6-3, 충무로 방면5-2",사용가능,EV,2026-08-07T05:48:55Z
0322,동대입구,승강기)에스컬레이터-동대입구 5번출구 상행 4,B1-1F,5번 출입구,사용가능,ES,2026-08-07T05:48:55Z
0322,동대입구,승강기)에스컬레이터-동대입구 5번출구 하행 3,1F-B1,5번 출입구,사용가능,ES,2026-08-07T05:48:55Z
0322,동대입구,승강기)에스컬레이터-동대입구 6번출구 상행 2,B2-1F,6번 출입구,사용가능,ES,2026-08-07T05:48:55Z
0322,동대입구,승강기)에스컬레이터-동대입구 6번출구 하행 1,1F-B2,6번 출입구,사용가능,ES,2026-08-07T05:48:55Z
0322,동대입구,승강기)엘리베이터-동대입구 2번 출구측 외부#2,B2-1F,2번 출입구,사용가능,EV,2026-08-07T05:48:55Z
0322,동대입구,승강기)엘리베이터-동대입구 5번 출구쪽 내부#2,B2-B1,"대합실(F계단 측, 3~5번 출입구 방향)",사용가능,EV,2026-08-07T05:48:55Z
0322,동대입구,승강기)엘리베이터-동대입구 6번 출구측 외부#1,B2-1F,6번 출입구,사용가능,EV,2026-08-07T05:48:55Z
0322,동대입구,승강기)엘리베이터-동대입구 섬식(상) 3-3 내부#1,B3-B2,"충무로 방면3-1, 약수 방면8-4",사용가능,EV,2026-08-07T05:48:55Z
0323,약수(3),승강기)에스컬레이터-약수 5번출구 상행2,B1-1F,5번 출입구,사용가능,ES,2026-08-07T05:48:55Z
0323,약수(3),승강기)에스컬레이터-약수 5번출구 하행1,1F-B1,5번 출입구,사용가능,ES,2026-08-07T05:48:55Z
0323,약수(3),승강기)엘리베이터-약수 3번 출구측 외부#1,B1-1F,3번 출입구,사용가능,EV,2026-08-07T05:48:55Z
0323,약수(3),승강기)엘리베이터-약수 섬식(상) 8-4 내부#1,B2-B1,"동대입구 방면8-4, 금호 방면3-1",보수중,EV,2026-08-07T05:48:55Z
0324,금호,승강기)에스컬레이터-금호 2번출구 상행2,B1-1F,3번 출입구,사용가능,ES,2026-08-07T05:48:55Z
0324,금호,승강기)에스컬레이터-금호 2번출구 하행1,1F-B1,3번 출입구,사용가능,ES,2026-08-07T05:48:55Z
0324,금호,승강기)에스컬레이터-금호 3번출구 상행4,B1-1F,2번 출입구,사용가능,ES,2026-08-07T05:48:55Z
0324,금호,승강기)에스컬레이터-금호 3번출구 하행3,1F-B1,2번 출입구,사용가능,ES,2026-08-07T05:48:55Z
0324,금호,승강기)에스컬레이터-금호 4번 출입구 상행 6호기,B1-1F,4번 출입구,사용가능,ES,2026-08-07T05:48:55Z
0324,금호,승강기)에스컬레이터-금호 4번 출입구 하행 5호기,1F-B1,4번 출입구,사용가능,ES,2026-08-07T05:48:55Z
0324,금호,승강기)엘리베이터-금호 2번 출구측 외부#1,B1-1F,2번 출입구,사용가능,EV,2026-08-07T05:48:55Z
0324,금호,승강기)엘리베이터-금호 3번출구측 외부#2,B1-1F,3번 출입구 측,사용가능,EV,2026-08-07T05:48:55Z
0324,금호,승강기)엘리베이터-금호 섬식(상) 3-2 내부#1,B2-B1,"약수 방면3-2, 옥수 방면8-3",사용가능,EV,2026-08-07T05:48:55Z
0325,옥수(3),승강기)에스컬레이터-옥수(3) 3번출구 3호기,1F-2F,3번 출입구,사용가능,ES,2026-08-07T05:48:55Z
0325,옥수(3),승강기)에스컬레이터-옥수(3) 3번출구 4호기,2F-1F,3번 출입구,사용가능,ES,2026-08-07T05:48:55Z
0325,옥수(3),승강기)에스컬레이터-옥수(3) 4번출구 1호기,2F-1F,4번 출입구,사용가능,ES,2026-08-07T05:48:55Z
0325,옥수(3),승강기)에스컬레이터-옥수(3) 4번출구 2호기,1F-2F,4번 출입구,사용가능,ES,2026-08-07T05:48:55Z
0325,옥수(3),"승강기)엘리베이터-옥수 4,5번출구측 외부#1",1F-2F,"5,6번 출입구",사용가능,EV,2026-08-07T05:48:55Z
0325,옥수(3),승강기)엘리베이터-옥수 상행 10-1 내부#1,2F-3F,금호 방면10-1,사용가능,EV,2026-08-07T05:48:55Z
0325,옥수(3),승강기)엘리베이터-옥수 하행 1-2 내부#2,2F-3F,압구정 방면1-2,사용가능,EV,2026-08-07T05:48:55Z
0326,압구정,승강기)에스컬레이터-압구정 1번출구 상행2,B1-1F,5번 출입구,사용가능,ES,2026-08-07T05:48:55Z
0326,압구정,승강기)에스컬레이터-압구정 1번출구 하행1,1F-B1,1번 출입구,사용가능,ES,2026-08-07T05:48:55Z
0326,압구정,승강기)에스컬레이터-압구정 3번 출입구 6호기,1F-BM1,3번 출입구,사용가능,ES,2026-08-07T05:48:55Z
0326,압구정,승강기)에스컬레이터-압구정 3번 출입구 7호기,BM1-1F,3번 출입구,사용가능,ES,2026-08-07T05:48:55Z
0326,압구정,승강기)에스컬레이터-압구정 3번출구 상행4,1F-B1,3번 출입구,사용가능,ES,2026-08-07T05:48:55Z
0326,압구정,승강기)에스컬레이터-압구정 3번출구 하행5,B2-B1,3번 출입구,사용가능,ES,2026-08-07T05:48:55Z
0326,압구정,승강기)에스컬레이터-압구정 5번출구 상행3,B1-1F,1번 출입구,사용가능,ES,2026-08-07T05:48:55Z
0326,압구정,승강기)에스컬레이터-압구정 6번출구 상행8,B1-1F,6번 출입구,사용가능,ES,2026-08-07T05:48:55Z
0326,압구정,승강기)에스컬레이터-압구정 6번출구 하행9,1F-B1,6번 출입구,사용가능,ES,2026-08-07T05:48:55Z
0326,압구정,승강기)엘리베이터-압구정 2번 출구측 외부#2,B1-1F,3번 출입구,사용가능,EV,2026-08-07T05:48:55Z
0326,압구정,승강기)엘리베이터-압구정 상행 8-2 내부#1,B2-B1,옥수 방면8-2,사용가능,EV,2026-08-07T05:48:55Z
0326,압구정,승강기)엘리베이터-압구정 외부#1,B1-1F,2번 출입구,사용가능,EV,2026-08-07T05:48:55Z
0326,압구정,승강기)엘리베이터-압구정 하행 3-2 내부#2,B2-B1,신사 방면3-2,사용가능,EV,2026-08-07T05:48:55Z
0327,신사,승강기)에스컬레이터-신사 5번출구 상행4,B1-1F,5번 출입구,사용가능,ES,2026-08-07T05:48:55Z
0327,신사,승강기)에스컬레이터-신사 5번출구 상행6,B1-1F,5번 출입구,보수중,ES,2026-08-07T05:48:55Z
0327,신사,승강기)에스컬레이터-신사 5번출구 하행3,1F-B1,5번 출입구,사용가능,ES,2026-08-07T05:48:55Z
0327,신사,승강기)에스컬레이터-신사 5번출구 하행5,1F-B1,5번 출입구,사용가능,ES,2026-08-07T05:48:55Z
0327,신사,승강기)에스컬레이터-신사 8번출구 상행2,B1-1F,8번 출입구,사용가능,ES,2026-08-07T05:48:55Z
0327,신사,승강기)에스컬레이터-신사 8번출구 하행1,1F-B1,8번 출입구,사용가능,ES,2026-08-07T05:48:55Z
0327,신사,승강기)엘리베이터-신사 1번 출구측 외부#1,B1-1F,1번 출입구,사용가능,EV,2026-08-07T05:48:55Z
0327,신사,승강기)엘리베이터-신사 8번 출구측 외부#2,B1-1F,8번 출입구,사용가능,EV,2026-08-07T05:48:55Z
0327,신사,승강기)엘리베이터-신사 상행 3-1 내부#1,B2-B1,압구정 방면3-1,사용가능,EV,2026-08-07T05:48:55Z
0327,신사,승강기)엘리베이터-신사 하행 8-3 내부#2,B2-B1,잠원 방면8-3,사용가능,EV,2026-08-07T05:48:55Z
0328,잠원,승강기)에스컬레이터-잠원 2번출구 1호기,B1-1F,2번 출입구,사용가능,ES,2026-08-07T05:48:55Z
0328,잠원,승강기)에스컬레이터-잠원 2번출구 2호기,1F-B1,2번 출입구,사용가능,ES,2026-08-07T05:48:55Z
0328,잠원,승강기)엘리베이터-잠원 1번 출구측 외부#1,B1-1F,1번 출입구,보수중,EV,2026-08-07T05:48:55Z
0328,잠원,승강기)엘리베이터-잠원 상행 3-3 내부#1,B2-B1,신사 방면3-3,사용가능,EV,2026-08-07T05:48:55Z
0328,잠원,승강기)엘리베이터-잠원 하행 8-2 내부#2,B2-B1,고속터미널 방면8-2,사용가능,EV,2026-08-07T05:48:55Z
0329,고속터미널(3),승강기)에스컬레이터-고속터미널 내부 10호기,B2-B3,교대 방면2-3,사용가능,ES,2026-08-07T05:48:55Z
0329,고속터미널(3),승강기)에스컬레이터-고속터미널 내부 11호기,B2-B3,교대 방면4-3,사용가능,ES,2026-08-07T05:48:55Z
0329,고속터미널(3),승강기)에스컬레이터-고속터미널 내부 12호기,B3-B2,교대 방면4-3,사용가능,ES,2026-08-07T05:48:55Z
0329,고속터미널(3),승강기)에스컬레이터-고속터미널 내부 13호기,B2-B3,교대 방면7-2,사용가능,ES,2026-08-07T05:48:55Z
0329,고속터미널(3),승강기)에스컬레이터-고속터미널 내부 14호기,B3-B2,교대 방면7-2,사용가능,ES,2026-08-07T05:48:55Z
0329,고속터미널(3),승강기)에스컬레이터-고속터미널 내부 15호기,B2-B3,교대 방면9-2,사용가능,ES,2026-08-07T05:48:55Z
0329,고속터미널(3),승강기)에스컬레이터-고속터미널 내부 16호기,B3-B2,교대 방면9-2,보수중,ES,2026-08-07T05:48:55Z
0329,고속터미널(3),승강기)에스컬레이터-고속터미널 내부 17호기,B1-B2,환승통로(경부선 방면),사용가능,ES,2026-08-07T05:48:55Z
0329,고속터미널(3),승강기)에스컬레이터-고속터미널 내부 18호기,B2-B1,환승통로(경부선 방면),사용가능,ES,2026-08-07T05:48:55Z
0329,고속터미널(3),승강기)에스컬레이터-고속터미널 내부 19호기,B1-B2,환승통로(경부선 방면),사용가능,ES,2026-08-07T05:48:55Z
0329,고속터미널(3),승강기)에스컬레이터-고속터미널 내부 1호기,B2-B3,잠원 방면2-3,사용가능,ES,2026-08-07T05:48:55Z
0329,고속터미널(3),승강기)에스컬레이터-고속터미널 내부 20호기,B2-B1,환승통로(경부선 방면),사용가능,ES,2026-08-07T05:48:55Z
0329,고속터미널(3),승강기)에스컬레이터-고속터미널 내부 21호기,B1-B2,환승통로(경부선 방면),사용가능,ES,2026-08-07T05:48:55Z
0329,고속터미널(3),승강기)에스컬레이터-고속터미널 내부 22호기,B2-B1,환승통로(경부선 방면),사용가능,ES,2026-08-07T05:48:55Z
0329,고속터미널(3),승강기)에스컬레이터-고속터미널 내부 23호기,B1-B2,환승통로(경부선 방면),사용가능,ES,2026-08-07T05:48:55Z
0329,고속터미널(3),승강기)에스컬레이터-고속터미널 내부 24호기,B2-B1,환승통로(경부선 방면),사용가능,ES,2026-08-07T05:48:55Z
0329,고속터미널(3),승강기)에스컬레이터-고속터미널 내부 2호기,B3-B2,잠원 방면2-3,사용가능,ES,2026-08-07T05:48:55Z
0329,고속터미널(3),승강기)에스컬레이터-고속터미널 내부 3호기,B3-B2,잠원 방면4-3,사용가능,ES,2026-08-07T05:48:55Z
0329,고속터미널(3),승강기)에스컬레이터-고속터미널 내부 4호기,B2-B3,잠원 방면4-3,사용가능,ES,2026-08-07T05:48:55Z
0329,고속터미널(3),승강기)에스컬레이터-고속터미널 내부 5호기,B2-B3,잠원 방면7-2,사용가능,ES,2026-08-07T05:48:55Z
0329,고속터미널(3),승강기)에스컬레이터-고속터미널 내부 6호기,B3-B2,잠원 방면7-2,사용가능,ES,2026-08-07T05:48:55Z
0329,고속터미널(3),승강기)에스컬레이터-고속터미널 내부 7호기,B2-B3,잠원 방면9-2,사용가능,ES,2026-08-07T05:48:55Z
0329,고속터미널(3),승강기)에스컬레이터-고속터미널 내부 8호기,B3-B2,잠원 방면9-2,사용가능,ES,2026-08-07T05:48:55Z
0329,고속터미널(3),승강기)에스컬레이터-고속터미널 내부 9호기,B3-B2,교대 방면2-3,사용가능,ES,2026-08-07T05:48:55Z
0329,고속터미널(3),승강기)엘리베이터-고속터미널 상행 8-2 내부#1,B3-B2,잠원 방면8-2,사용가능,EV,2026-08-07T05:48:55Z
0329,고속터미널(3),승강기)엘리베이터-고속터미널 하행 3-3 내부#2,B3-B2,교대 방면3-3,사용가능,EV,2026-08-07T05:48:55Z
0330,교대(3),승강기)에스컬레이터-교대(3) 상행(3-2) 2호기,B3-B2,"고속터미널 방면3-2, 남부터미널 방면8-3",사용가능,ES,2026-08-07T05:48:55Z
0330,교대(3),승강기)에스컬레이터-교대(3) 하행(8-3) 1호기,B2-B3,"고속터미널 방면3-2, 남부터미널 방면8-3",사용가능,ES,2026-08-07T05:48:55Z
0330,교대(3),승강기)엘리베이터-교대(3) #13출입구 외부엘리베이터 1호기,B1-1F,13번 출입구,사용가능,EV,2026-08-07T05:48:55Z
0330,교대(3),승강기)엘리베이터-교대(3) 섬식(상) 4-2 내부#1,B3-B2-B1,"고속터미널 방면4-2, 남부터미널 방면7-3",사용가능,EV,2026-08-07T05:48:55Z
0330,교대(3),승강기)휠체어리프트-교대(3) 연결계단 내부1,B1-B1,"B1층 2,3호선 연결계단",사용가능,WL,2026-08-07T05:48:55Z
0331,남부터미널,승강기)에스컬레이터-남부터미널 6번출구 상행2,B1-1F,6번 출입구,사용가능,ES,2026-08-07T05:48:55Z
0331,남부터미널,승강기)에스컬레이터-남부터미널 6번출구 하행1,1F-B1,6번 출입구,사용가능,ES,2026-08-07T05:48:55Z
0331,남부터미널,승강기)엘리베이터-남부터미널 5번 출구측 외부#1,B2-1F,5번 출입구,사용가능,EV,2026-08-07T05:48:55Z
0331,남부터미널,승강기)엘리베이터-남부터미널 상행 3-2 내부#1,B3-B2,교대 방면3-2,사용가능,EV,2026-08-07T05:48:55Z
0331,남부터미널,승강기)엘리베이터-남부터미널 하행 8-2 내부#2,B3-B2,양재 방면8-2,사용가능,EV,2026-08-07T05:48:55Z
0332,양재(3),승강기)에스컬레이터-양재 5번출구 상행2,B1-1F,5번 출입구,사용가능,ES,2026-08-07T05:48:55Z
0332,양재(3),승강기)에스컬레이터-양재 5번출구 하행1,1F-B1,5번 출입구,사용가능,ES,2026-08-07T05:48:55Z
0332,양재(3),승강기)엘리베이터 양재 1번 출입구 외부#3,B1-1F,1번 출입구,사용가능,EV,2026-08-07T05:48:55Z
0332,양재(3),승강기)엘리베이터-양재 11번 출구측 외부#2,B1-1F,11번 출입구,사용가능,EV,2026-08-07T05:48:55Z
0332,양재(3),승강기)엘리베이터-양재 4번 출구측 외부#1,B1-1F,4번 출입구,사용가능,EV,2026-08-07T05:48:55Z
0332,양재(3),승강기)엘리베이터-양재 상행 3-1 내부#1,B2-B1,남부터미널 방면3-1,사용가능,EV,2026-08-07T05:48:55Z
0332,양재(3),승강기)엘리베이터-양재 하행 8-4 내부#2,B2-B1,매봉 방면8-4,사용가능,EV,2026-08-07T05:48:55Z
0333,매봉,승강기)에스컬레이터-매봉 1번출구 상행4,B1-1F,1번 출입구,사용가능,ES,2026-08-07T05:48:55Z
0333,매봉,승강기)에스컬레이터-매봉 1번출구 하행3,1F-B1,1번 출입구,사용가능,ES,2026-08-07T05:48:55Z
0333,매봉,승강기)에스컬레이터-매봉 4번출구 상행2,B1-1F,4번 출입구,사용가능,ES,2026-08-07T05:48:55Z
0333,매봉,승강기)에스컬레이터-매봉 4번출구 하행1,1F-B1,4번 출입구,보수중,ES,2026-08-07T05:48:55Z
0333,매봉,승강기)엘리베이터-매봉 1번 출구측 외부#1,B1-1F,1번 출입구,사용가능,EV,2026-08-07T05:48:55Z
0333,매봉,승강기)엘리베이터-매봉 상행 5-4 내부#1,B2-B1,양재 방면5-4,사용가능,EV,2026-08-07T05:48:55Z
0333,매봉,승강기)엘리베이터-매봉 하행 6-1 내부#2,B2-B1,도곡 방면6-1,사용가능,EV,2026-08-07T05:48:55Z
0334,도곡(3),승강기)에스컬레이터-도곡 내부 1호기,B2-B4,매봉 방면4-1,사용가능,ES,2026-08-07T05:48:55Z
0334,도곡(3),승강기)에스컬레이터-도곡 내부 2호기,B4-B2,매봉 방면4-1,사용가능,ES,2026-08-07T05:48:55Z
0334,도곡(3),승강기)에스컬레이터-도곡 내부 3호기,B2-B4,매봉 방면7-4,사용가능,ES,2026-08-07T05:48:55Z
0334,도곡(3),승강기)에스컬레이터-도곡 내부 4호기,B4-B2,매봉 방면7-4,사용가능,ES,2026-08-07T05:48:55Z
0334,도곡(3),승강기)에스컬레이터-도곡 내부 5호기,B2-B4,대치 방면4-1,사용가능,ES,2026-08-07T05:48:55Z
0334,도곡(3),승강기)에스컬레이터-도곡 내부 6호기,B4-B2,대치 방면4-1,사용가능,ES,2026-08-07T05:48:55Z
0334,도곡(3),승강기)에스컬레이터-도곡 내부 7호기,B2-B4,대치 방면7-4,사용가능,ES,2026-08-07T05:48:55Z
0334,도곡(3),승강기)에스컬레이터-도곡 내부 8호기,B4-B2,대치 방면7-4,사용가능,ES,2026-08-07T05:48:55Z
0335,대치,승강기)에스컬레이터-대치 4번출구 5호기,B1-1F,4번 출입구,사용가능,ES,2026-08-07T05:48:55Z
0335,대치,승강기)에스컬레이터-대치 4번출구 6호기,1F-B1,4번 출입구,사용가능,ES,2026-08-07T05:48:55Z
0335,대치,승강기)에스컬레이터-대치 8번출구 7호기,1F-B1,8번 출입구,사용가능,ES,2026-08-07T05:48:55Z
0335,대치,승강기)에스컬레이터-대치 8번출구 8호기,B1-1F,8번 출입구,사용가능,ES,2026-08-07T05:48:55Z
0335,대치,승강기)에스컬레이터-대치 내부 1호기,B2-B3,"도곡 방면1-1, 학여울 방면10-4",사용가능,ES,2026-08-07T05:48:55Z
0335,대치,승강기)에스컬레이터-대치 내부 2호기,B3-B2,"도곡 방면1-1, 학여울 방면10-4",사용가능,ES,2026-08-07T05:48:55Z
0335,대치,승강기)에스컬레이터-대치 내부 3호기,B2-B3,"도곡 방면10-4, 학여울 방면1-1",보수중,ES,2026-08-07T05:48:55Z
0335,대치,승강기)에스컬레이터-대치 내부 4호기,B3-B2,"도곡 방면10-4, 학여울 방면1-1",사용가능,ES,2026-08-07T05:48:55Z
0335,대치,승강기)엘리베이터-대치 7번 출구측 외부#1,B1-1F,7번 출입구,사용가능,EV,2026-08-07T05:48:55Z
0335,대치,승강기)엘리베이터-대치 섬식(상) 1-1 내부#1,B3-B1,"도곡 방면1-1, 학여울 방면10-4",사용가능,EV,2026-08-07T05:48:55Z
0336,학여울,승강기)에스컬레이터-학여울 B3(대) 상행2,B3-B2,대합실(1번출입구 방면),사용가능,ES,2026-08-07T05:48:55Z
0336,학여울,승강기)에스컬레이터-학여울 B3(대) 하행1,B2-B3,대합실(1번출입구 방면),사용가능,ES,2026-08-07T05:48:55Z
0336,학여울,승강기)엘리베이터-학여울 1번 출구측 외부#1,B4-B2-B1-1F,1번 출입구,사용가능,EV,2026-08-07T05:48:55Z
0336,학여울,승강기)엘리베이터-학여울 상행 5-4 내부#1,B5-B4,대치 방면5-4,사용가능,EV,2026-08-07T05:48:55Z
0336,학여울,승강기)엘리베이터-학여울 하행 6-1 내부#2,B5-B4,대청 방면6-1,사용가능,EV,2026-08-07T05:48:55Z
0337,대청,승강기)에스컬레이터-대청 3번출구 상행4,B1-1F,3번 출입구,사용가능,ES,2026-08-07T05:48:55Z
0337,대청,승강기)에스컬레이터-대청 3번출구 하행3,1F-B1,3번 출입구,사용가능,ES,2026-08-07T05:48:55Z
0337,대청,승강기)에스컬레이터-대청 6번출구 상행2,B1-1F,6번 출입구,사용가능,ES,2026-08-07T05:48:55Z
0337,대청,승강기)에스컬레이터-대청 6번출구 하행1,1F-B1,6번 출입구,사용가능,ES,2026-08-07T05:48:55Z
0337,대청,승강기)엘리베이터-대청 8번 출구측 외부#1,B2-1F,8번 출입구,사용가능,EV,2026-08-07T05:48:55Z
0337,대청,승강기)엘리베이터-대청 상행 4-4 내부#1,B3-B2,학여울 방면4-4,사용가능,EV,2026-08-07T05:48:55Z
0337,대청,승강기)엘리베이터-대청 하행 7-1 내부#2,B3-B2,일원 방면7-1,사용가능,EV,2026-08-07T05:48:55Z
0338,일원,승강기)에스컬레이터-일원 1번출구 1호기,1F-B1,1번 출입구,사용가능,ES,2026-08-07T05:48:55Z
0338,일원,승강기)에스컬레이터-일원 1번출구 2호기,B1-1F,1번 출입구,사용가능,ES,2026-08-07T05:48:55Z
0338,일원,승강기)에스컬레이터-일원 2번출구 3호기,B1-1F,2번 출입구,사용가능,ES,2026-08-07T05:48:55Z
0338,일원,승강기)에스컬레이터-일원 3번출구 4호기,1F-B1,3번 출입구,사용가능,ES,2026-08-07T05:48:55Z
0338,일원,승강기)에스컬레이터-일원 6번출구 5호기,B1-1F,6번 출입구,사용가능,ES,2026-08-07T05:48:55Z
0338,일원,승강기)에스컬레이터-일원 6번출구 6호기,1F-B1,6번 출입구,사용가능,ES,2026-08-07T05:48:55Z
0338,일원,승강기)엘리베이터-일원 1번 출구측 외부#2,B2-1F,1번 출입구,사용가능,EV,2026-08-07T05:48:55Z
0338,일원,승강기)엘리베이터-일원 1번 출구측 외부#3,B2-1F,1번 출입구,사용가능,EV,2026-08-07T05:48:55Z
0338,일원,승강기)엘리베이터-일원 상행 6-3 내부#1,B3-B2,대청 방면6-3,사용가능,EV,2026-08-07T05:48:55Z
0338,일원,승강기)엘리베이터-일원 하행 5-2 내부#2,B3-B2,수서 방면5-2,사용가능,EV,2026-08-07T05:48:55Z
0339,수서(3),승강기)에스컬레이터-수서 1번출구 1호기,1F-B1,1번 출입구,사용가능,ES,2026-08-07T05:48:55Z
0339,수서(3),승강기)에스컬레이터-수서 1번출구 2호기,B1-1F,1번 출입구,사용가능,ES,2026-08-07T05:48:55Z
0339,수서(3),승강기)에스컬레이터-수서 2번출구 3호기,1F-B1,2번 출입구,사용가능,ES,2026-08-07T05:48:55Z
0339,수서(3),승강기)에스컬레이터-수서 2번출구 4호기,B1-1F,2번 출입구,사용가능,ES,2026-08-07T05:48:55Z
0339,수서(3),승강기)에스컬레이터-수서 5번출구 11호기,1F-B1,5번 출입구,사용가능,ES,2026-08-07T05:48:55Z
0339,수서(3),승강기)에스컬레이터-수서 5번출구 12호기,B1-1F,5번 출입구,사용가능,ES,2026-08-07T05:48:55Z
0339,수서(3),승강기)에스컬레이터-수서 6번출구 5호기,1F-B1,6번 출입구,사용가능,ES,2026-08-07T05:48:55Z
0339,수서(3),승강기)에스컬레이터-수서 6번출구 6호기,B1-1F,6번 출입구,사용가능,ES,2026-08-07T05:48:55Z
0339,수서(3),승강기)에스컬레이터-수서 내부 10호기,B2-B1,가락시장 방면2-2,사용가능,ES,2026-08-07T05:48:55Z
0339,수서(3),승강기)에스컬레이터-수서 내부 7호기,B1-B2,일원 방면9-3,사용가능,ES,2026-08-07T05:48:55Z
0339,수서(3),승강기)에스컬레이터-수서 내부 8호기,B2-B1,일원 방면9-3,사용가능,ES,2026-08-07T05:48:55Z
0339,수서(3),승강기)에스컬레이터-수서 내부 9호기,B1-B2,가락시장 방면2-2,사용가능,ES,2026-08-07T05:48:55Z
0339,수서(3),승강기)엘리베이터-수서 1번 출구측 외부#1,B1-1F,1번 출입구,사용가능,EV,2026-08-07T05:48:55Z
0339,수서(3),승강기)엘리베이터-수서 5번출구측 외부#2,B1-1F,5번 출입구,사용가능,EV,2026-08-07T05:48:55Z
0339,수서(3),승강기)엘리베이터-수서 상행 8-3 내부#1,B2-B1,가락시장 방면3-2,사용가능,EV,2026-08-07T05:48:55Z
0339,수서(3),승강기)엘리베이터-수서 하행 3-2 내부#2,B2-B1,일원 방면8-3,사용가능,EV,2026-08-07T05:48:55Z
0340,가락시장(3),승강기)에스컬레이터-가락시장(3) 7번 출구 19호기,1F-B1,7번 출입구,사용가능,ES,2026-08-07T05:48:55Z
0340,가락시장(3),승강기)에스컬레이터-가락시장(3) 7번 출구 20호기,B1-1F,7번 출입구,사용가능,ES,2026-08-07T05:48:55Z
0340,가락시장(3),승강기)에스컬레이터-가락시장(3) 8번 출구 21호기,1F-B2,8번 출입구,사용가능,ES,2026-08-07T05:48:55Z
0340,가락시장(3),승강기)에스컬레이터-가락시장(3) 8번 출구 22호기,B2-1F,8번 출입구,보수중,ES,2026-08-07T05:48:55Z
0340,가락시장(3),승강기)에스컬레이터-가락시장(3) 내부 10호기,B4-B3,경찰병원 방면3-2,사용가능,ES,2026-08-07T05:48:55Z
0340,가락시장(3),승강기)에스컬레이터-가락시장(3) 내부 11호기,B2-B4,경찰병원 방면5-2,보수중,ES,2026-08-07T05:48:55Z
0340,가락시장(3),승강기)에스컬레이터-가락시장(3) 내부 12호기,B4-B2,경찰병원 방면5-2,사용가능,ES,2026-08-07T05:48:55Z
0340,가락시장(3),승강기)에스컬레이터-가락시장(3) 내부 13호기,B2-B4,경찰병원 방면7-1,사용가능,ES,2026-08-07T05:48:55Z
0340,가락시장(3),승강기)에스컬레이터-가락시장(3) 내부 14호기,B4-B2,경찰병원 방면7-1,사용가능,ES,2026-08-07T05:48:55Z
0340,가락시장(3),승강기)에스컬레이터-가락시장(3) 내부 15호기,B1-B2,대합실(2번출입구 방면),사용가능,ES,2026-08-07T05:48:55Z
0340,가락시장(3),승강기)에스컬레이터-가락시장(3) 내부 16호기,B2-B1,대합실(2번출입구 방면),사용가능,ES,2026-08-07T05:48:55Z
0340,가락시장(3),승강기)에스컬레이터-가락시장(3) 내부 17호기,B1-B2,대합실(2번출입구 방면),보수중,ES,2026-08-07T05:48:55Z
0340,가락시장(3),승강기)에스컬레이터-가락시장(3) 내부 18호기,B2-B1,대합실(2번출입구 방면),사용가능,ES,2026-08-07T05:48:55Z
0340,가락시장(3),승강기)에스컬레이터-가락시장(3) 내부 1호기,B2-B4,수서 방면4-4,사용가능,ES,2026-08-07T05:48:55Z
0340,가락시장(3),승강기)에스컬레이터-가락시장(3) 내부 2호기,B4-B2,수서 방면4-4,사용가능,ES,2026-08-07T05:48:55Z
0340,가락시장(3),승강기)에스컬레이터-가락시장(3) 내부 3호기,B2-B4,수서 방면6-3,보수중,ES,2026-08-07T05:48:55Z
0340,가락시장(3),승강기)에스컬레이터-가락시장(3) 내부 4호기,B4-B2,수서 방면6-3,사용가능,ES,2026-08-07T05:48:55Z
0340,가락시장(3),승강기)에스컬레이터-가락시장(3) 내부 5호기,B3-B4,수서 방면8-3,사용가능,ES,2026-08-07T05:48:55Z
0340,가락시장(3),승강기)에스컬레이터-가락시장(3) 내부 6호기,B4-B3,수서 방면8-3,사용가능,ES,2026-08-07T05:48:55Z
0340,가락시장(3),승강기)에스컬레이터-가락시장(3) 내부 7호기,B4-B3,수서 방면10-1,사용가능,ES,2026-08-07T05:48:55Z
0340,가락시장(3),승강기)에스컬레이터-가락시장(3) 내부 8호기,B4-B3,경찰병원 방면2-1,사용가능,ES,2026-08-07T05:48:55Z
0340,가락시장(3),승강기)에스컬레이터-가락시장(3) 내부 9호기,B3-B4,경찰병원 방면3-2,사용가능,ES,2026-08-07T05:48:55Z
0340,가락시장(3),승강기)엘리베이터-가락시장(3) 7번 출구측 외부#1,B2-B1-1F,7번 출입구,사용가능,EV,2026-08-07T05:48:55Z
0340,가락시장(3),승강기)엘리베이터-가락시장(3) 상행 8-2 내부#1,B4-B3-B2,수서 방면8-2,사용가능,EV,2026-08-07T05:48:55Z
0340,가락시장(3),승강기)엘리베이터-가락시장(3) 하행 3-2 내부#2,B4-B3-B2,경찰병원 방면3-2,사용가능,EV,2026-08-07T05:48:55Z
0341,경찰병원,승강기)에스컬레이터-경찰병원 1번출구 13호기,1F-B1,1번 출입구,사용가능,ES,2026-08-07T05:48:55Z
0341,경찰병원,승강기)에스컬레이터-경찰병원 1번출구 14호기,B1-1F,1번 출입구,사용가능,ES,2026-08-07T05:48:55Z
0341,경찰병원,승강기)에스컬레이터-경찰병원 2번출구 15호기,1F-B1,2번 출입구,사용가능,ES,2026-08-07T05:48:55Z
0341,경찰병원,승강기)에스컬레이터-경찰병원 2번출구 16호기,B1-1F,2번 출입구,사용가능,ES,2026-08-07T05:48:55Z
0341,경찰병원,승강기)에스컬레이터-경찰병원 3번출구 19호기,1F-B1,3번 출입구,사용가능,ES,2026-08-07T05:48:55Z
0341,경찰병원,승강기)에스컬레이터-경찰병원 3번출구 20호기,B1-1F,3번 출입구,사용가능,ES,2026-08-07T05:48:55Z
0341,경찰병원,승강기)에스컬레이터-경찰병원 대합실 17호기,1F-B1,"3,4번 출입구 사이",사용가능,ES,2026-08-07T05:48:55Z
0341,경찰병원,승강기)에스컬레이터-경찰병원 대합실 18호기,B1-1F,"3,4번 출입구 사이",사용가능,ES,2026-08-07T05:48:55Z
0341,경찰병원,승강기)에스컬레이터-경찰병원 승강장(2-1) 1호기,B1-B2,가락시장 방면2-1,사용가능,ES,2026-08-07T05:48:55Z
0341,경찰병원,승강기)에스컬레이터-경찰병원 승강장(2-1) 2호기,B2-B1,가락시장 방면2-1,사용가능,ES,2026-08-07T05:48:55Z
0341,경찰병원,승강기)에스컬레이터-경찰병원 승강장(4-1) 7호기,B1-B2,오금 방면4-1,사용가능,ES,2026-08-07T05:48:55Z
0341,경찰병원,승강기)에스컬레이터-경찰병원 승강장(4-1) 8호기,B2-B1,오금 방면4-1,사용가능,ES,2026-08-07T05:48:55Z
0341,경찰병원,승강기)에스컬레이터-경찰병원 승강장(5-3) 10호기,B2-B1,오금 방면5-3,사용가능,ES,2026-08-07T05:48:55Z
0341,경찰병원,승강기)에스컬레이터-경찰병원 승강장(5-3) 9호기,B1-B2,오금 방면5-3,사용가능,ES,2026-08-07T05:48:55Z
0341,경찰병원,승강기)에스컬레이터-경찰병원 승강장(6-2) 3호기,B1-B2,가락시장 방면6-2,사용가능,ES,2026-08-07T05:48:55Z
0341,경찰병원,승강기)에스컬레이터-경찰병원 승강장(6-2) 4호기,B2-B1,가락시장 방면6-2,사용가능,ES,2026-08-07T05:48:55Z
0341,경찰병원,승강기)에스컬레이터-경찰병원 승강장(7-4) 5호기,B1-B2,가락시장 방면7-4,사용가능,ES,2026-08-07T05:48:55Z
0341,경찰병원,승강기)에스컬레이터-경찰병원 승강장(7-4) 6호기,B2-B1,가락시장 방면7-4,사용가능,ES,2026-08-07T05:48:55Z
0341,경찰병원,승강기)에스컬레이터-경찰병원 승강장(9-4) 11호기,B1-B2,오금 방면9-4,사용가능,ES,2026-08-07T05:48:55Z
0341,경찰병원,승강기)에스컬레이터-경찰병원 승강장(9-4) 12호기,B2-B1,오금 방면9-4,사용가능,ES,2026-08-07T05:48:55Z
0341,경찰병원,승강기)엘리베이터-경찰병원 1번 출구측 외부#1,B1-1F,1번 출입구,사용가능,EV,2026-08-07T05:48:55Z
0341,경찰병원,승강기)엘리베이터-경찰병원 3번 출구측 외부#2,B1-1F,3번 출입구,사용가능,EV,2026-08-07T05:48:55Z
0341,경찰병원,승강기)엘리베이터-경찰병원 상행 4-2 내부#1,B3-B1,가락시장 방면4-2,사용가능,EV,2026-08-07T05:48:55Z
0341,경찰병원,승강기)엘리베이터-경찰병원 하행 7-3 내부#2,B3-B1,오금 방면 7-3,사용가능,EV,2026-08-07T05:48:55Z
0342,오금(3),승강기)에스컬레이터-오금 1번출구 13호기,1F-B1,1번 출입구,사용가능,ES,2026-08-07T05:48:55Z
0342,오금(3),승강기)에스컬레이터-오금 1번출구 14호기,B1-1F,1번 출입구,사용가능,ES,2026-08-07T05:48:55Z
0342,오금(3),승강기)에스컬레이터-오금 2번출구 15호기,B1-1F,2번 출입구,사용가능,ES,2026-08-07T05:48:55Z
0342,오금(3),승강기)에스컬레이터-오금(3) 내부 10호기,B3-B2,오금 방면9-3,사용가능,ES,2026-08-07T05:48:55Z
0342,오금(3),승강기)에스컬레이터-오금(3) 내부 1호기,B2-B3,경찰병원 방면2-2,사용가능,ES,2026-08-07T05:48:55Z
0342,오금(3),승강기)에스컬레이터-오금(3) 내부 2호기,B3-B2,경찰병원 방면2-2,보수중,ES,2026-08-07T05:48:55Z
0342,오금(3),승강기)에스컬레이터-오금(3) 내부 3호기,B1-B4,경찰병원 방면 4-2,사용가능,ES,2026-08-07T05:48:55Z
0342,오금(3),승강기)에스컬레이터-오금(3) 내부 4호기,B4-B1,경찰병원 방면 4-2,사용가능,ES,2026-08-07T05:48:55Z
0342,오금(3),승강기)에스컬레이터-오금(3) 내부 5호기,B2-B3,경찰병원 방면7-1,사용가능,ES,2026-08-07T05:48:55Z
0342,오금(3),승강기)에스컬레이터-오금(3) 내부 6호기,B3-B2,오금 방면4-4,사용가능,ES,2026-08-07T05:48:55Z
0342,오금(3),승강기)에스컬레이터-오금(3) 내부 7호기,B1-B4,오금 방면7-3,사용가능,ES,2026-08-07T05:48:55Z
0342,오금(3),승강기)에스컬레이터-오금(3) 내부 8호기,B4-B1,오금 방면7-3,사용가능,ES,2026-08-07T05:48:55Z
0342,오금(3),승강기)에스컬레이터-오금(3) 내부 9호기,B2-B3,오금 방면9-3,사용가능,ES,2026-08-07T05:48:55Z
0342,오금(3),승강기)에스컬레이터-오금(3) 환승 11호기,B1-B2,환승통로(5호선 방면),사용가능,ES,2026-08-07T05:48:55Z
0342,오금(3),승강기)에스컬레이터-오금(3) 환승 12호기,B2-B1,환승통로(5호선 방면),보수중,ES,2026-08-07T05:48:55Z
0342,오금(3),승강기)엘리베이터-오금 1번 출구측 외부#1,B1-1F,1번 출입구,사용가능,EV,2026-08-07T05:48:55Z
0342,오금(3),승강기)엘리베이터-오금 상행 5-1 내부#1,B4-B3-B1,경찰병원 방면5-1,사용가능,EV,2026-08-07T05:48:55Z
0342,오금(3),승강기)엘리베이터-오금 하행 6-4 내부#2,B4-B3-B1,오금 방면6-4,사용가능,EV,2026-08-07T05:48:55Z
0409,불암산,"승강기)에스컬레이터-당고개 1,4번출구측 3호기",2F-1F,"1,4번 출입구",사용가능,ES,2026-08-07T05:48:55Z
0409,불암산,"승강기)에스컬레이터-당고개 1,4번출구측 4호기",1F-2F,"1,4번 출입구",사용가능,ES,2026-08-07T05:48:55Z
0409,불암산,승강기)에스컬레이터-당고개 내부 1호기,3F-2F,별내별가람 방면3-1,사용가능,ES,2026-08-07T05:48:55Z
0409,불암산,승강기)에스컬레이터-당고개 내부 2호기,2F-3F,별내별가람 방면3-1,사용가능,ES,2026-08-07T05:48:55Z
0409,불암산,승강기)엘리베이터-당고개 1-4번 출구측 외부#1,2F-3F,별내별가람 방면6-1,사용가능,EV,2026-08-07T05:48:55Z
0409,불암산,승강기)엘리베이터-당고개 상행 6-1 내부#1,2F-3F,상계 방면5-4,사용가능,EV,2026-08-07T05:48:55Z
0409,불암산,승강기)엘리베이터-당고개 하행 5-4 내부#2,1F-2F,1번 출입구,사용가능,EV,2026-08-07T05:48:55Z
0410,상계,승강기)에스컬레이터-상계역 내부 에스컬레이터 1호기,2F-1F,1번 출입구,사용가능,ES,2026-08-07T05:48:55Z
0410,상계,승강기)에스컬레이터-상계역 내부 에스컬레이터 2호기,1F-2F,1번 출입구,사용가능,ES,2026-08-07T05:48:55Z
0410,상계,승강기)에스컬레이터-상계역 내부 에스컬레이터 3호기,2F-3F,노원 방면2-1,사용가능,ES,2026-08-07T05:48:55Z
0410,상계,승강기)에스컬레이터-상계역 내부 에스컬레이터 4호기,3F-2F,노원 방면2-1,보수중,ES,2026-08-07T05:48:55Z
0410,상계,승강기)엘리베이터-상계 1-2번 출구측 외부#1,1F-2F,"대합실(1,2번 출입구 사이)",사용가능,EV,2026-08-07T05:48:55Z
0410,상계,"승강기)휠체어리프트-상계 1,2번출구내부2",2F-3F,노원 방면8-3,사용가능,WL,2026-08-07T05:48:55Z
0410,상계,승강기)휠체어리프트-상계 연결통로 내부1,2F-3F,당고개 방면3-1,사용가능,WL,2026-08-07T05:48:55Z
0411,노원(4),승강기)에스컬레이터-노원(4) 1번출구 1호기,2F-1F,1번 출입구,사용가능,ES,2026-08-07T05:48:55Z
0411,노원(4),승강기)에스컬레이터-노원(4) 1번출구 2호기,1F-2F,1번 출입구,사용가능,ES,2026-08-07T05:48:55Z
0411,노원(4),승강기)에스컬레이터-노원(4) 9번출입구 5호기,2F-1F,9번 출입구,사용가능,ES,2026-08-07T05:48:55Z
0411,노원(4),승강기)에스컬레이터-노원(4) 9번출입구 6호기,1F-2F,9번 출입구,사용가능,ES,2026-08-07T05:48:55Z
0411,노원(4),승강기)에스컬레이터-노원(4) E/S 1200형 9호기,2F-1F,10번 출입구,사용가능,ES,2026-08-07T05:48:55Z
0411,노원(4),승강기)에스컬레이터-노원(4) E/S 800형 10호기,1F-2F,10번 출입구,사용가능,ES,2026-08-07T05:48:55Z
0411,노원(4),승강기)에스컬레이터-노원(4) 내부 3호기,3F-2F,2번 출입구,사용가능,ES,2026-08-07T05:48:55Z
0411,노원(4),승강기)에스컬레이터-노원(4) 내부 4호기,2F-3F,2번 출입구,사용가능,ES,2026-08-07T05:48:55Z
0411,노원(4),승강기)에스컬레이터-노원(4) 내부 7호기,3F-2F,창동 방면2-4,사용가능,ES,2026-08-07T05:48:55Z
0411,노원(4),승강기)에스컬레이터-노원(4) 내부 8호기,2F-3F,창동 방면2-4,사용가능,ES,2026-08-07T05:48:55Z
0411,노원(4),승강기)엘리베이터-노원 2번 출구측 외부#1,1F-2F,2번 출입구,사용가능,EV,2026-08-07T05:48:55Z
0411,노원(4),승강기)엘리베이터-노원 상행 8-4 내부#1,2F-3F,상계 방면8-4,사용가능,EV,2026-08-07T05:48:55Z
0411,노원(4),승강기)엘리베이터-노원(4) 9번 출입구 외부#2,1F-3F,9번 출입구,사용가능,EV,2026-08-07T05:48:55Z
0412,창동(4),승강기)에스컬레이터-창동 1번출구 상행2,1F-2F,1번 출입구,사용가능,ES,2026-08-07T05:48:55Z
0412,창동(4),승강기)에스컬레이터-창동 1번출구 하행1,2F-1F,1번 출입구,사용가능,ES,2026-08-07T05:48:55Z
0412,창동(4),승강기)에스컬레이터-창동역 2번 출입구 E/S 1200형 7호기,2F-1F,2번 출입구,보수중,ES,2026-08-07T05:48:55Z
0412,창동(4),승강기)에스컬레이터-창동역 2번 출입구 E/S 1200형 8호기,1F-2F,2번 출입구,사용가능,ES,2026-08-07T05:48:55Z
0412,창동(4),승강기)엘리베이터-창동 (1호선 소요산방면) 내부#5,1F-3F,쌍문 방면6-1,사용가능,EV,2026-08-07T05:48:55Z
0412,창동(4),승강기)엘리베이터-창동 (1호선 인천방면) 내부#6,1F-3F,쌍문 방면6-1,사용가능,EV,2026-08-07T05:48:55Z
0412,창동(4),승강기)엘리베이터-창동 1번 출구측 외부#1,1F-2F,1번 출입구,사용가능,EV,2026-08-07T05:48:55Z
0412,창동(4),승강기)엘리베이터-창동 2번 출구측 외부#2,1F-2F,2번 출입구,사용가능,EV,2026-08-07T05:48:55Z
0412,창동(4),승강기)엘리베이터-창동 상행 2-4 내부#1,2F-3F,노원 방면2-4,사용가능,EV,2026-08-07T05:48:55Z
0412,창동(4),승강기)엘리베이터-창동 상행 8-2 내부#2,2F-3F,노원 방면8-3,사용가능,EV,2026-08-07T05:48:55Z
0412,창동(4),승강기)엘리베이터-창동 하행 3-2 내부#4,2F-3F,쌍문 방면8-4,사용가능,EV,2026-08-07T05:48:55Z
0412,창동(4),승강기)엘리베이터-창동 하행 8-4 내부#3,2F-3F,쌍문 방면3-2,사용가능,EV,2026-08-07T05:48:55Z
0413,쌍문,승강기)에스컬레이터-쌍문 2번출구 상행4,B1-1F,2번 출입구,사용가능,ES,2026-08-07T05:48:55Z
0413,쌍문,승강기)에스컬레이터-쌍문 2번출구 하행3,1F-B1,2번 출입구,사용가능,ES,2026-08-07T05:48:55Z
0413,쌍문,승강기)에스컬레이터-쌍문 3번출구 상행6,B1-1F,3번 출입구,사용가능,ES,2026-08-07T05:48:55Z
0413,쌍문,승강기)에스컬레이터-쌍문 3번출구 하행5,1F-B1,3번 출입구,보수중,ES,2026-08-07T05:48:55Z
0413,쌍문,승강기)에스컬레이터-쌍문 4번출구 상행2,B1-1F,4번 출입구,사용가능,ES,2026-08-07T05:48:55Z
0413,쌍문,승강기)에스컬레이터-쌍문 4번출구 하행1,1F-B1,4번 출입구,사용가능,ES,2026-08-07T05:48:55Z
0413,쌍문,승강기)엘리베이터-쌍문 1번 출구측 외부#1,B1-1F,1번 출입구,사용가능,EV,2026-08-07T05:48:55Z
0413,쌍문,승강기)엘리베이터-쌍문 상행 8-4 내부#1,B2-B1,창동 방면8-2,사용가능,EV,2026-08-07T05:48:55Z
0413,쌍문,승강기)엘리베이터-쌍문 하행 3-1 내부#2,B2-B1,수유 방면3-4,사용가능,EV,2026-08-07T05:48:55Z
0414,수유,승강기)에스컬레이터-수유(강북구청) 3번출구 상행2,B1-1F,3번 출입구,사용가능,ES,2026-08-07T05:48:55Z
0414,수유,승강기)에스컬레이터-수유(강북구청) 3번출구 하행1,1F-B1,3번 출입구,사용가능,ES,2026-08-07T05:48:55Z
0414,수유,승강기)에스컬레이터-수유(강북구청) 8번출구 상행4,B1-1F,8번 출입구,사용가능,ES,2026-08-07T05:48:55Z
0414,수유,승강기)에스컬레이터-수유(강북구청) 8번출구 하행3,1F-B1,8번 출입구,사용가능,ES,2026-08-07T05:48:55Z
0414,수유,승강기)엘리베이터-수유(강북구청) 1-2번 출구측 외부#1,B1-1F,"1,2번 출입구 사이",사용가능,EV,2026-08-07T05:48:55Z
0414,수유,승강기)엘리베이터-수유(강북구청) 상행 7-1 내부#1,B2-B1,쌍문 방면7-1,사용가능,EV,2026-08-07T05:48:55Z
0414,수유,승강기)엘리베이터-수유(강북구청) 하행 4-4 내부#2,B2-B1,미아 방면4-4,사용가능,EV,2026-08-07T05:48:55Z
0415,미아,승강기)에스컬레이터-미아 1번 출입구 3호기,1F-B1,1번 출입구,사용가능,ES,2026-08-07T05:48:55Z
0415,미아,승강기)에스컬레이터-미아 1번 출입구 4호기,B1-1F,1번 출입구,사용가능,ES,2026-08-07T05:48:55Z
0415,미아,승강기)에스컬레이터-미아 3번 출입구 1호기,1F-B1,3번 출입구,사용가능,ES,2026-08-07T05:48:55Z
0415,미아,승강기)에스컬레이터-미아 3번 출입구 2호기,B1-1F,3번 출입구,사용가능,ES,2026-08-07T05:48:55Z
0415,미아,승강기)에스컬레이터-미아 6번 출입구 5호기,1F-B1,6번 출입구,사용가능,ES,2026-08-07T05:48:55Z
0415,미아,승강기)에스컬레이터-미아 6번 출입구 6호기,B1-1F,6번 출입구,사용가능,ES,2026-08-07T05:48:55Z
0415,미아,승강기)엘리베이터-미아 1-2번 출구측 외부#1,B1-1F,"1,2번 출입구 사이",사용가능,EV,2026-08-07T05:48:55Z
0415,미아,승강기)엘리베이터-미아 상행 8-2 내부#1,B2-B1,수유 방면8-2,사용가능,EV,2026-08-07T05:48:55Z
0415,미아,승강기)엘리베이터-미아 하행 3-4 내부#2,B2-B1,미아사거리 방면3-4,사용가능,EV,2026-08-07T05:48:55Z
0416,미아사거리,승강기)에스컬레이터-미아사거리 3번출구 상행 2,B1-1F,3번 출입구,사용가능,ES,2026-08-07T05:48:55Z
0416,미아사거리,승강기)에스컬레이터-미아사거리 3번출구 하행 1,1F-B1,3번 출입구,사용가능,ES,2026-08-07T05:48:55Z
0416,미아사거리,승강기)엘리베이터-미아사거리 상행 3-1 내부#1,B2-B1,미아 방면3-1,사용가능,EV,2026-08-07T05:48:55Z
0416,미아사거리,승강기)엘리베이터-미아사거리 하행 8-3 내부#2,B2-B1,길음 방면8-3,사용가능,EV,2026-08-07T05:48:55Z
0417,길음,승강기)에스컬레이터-길음 2번출구 상행1,B1-1F,2번 출입구,보수중,ES,2026-08-07T05:48:55Z
0417,길음,승강기)에스컬레이터-길음 3번출구 상행3,B1-1F,3번 출입구,사용가능,ES,2026-08-07T05:48:55Z
0417,길음,승강기)에스컬레이터-길음 3번출구 하행2,1F-B1,3번 출입구,사용가능,ES,2026-08-07T05:48:55Z
0417,길음,승강기)엘리베이터-길음 3-4번 출구측 외부#2,B1-1F,4번 출입구,사용가능,EV,2026-08-07T05:48:55Z
0417,길음,승강기)엘리베이터-길음 5번 출구측 외부#1,B1-1F,5번 출입구,사용가능,EV,2026-08-07T05:48:55Z
0417,길음,승강기)엘리베이터-길음 섬식(상) 6-1 내부#1,B2-B1,"미아사거리 방면6-1,성신여대입구 방면5-4",사용가능,EV,2026-08-07T05:48:55Z
0418,성신여대입구(4),승강기)에스컬레이터-성신여대역 4번출구 에스컬레이터 3호기,B1-1F,4번 출입구,사용가능,ES,2026-08-07T05:48:55Z
0418,성신여대입구(4),승강기)에스컬레이터-성신여대역 4번출구 에스컬레이터 4호기,1F-B1,4번 출입구,보수중,ES,2026-08-07T05:48:55Z
0418,성신여대입구(4),승강기)에스컬레이터-성신여대입구 1번출구 상행2,B1-1F,1번 출입구,사용가능,ES,2026-08-07T05:48:55Z
0418,성신여대입구(4),승강기)에스컬레이터-성신여대입구 1번출구 하행1,1F-B1,1번 출입구,보수중,ES,2026-08-07T05:48:55Z
0418,성신여대입구(4),승강기)엘리베이터-성신여대입구 2번 출구측 외부#2,B1-1F,2번 출입구,사용가능,EV,2026-08-07T05:48:55Z
0418,성신여대입구(4),승강기)엘리베이터-성신여대입구 3번 출구측 외부#1,B1-1F,3번 출입구,사용가능,EV,2026-08-07T05:48:55Z
0418,성신여대입구(4),승강기)엘리베이터-성신여대입구 상행 8-2 내부#1,B2-B1,길음 방면8-2,사용가능,EV,2026-08-07T05:48:55Z
0418,성신여대입구(4),승강기)엘리베이터-성신여대입구 하행 3-4 내부#2,B2-B1,한성대입구 방면3-4,사용가능,EV,2026-08-07T05:48:55Z
0419,한성대입구,승강기)에스컬레이터-한성대입구 5번출구 상행2,1F-B1,5번 출입구,사용가능,ES,2026-08-07T05:48:55Z
0419,한성대입구,승강기)에스컬레이터-한성대입구 5번출구 하행1,B1-1F,5번 출입구,사용가능,ES,2026-08-07T05:48:55Z
0419,한성대입구,승강기)엘리베이터-한성대입구 3-4번 출구측 외부#1,B1-1F,"3,4번 출입구 사이",사용가능,EV,2026-08-07T05:48:55Z
0419,한성대입구,승강기)엘리베이터-한성대입구 5번 출구측 외부#2,B1-1F,5번 출입구,사용가능,EV,2026-08-07T05:48:55Z
0419,한성대입구,승강기)엘리베이터-한성대입구 섬식(상)6-1 내부#1,B2-B1,"성신여대입구 방면6-1,길음 방면5-4",사용가능,EV,2026-08-07T05:48:55Z
0420,혜화,승강기)에스컬레이터-혜화 1번출구 상행2,B1-1F,1번 출입구,보수중,ES,2026-08-07T05:48:55Z
0420,혜화,승강기)에스컬레이터-혜화 1번출구 하행1,1F-B1,1번 출입구,사용가능,ES,2026-08-07T05:48:55Z
0420,혜화,승강기)에스컬레이터-혜화 3번출구 상행4,B1-1F,3번 출입구,사용가능,ES,2026-08-07T05:48:55Z
0420,혜화,승강기)에스컬레이터-혜화 3번출구 하행3,1F-B1,3번 출입구,보수중,ES,2026-08-07T05:48:55Z
0420,혜화,승강기)엘리베이터-혜화 2번출입구 외부#1,B1-1F,2번 출입구,사용가능,EV,2026-08-07T05:48:55Z
0420,혜화,승강기)엘리베이터-혜화 3번출입구 외부#2,B1-1F,3번 출입구,보수중,EV,2026-08-07T05:48:55Z
0420,혜화,승강기)엘리베이터-혜화 상행 7-4 내부#1,B2-B1,한성대입구 방면7-4,사용가능,EV,2026-08-07T05:48:55Z
0420,혜화,승강기)엘리베이터-혜화 하행 3-4 내부#2,B2-B1,동대문(4) 방면3-4,사용가능,EV,2026-08-07T05:48:55Z
0421,동대문(4),승강기)에스컬레이터-동대문(4) 1호선연결 6호기,B2-B1,대합실,사용가능,ES,2026-08-07T05:48:55Z
0421,동대문(4),승강기)에스컬레이터-동대문(4) 4호선연결 5호기,B1-B2,대합실,사용가능,ES,2026-08-07T05:48:55Z
0421,동대문(4),승강기)에스컬레이터-동대문(4) 8번 출구 7호기,1F-B1,8번 출입구,사용가능,ES,2026-08-07T05:48:55Z
0421,동대문(4),승강기)에스컬레이터-동대문(4) 8번 출구 8호기,B1-1F,8번 출입구,사용가능,ES,2026-08-07T05:48:55Z
0421,동대문(4),승강기)에스컬레이터-동대문(4) 9번 출구 10호기,B1-1F,9번 출입구,사용가능,ES,2026-08-07T05:48:55Z
0421,동대문(4),승강기)에스컬레이터-동대문(4) 9번 출구 9호기,1F-B1,9번 출입구,사용가능,ES,2026-08-07T05:48:55Z
0421,동대문(4),승강기)에스컬레이터-동대문(4) 상행(4-1) 2호기,B4-B2,"혜화 방면4-1,동대문역사문화공원 방면7-4",사용가능,ES,2026-08-07T05:48:55Z
0421,동대문(4),승강기)에스컬레이터-동대문(4) 상행(8-2) 4호기,B4-B2,"혜화 방면8-2,동대문역사문화공원 방면3-3",사용가능,ES,2026-08-07T05:48:55Z
0421,동대문(4),승강기)에스컬레이터-동대문(4) 하행(3-3) 3호기,B2-B4,"동대문역사문화공원 방면3-3,혜화 방면8-2",사용가능,ES,2026-08-07T05:48:55Z
0421,동대문(4),승강기)에스컬레이터-동대문(4) 하행(7-4) 1호기,B2-B4,"동대문역사문화공원 방면7-4,혜화 방면4-1",사용가능,ES,2026-08-07T05:48:55Z
0421,동대문(4),승강기)엘리베이터-동대문(4) 9번 출구측 외부#1,B1-1F,9번 출입구,사용가능,EV,2026-08-07T05:48:55Z
0421,동대문(4),승강기)엘리베이터-동대문(4) 섬식(상) 6-3 내부#1,B4-B1,"혜화 방면6-3,동대문역사문화공원 방면5-2",사용가능,EV,2026-08-07T05:48:55Z
0422,동대문역사문화공원(4),승강기)에스컬레이터-동역사(4) 상행(3-1) 2호기,B3-B1,"동대문 방면3-1,충무로 방면8-3",사용가능,ES,2026-08-07T05:48:55Z
0422,동대문역사문화공원(4),승강기)에스컬레이터-동역사(4) 상행(6-3) 4호기,B3-B2,"충무로 방면5-2,동대문 방면6-3",사용가능,ES,2026-08-07T05:48:55Z
0422,동대문역사문화공원(4),승강기)에스컬레이터-동역사(4) 상행(9-1) 6호기,B3-B2,"동대문 방면9-1,충무로 방면2-4",사용가능,ES,2026-08-07T05:48:55Z
0422,동대문역사문화공원(4),승강기)에스컬레이터-동역사(4) 하행(2-4) 5호기,B2-B3,"충무로 방면2-4,동대문 방면9-1",사용가능,ES,2026-08-07T05:48:55Z
0422,동대문역사문화공원(4),승강기)에스컬레이터-동역사(4) 하행(5-2) 3호기,B2-B3,"동대문 방면6-3,충무로 방면5-2",보수중,ES,2026-08-07T05:48:55Z
0422,동대문역사문화공원(4),승강기)에스컬레이터-동역사(4) 하행(8-3) 1호기,B1-B3,"충무로 방면8-3,동대문 방면3-1",사용가능,ES,2026-08-07T05:48:55Z
0422,동대문역사문화공원(4),승강기)엘리베이터-동역사(4) 4번 출구측 외부#1,B1-1F,4번 출입구,사용가능,EV,2026-08-07T05:48:55Z
0422,동대문역사문화공원(4),승강기)엘리베이터-동역사(4) 섬식(상)4-4 내부#1,B3-B1,"동대문 방면4-4,혜화 방면6-1",사용가능,EV,2026-08-07T05:48:55Z
0423,충무로(4),승강기)에스컬레이터-충무로(4) 1번출구 21호기,1F-B1,1번 출입구,사용가능,ES,2026-08-07T05:48:55Z
0423,충무로(4),승강기)에스컬레이터-충무로(4) 1번출구 22호기,B1-1F,1번 출입구,사용가능,ES,2026-08-07T05:48:55Z
0423,충무로(4),승강기)에스컬레이터-충무로(4) 3호선환승 17호기,B4-B2,환승통로(동대입구 방면5-2),사용가능,ES,2026-08-07T05:48:55Z
0423,충무로(4),승강기)에스컬레이터-충무로(4) 3호선환승 18호기,B4-B2,환승통로(동대입구 방면5-2),사용가능,ES,2026-08-07T05:48:55Z
0423,충무로(4),승강기)에스컬레이터-충무로(4) 3호선환승 19호기,B2-B4,환승통로(을지로3가 방면6-3),사용가능,ES,2026-08-07T05:48:55Z
0423,충무로(4),승강기)에스컬레이터-충무로(4) 3호선환승 20호기,B4-B2,환승통로(을지로3가 방면6-3),사용가능,ES,2026-08-07T05:48:55Z
0423,충무로(4),승강기)에스컬레이터-충무로(4) 5번 출입구 23호기,B1-1F,(1F) 5번 출입구 근처,사용가능,ES,2026-08-07T05:48:55Z
0423,충무로(4),승강기)에스컬레이터-충무로(4) 5번 출입구 24호기,B1-1F,(1F) 5번 출입구 근처,보수중,ES,2026-08-07T05:48:55Z
0423,충무로(4),승강기)에스컬레이터-충무로(4) 내부 10호기,B2-B1,대합실(동대문역사문화공원 방면4-2),사용가능,ES,2026-08-07T05:48:55Z
0423,충무로(4),승강기)에스컬레이터-충무로(4) 내부 11호기,B1-B2,대합실(동대문역사문화공원 방면6-3),사용가능,ES,2026-08-07T05:48:55Z
0423,충무로(4),승강기)에스컬레이터-충무로(4) 내부 12호기,B2-B1,대합실(동대문역사문화공원 방면6-3),사용가능,ES,2026-08-07T05:48:55Z
0423,충무로(4),승강기)에스컬레이터-충무로(4) 내부 13호기,B1-B2,대합실(명동 방면5-2),사용가능,ES,2026-08-07T05:48:55Z
0423,충무로(4),승강기)에스컬레이터-충무로(4) 내부 14호기,B2-B1,대합실(명동 방면5-2),사용가능,ES,2026-08-07T05:48:55Z
0423,충무로(4),승강기)에스컬레이터-충무로(4) 내부 15호기,B1-B2,대합실(명동 방면7-2),사용가능,ES,2026-08-07T05:48:55Z
0423,충무로(4),승강기)에스컬레이터-충무로(4) 내부 16호기,B2-B1,대합실(명동 방면7-2),사용가능,ES,2026-08-07T05:48:55Z
0423,충무로(4),승강기)에스컬레이터-충무로(4) 내부 1호기,B3-B2,동대문역사문화공원 방면4-2,사용가능,ES,2026-08-07T05:48:55Z
0423,충무로(4),승강기)에스컬레이터-충무로(4) 내부 2호기,B3-B2,동대문역사문화공원 방면4-2,사용가능,ES,2026-08-07T05:48:55Z
0423,충무로(4),승강기)에스컬레이터-충무로(4) 내부 3호기,B2-B3,명동 방면6-3,사용가능,ES,2026-08-07T05:48:55Z
0423,충무로(4),승강기)에스컬레이터-충무로(4) 내부 4호기,B3-B2,동대문역사문화공원 방면6-3,사용가능,ES,2026-08-07T05:48:55Z
0423,충무로(4),승강기)에스컬레이터-충무로(4) 내부 5호기,B2-B3,명동 방면5-2,사용가능,ES,2026-08-07T05:48:55Z
0423,충무로(4),승강기)에스컬레이터-충무로(4) 내부 6호기,B2-B3,동대문역사문화공원 방면5-2,사용가능,ES,2026-08-07T05:48:55Z
0423,충무로(4),승강기)에스컬레이터-충무로(4) 내부 8호기,B3-B2,동대문역사문화공원 방면7-2,사용가능,ES,2026-08-07T05:48:55Z
0423,충무로(4),승강기)에스컬레이터-충무로(4) 내부 9호기,B1-B2,대합실(동대문역사문화공원 방면4-2),사용가능,ES,2026-08-07T05:48:55Z
0423,충무로(4),승강기)엘리베이터 충무로(4)역 3-4호선 내부#3,B4-B2,"을지로3가 방면7-4,동대입구 방면4-1",사용가능,EV,2026-08-07T05:48:55Z
0423,충무로(4),승강기)엘리베이터-충무로(4) 7번 출구측 외부#1,B1-1F,7번 출입구,사용가능,EV,2026-08-07T05:48:55Z
0423,충무로(4),승강기)엘리베이터-충무로(4) 상행 8-1 내부#1,B3-B1,동대문역사문화공원 방면8-1,사용가능,EV,2026-08-07T05:48:55Z
0423,충무로(4),승강기)엘리베이터-충무로(4) 하행 3-3 내부#2,B3-B1,명동 방면3-3,사용가능,EV,2026-08-07T05:48:55Z
0424,명동,승강기)에스컬레이터-명동 1번출구 5호기,1F-B1,1번 출입구,사용가능,ES,2026-08-07T05:48:55Z
0424,명동,승강기)에스컬레이터-명동 1번출구 6호기,B1-1F,1번 출입구,사용가능,ES,2026-08-07T05:48:55Z
0424,명동,승강기)에스컬레이터-명동 B계단 옆 3호기,B2-B3,"충무로 방면10-4,회현 방면1-1",사용가능,ES,2026-08-07T05:48:55Z
0424,명동,승강기)에스컬레이터-명동 B계단 옆 4호기,B3-B2,"회현 방면1-1,충무로 방면10-4",사용가능,ES,2026-08-07T05:48:55Z
0424,명동,승강기)에스컬레이터-명동역 내부 1호기,B2-B3,"회현 방면10-4,충무로 방면1-1",사용가능,ES,2026-08-07T05:48:55Z
0424,명동,승강기)엘리베이터-명동 1번출구 외부#1,B1-1F,1번 출입구,사용가능,EV,2026-08-07T05:48:55Z
0424,명동,승강기)엘리베이터-명동 승강장-대합실 내부엘리베이터 1호기,B4-B1,"충무로 방면1-1,회현 방면10-4",사용가능,EV,2026-08-07T05:48:55Z
0425,회현,승강기)에스컬레이터-회현 1,B2-B3,"서울역 방면10-4,명동 방면1-1",사용가능,ES,2026-08-07T05:48:55Z
0425,회현,승강기)에스컬레이터-회현 2,B3-B2,"명동 방면1-1,서울역 방면10-4",사용가능,ES,2026-08-07T05:48:55Z
0425,회현,승강기)에스컬레이터-회현 3,B2-B4,"명동 방면6-4,서울역 방면4-4",사용가능,ES,2026-08-07T05:48:55Z
0425,회현,승강기)에스컬레이터-회현 4,B4-B2,"서울역 방면4-4,명동 방면6-4",사용가능,ES,2026-08-07T05:48:55Z
0425,회현,승강기)에스컬레이터-회현 5,B2-B4,"서울역 방면1-4,명동 방면9-4",사용가능,ES,2026-08-07T05:48:55Z
0425,회현,승강기)에스컬레이터-회현 6,B4-B2,"명동 방면9-4,서울역 방면1-4",사용가능,ES,2026-08-07T05:48:55Z
0425,회현,승강기)엘리베이터-회현 섬식(상)10-1 내부#1,B4-B2-B1,"서울역 방면1-4,명동 방면10-1",사용가능,EV,2026-08-07T05:48:55Z
0425,회현,승강기)엘리베이터-회현 지상도로중앙 외부#1,B1-1F,"3,4,5번 출입구 중심",사용가능,EV,2026-08-07T05:48:55Z
0426,서울역(4),승강기)에스컬레이터-서울(4)역 9-1번출구 3호기,1F-B1,9-1번 출입구(교통섬) 측,사용가능,ES,2026-08-07T05:48:55Z
0426,서울역(4),승강기)에스컬레이터-서울(4)역 9-1번출구 4호기,B1-1F,9-1번 출입구(교통섬) 측,사용가능,ES,2026-08-07T05:48:55Z
0426,서울역(4),승강기)에스컬레이터-서울(4)역 당고개방향(1-1) 2호기,B2-B1,"회현 방면1-1,숙대입구 방면10-4",사용가능,ES,2026-08-07T05:48:55Z
0426,서울역(4),승강기)에스컬레이터-서울(4)역 사당방향(10-4) 1호기,B1-B2,"숙대입구 방면10-4,회현 방면1-1",사용가능,ES,2026-08-07T05:48:55Z
0426,서울역(4),승강기)엘리베이터-서울(4)역 12번 출구 외부#1,B1-1F,12번 출입구,사용가능,EV,2026-08-07T05:48:55Z
0426,서울역(4),승강기)엘리베이터-서울(4)역 섬식(상) 9-1 내부#1,B2-B1,"회현 방면9-1,숙대입구 방면2-4",사용가능,EV,2026-08-07T05:48:55Z
0427,숙대입구,승강기)엘리베이터-숙대입구 10번 출구 외부#1,B1-1F,10번 출입구,사용가능,EV,2026-08-07T05:48:55Z
0427,숙대입구,승강기)엘리베이터-숙대입구 상행 8-1 내부#1,B2-B1,서울역(4) 방면8-1,사용가능,EV,2026-08-07T05:48:55Z
0427,숙대입구,승강기)엘리베이터-숙대입구 하행 3-3 내부#2,B2-B1,삼각지 방면3-3,사용가능,EV,2026-08-07T05:48:55Z
0428,삼각지(전쟁기념관)(4),승강기)에스컬레이터-삼각지 5번출구 상행4,B1-1F,5번 출입구,보수중,ES,2026-08-07T05:48:55Z
0428,삼각지(전쟁기념관)(4),승강기)에스컬레이터-삼각지 5번출구 하행3,1F-B1,5번 출입구,사용가능,ES,2026-08-07T05:48:55Z
0428,삼각지(전쟁기념관)(4),승강기)에스컬레이터-삼각지(4) 2번출구 상행2,B1-1F,2번 출입구,사용가능,ES,2026-08-07T05:48:55Z
0428,삼각지(전쟁기념관)(4),승강기)에스컬레이터-삼각지(4) 2번출구 하행1,1F-B1,2번 출입구,사용가능,ES,2026-08-07T05:48:55Z
0428,삼각지(전쟁기념관)(4),승강기)엘리베이터-삼각지 1-2번 출구측 외부#1,B1-1F,"1,2번 출입구",사용가능,EV,2026-08-07T05:48:55Z
0428,삼각지(전쟁기념관)(4),승강기)엘리베이터-삼각지 5-6번 출구측 외부#2,B1-1F,"5,6번 출입구",사용가능,EV,2026-08-07T05:48:55Z
0428,삼각지(전쟁기념관)(4),승강기)엘리베이터-삼각지 상행 4-3 내부#1,B2-B1,숙대입구 방면4-3,사용가능,EV,2026-08-07T05:48:55Z
0428,삼각지(전쟁기념관)(4),승강기)엘리베이터-삼각지 하행 7-2 내부#2,B2-B1,신용산 방면7-2,사용가능,EV,2026-08-07T05:48:55Z
0428,삼각지(전쟁기념관)(4),승강기)엘리베이터-삼각지(4) 3번출구측 외부#3,B1-1F,3번 출입구,사용가능,EV,2026-08-07T05:48:55Z
0429,신용산,승강기)에스컬레이터-신용산 1번출구 6호기,B1-1F,1번 출입구,사용가능,ES,2026-08-07T05:48:55Z
0429,신용산,승강기)에스컬레이터-신용산 1번출구 7호기,1F-B1,1번 출입구,보수중,ES,2026-08-07T05:48:55Z
0429,신용산,승강기)에스컬레이터-신용산 1번출구 8호기,B1-1F,1번 출입구,사용가능,ES,2026-08-07T05:48:55Z
0429,신용산,승강기)에스컬레이터-신용산 1번출구 9호기,1F-B1,1번 출입구,사용가능,ES,2026-08-07T05:48:55Z
0429,신용산,승강기)에스컬레이터-신용산 3번출구 3호기,B1-1F,3번 출입구,사용가능,ES,2026-08-07T05:48:55Z
0429,신용산,승강기)에스컬레이터-신용산 4번출구 4호기,B1-1F,4번 출입구,사용가능,ES,2026-08-07T05:48:55Z
0429,신용산,승강기)에스컬레이터-신용산 4번출구 5호기,1F-B1,4번 출입구,사용가능,ES,2026-08-07T05:48:55Z
0429,신용산,승강기)에스컬레이터-신용산 5번출구 1호기,1F-B1,5번 출입구,사용가능,ES,2026-08-07T05:48:55Z
0429,신용산,승강기)에스컬레이터-신용산 5번출구 2호기,B1-1F,5번 출입구,사용가능,ES,2026-08-07T05:48:55Z
0429,신용산,승강기)엘리베이터-신용산 1번출구측 외부#1,B2-1F,1번 출입구,사용가능,EV,2026-08-07T05:48:55Z
0429,신용산,승강기)엘리베이터-신용산 4번출구측 외부#2,B1-1F,4번 출입구,사용가능,EV,2026-08-07T05:48:55Z
0429,신용산,승강기)엘리베이터-신용산 상행 8-2 내부#1,B1-B2,삼각지 방면8-2,사용가능,EV,2026-08-07T05:48:55Z
0429,신용산,승강기)엘리베이터-신용산 하행 3-2 내부#2,B1-B2,이촌 방면3-2,사용가능,EV,2026-08-07T05:48:55Z
0430,이촌(4),승강기)에스컬레이터-이촌 1번출구 상행2,B1-1F,1번 출입구,사용가능,ES,2026-08-07T05:48:55Z
0430,이촌(4),승강기)에스컬레이터-이촌 1번출구 하행1,1F-B1,1번 출입구,사용가능,ES,2026-08-07T05:48:55Z
0430,이촌(4),승강기)에스컬레이터-이촌 2번출구 상행4,B1-1F,2번 출입구,사용가능,ES,2026-08-07T05:48:55Z
0430,이촌(4),승강기)에스컬레이터-이촌 2번출구 하행3,1F-B1,2번 출입구,사용가능,ES,2026-08-07T05:48:55Z
0430,이촌(4),승강기)엘리베이터-이촌 1번 출구측 외부#1,B1-1F,1번 출입구,보수중,EV,2026-08-07T05:48:55Z
0430,이촌(4),승강기)엘리베이터-이촌 2번 출구측 외부#2,B1-1F,2번 출입구,사용가능,EV,2026-08-07T05:48:55Z
0430,이촌(4),승강기)엘리베이터-이촌 상행 8-1 내부#1,B2-B1,신용산 방면8-1,사용가능,EV,2026-08-07T05:48:55Z
0430,이촌(4),승강기)엘리베이터-이촌 하행 3-3 내부#2,B2-B1,동작 방면3-3,사용가능,EV,2026-08-07T05:48:55Z
0430,이촌(4),승강기)엘리베이터-이촌(4) 경의선-4호선 내부엘리베이터 3호기,B1-1F,환승통로(서빙고 방면1-4),사용가능,EV,2026-08-07T05:48:55Z
0431,동작(4),승강기)엘리베이터-동작 상행 7-4 내부#1,2F-3F,이촌 방면7-4,사용가능,EV,2026-08-07T05:48:55Z
0431,동작(4),승강기)엘리베이터-동작 하행 4-4 내부#2,1F-2F-3F,총신대입구 방면4-4,사용가능,EV,2026-08-07T05:48:55Z
0432,총신대입구(4),승강기)에스컬레이터-총신대입구 14번출구 1호기,1F-B1,14번 출입구,사용가능,ES,2026-08-07T05:48:55Z
0432,총신대입구(4),승강기)에스컬레이터-총신대입구 14번출구 2호기,B1-1F,14번 출입구,사용가능,ES,2026-08-07T05:48:55Z
0432,총신대입구(4),승강기)에스컬레이터-총신대입구 1번출구 3호기,1F-B1,1번 출입구,사용가능,ES,2026-08-07T05:48:55Z
0432,총신대입구(4),승강기)에스컬레이터-총신대입구 1번출구 4호기,B1-1F,1번 출입구,사용가능,ES,2026-08-07T05:48:55Z
0432,총신대입구(4),승강기)엘리베이터-총신대입구 14번 출구측 외부#2,B1-1F,14번 출입구,사용가능,EV,2026-08-07T05:48:55Z
0432,총신대입구(4),승강기)엘리베이터-총신대입구 1번 출구측 외부#1,B1-1F,1번 출입구,사용가능,EV,2026-08-07T05:48:55Z
0432,총신대입구(4),승강기)엘리베이터-총신대입구 상행 7-3내부#1,B2-B1,동작 방면7-3,사용가능,EV,2026-08-07T05:48:55Z
0432,총신대입구(4),승강기)엘리베이터-총신대입구 하행 8-3 내부#2,B2-B1,사당(4) 방면8-3,사용가능,EV,2026-08-07T05:48:55Z
0433,사당(4),승강기)에스컬레이터-사당(4) 3번출구 6호기,1F-B1,3번 출입구,사용가능,ES,2026-08-07T05:48:55Z
