collected_at,stnCd,fcltNm,lineNm,stnNm,stnNo,crtrYmd,fcltSeNm,cusarThrghSeNm,nrsrmUtztnMth,stllAcsYn,doorItphnEn,itphnEn,nrspcLockEn,vstcdEn,hnstzYn,dprSwchbrdCnt,dprBoxEn,nrspttEn,spsofaEn,mpsofaEn,tableEn,wshstndEn,trmmtEn,hgmtEn,wthtEn,rfgrEn,mwovenEn,chlhtrEn,acEn,fanEn,htrEn,acnrEn,dspdprEn,tsEn,ptlEn,safiEn,lsEn,chwpEn,infntBedEn,nrsstlEn,nrsplwEn,nrslgtEn,bmbEn,mwovenosEn,portEn,drtbEn,sofaCnt,infntBedCnt,stnFlr,exitNo,utztnHr,operInstTelno,gateInoutSe,dtlPstn,FCAR,grndUdgdSe
2026-08-07 15:39,0153,수유실,1호선,종로3가,130,,가족수유실,단독,1인가족 단독사용,Y,Y,Y,N,N,Y,1,Y,Y,N,Y,Y,Y,N,N,Y,N,Y,Y,Y,Y,Y,Y,Y,Y,Y,Y,Y,N,N,N,N,N,N,Y,N,Y,1,0,B1,12,영업시간내,0261101301,외부,B1 고객안전실 인접,11.700000000,지하
2026-08-07 15:39,0155,수유실,1호선,동대문,128,,모유수유실,단독,1인가족 단독사용,Y,Y,Y,N,N,Y,1,Y,Y,N,Y,Y,Y,Y,N,Y,N,Y,Y,Y,Y,Y,N,Y,Y,Y,Y,Y,N,Y,N,N,N,N,Y,N,Y,1,1,B1,"1, 6",영업시간내,0261101281,내부,B1 고객안전실  인접,9.900000000,지하
2026-08-07 15:39,0201,수유실,2호선,시청,201,,가족수유실,단독,1인가족 단독사용,Y,Y,Y,N,N,Y,1,Y,Y,N,Y,Y,Y,Y,Y,Y,Y,N,N,Y,Y,Y,N,Y,Y,Y,Y,Y,N,Y,N,N,N,N,N,N,Y,1,1,B2,"8,11,12",영업시간내,0261102011,내부,B2 고객안전실 인접,24.500000000,지하
2026-08-07 15:39,0211,수유실,2호선,성수,211,,가족수유실,단독,1인가족 단독사용,Y,Y,Y,N,N,Y,1,Y,Y,N,Y,Y,Y,N,N,Y,N,Y,Y,Y,N,Y,N,Y,Y,Y,Y,Y,N,Y,N,Y,N,Y,N,N,Y,2,1,2,1,영업시간내,0261102111,내부,1번출구방면 게이트 안쪽,19.800000000,지상
2026-08-07 15:39,0214,수유실,2호선,강변,214,,가족수유실,단독,1인가족 단독사용,Y,Y,Y,N,N,Y,1,Y,Y,Y,Y,Y,Y,N,N,Y,N,Y,N,Y,Y,N,N,Y,Y,Y,Y,Y,N,Y,N,Y,N,N,N,N,Y,3,1,1,2,영업시간내,0261102141,내부,2번출구방면 게이트 안쪽,14.000000000,지상
2026-08-07 15:39,0216,수유실,2호선,잠실,216,,가족수유실,단독,1인가족 단독사용,Y,Y,Y,N,N,Y,1,Y,N,N,Y,Y,Y,N,N,Y,N,Y,N,N,Y,Y,N,Y,Y,Y,N,Y,N,N,N,N,N,N,Y,N,Y,1,0,B1,"1,2",영업시간내,0261102161,외부,B1 8호선 연결통로방면 게이트 옆,14.000000000,지하
2026-08-07 15:39,0219,수유실,2호선,삼성,219,,모유수유실,단독,1인가족 단독사용,Y,Y,Y,N,N,Y,1,Y,N,Y,N,Y,Y,N,N,Y,N,Y,N,N,Y,Y,N,Y,Y,Y,Y,Y,N,N,N,N,N,N,N,N,Y,1,0,B1,"1,2,8",영업시간내,0261102191,외부,B1 아이센터 옆,7.500000000,지하
2026-08-07 15:39,0222,수유실,2호선,강남,222,,모유수유실,단독,1인가족 단독사용,Y,Y,Y,N,N,Y,1,Y,Y,N,Y,Y,Y,Y,Y,Y,N,Y,N,N,Y,Y,Y,Y,Y,Y,Y,Y,N,N,N,N,N,N,N,N,N,1,0,B1,"1, 12",영업시간내,2061102221,내부,B1 고객안전실  앞,8.000000000,지하
2026-08-07 15:39,0230,수유실,2호선,신림,230,,모유수유실,단독,1인가족 단독사용,Y,Y,Y,N,N,Y,1,N,Y,N,Y,Y,Y,N,N,Y,N,Y,N,N,Y,Y,Y,Y,Y,Y,Y,Y,N,N,N,N,N,N,N,N,Y,1,0,B1,5,영업시간내,0261102301,내부,B1 고객안전실 방면 게이트 옆,7.600000000,지하
2026-08-07 15:39,0233,수유실,2호선,대림,233,,가족수유실,단독,1인가족 단독사용,Y,Y,Y,N,N,Y,1,N,Y,N,Y,Y,Y,Y,Y,Y,N,Y,Y,Y,Y,Y,N,Y,Y,Y,Y,Y,N,Y,N,N,Y,N,Y,N,Y,1,1,2,"1, 2",영업시간내,0261102331,내부,2F 고객안전실  인접,13.000000000,지상
2026-08-07 15:39,0236,수유실,2호선,영등포구청,236,,가족수유실,단독,1인가족 단독사용,Y,Y,Y,N,N,Y,1,Y,Y,N,Y,Y,Y,Y,N,Y,N,Y,Y,Y,Y,Y,Y,Y,Y,Y,Y,Y,N,Y,N,N,N,N,N,N,Y,1,1,B1,2,영업시간내,0261102361,내부,B1 고객안전실  인접,11.000000000,지하
2026-08-07 15:39,0240,수유실,2호선,신촌,240,,가족수유실,단독,1인가족 단독사용,Y,Y,Y,N,N,Y,1,Y,Y,Y,Y,Y,Y,N,N,Y,Y,Y,Y,Y,N,Y,Y,Y,Y,Y,Y,Y,N,Y,N,Y,N,N,Y,N,Y,3,1,B1,4,영업시간내,0261102401,외부,B1 고객안전실  인접,9.700000000,지하
2026-08-07 15:39,0246,수유실,2호선,신설동,211-4,,모유수유실,고객안전실경유,1인가족 단독사용,Y,N,N,N,N,Y,1,Y,N,Y,N,Y,N,N,N,N,N,N,Y,Y,N,Y,N,Y,Y,Y,Y,Y,N,N,N,N,N,N,N,N,Y,1,0,B1,"7,8,9",영업시간내,0261101371,내부,B1 고객안전실  내부,7.100000000,지하
2026-08-07 15:39,0316,수유실,3호선,독립문,326,,가족수유실,고객안전실경유,1인가족 단독사용,Y,N,N,N,N,Y,1,Y,N,N,Y,Y,Y,N,N,Y,N,Y,N,N,Y,Y,N,Y,Y,Y,Y,Y,N,Y,N,N,N,N,Y,N,Y,1,1,B2,"3-1, 4",영업시간내,0261103261,외부,B2 고객안전실  내부,12.900000000,지하
2026-08-07 15:39,0325,수유실,3호선,옥수,335,,모유수유실,단독,1인가족 단독사용,Y,Y,Y,N,N,Y,1,N,Y,N,Y,Y,Y,N,N,Y,N,Y,Y,Y,N,Y,N,Y,Y,Y,Y,Y,N,Y,N,N,N,N,N,N,Y,1,1,F3,3,영업시간내,0261103351,내부,F3 고객안전실방면 게이트 옆,18.000000000,지상
2026-08-07 15:39,0329,수유실,3호선,고속터미널,339,,가족수유실,단독,1인가족 단독사용,Y,Y,Y,Y,N,Y,1,Y,N,Y,Y,Y,Y,Y,Y,Y,N,Y,N,Y,Y,Y,Y,Y,Y,Y,Y,Y,N,Y,N,N,N,N,N,N,Y,2,1,B2,1,영업시간내,0261103391,내부,B2 9호선 환승게이트 옆,19.800000000,지하
2026-08-07 15:39,0332,수유실,3호선,양재,342,,가족수유실,단독,다수가족 공동사용,Y,Y,Y,N,N,Y,2,Y,Y,Y,Y,Y,Y,Y,Y,Y,N,Y,Y,Y,Y,N,Y,Y,Y,Y,Y,Y,Y,Y,N,Y,Y,N,Y,N,Y,4,1,B1,"3, 4",영업시간내,0261103421,외부,"B1 ③,④방면 출구 옆",25.000000000,지하
2026-08-07 15:39,0334,수유실,3호선,도곡,344,,가족수유실,단독,1인가족 단독사용,Y,Y,Y,N,N,Y,1,Y,Y,Y,Y,Y,Y,Y,Y,Y,N,Y,N,N,Y,Y,Y,Y,Y,Y,Y,Y,N,Y,N,N,N,N,Y,N,Y,2,1,B2,"1, 2",영업시간내,0261103441,내부,B2 고객안전실  앞,26.200000000,지하
2026-08-07 15:39,0310,수유실,3호선,구파발,320,,가족수유실,단독,1인가족 단독사용,Y,Y,Y,N,N,Y,1,Y,N,N,Y,Y,Y,N,N,Y,N,Y,Y,Y,N,Y,Y,Y,Y,Y,Y,Y,N,Y,N,Y,N,N,Y,N,Y,1,1,B1,1,영업시간내,0261103201,외부,B1 고객안전실  인접,9.800000000,지하
2026-08-07 15:39,0411,수유실,4호선,노원,411,,가족수유실,단독,1인가족 단독사용,Y,Y,Y,N,N,Y,1,Y,Y,N,Y,Y,Y,Y,N,Y,N,Y,Y,Y,N,Y,N,Y,Y,Y,Y,Y,N,N,N,Y,N,N,Y,N,Y,2,0,2,2,영업시간내,2061104111,외부,2F 고객안전실  앞,48.000000000,지상
2026-08-07 15:39,0416,수유실,4호선,미아사거리,416,,가족수유실,고객안전실경유,1인가족 단독사용,Y,N,N,N,N,Y,1,N,N,N,Y,Y,Y,N,N,N,N,Y,Y,Y,Y,Y,N,Y,Y,Y,Y,Y,N,Y,N,Y,N,N,N,N,Y,1,1,B1,"1, 6",영업시간내,0261104161,외부,B1 고객안전실 내부,13.000000000,지하
2026-08-07 15:39,0417,수유실,4호선,길음,417,,가족수유실,단독,1인가족 단독사용,Y,Y,Y,N,N,Y,1,N,N,N,Y,Y,Y,Y,N,N,N,Y,N,Y,Y,Y,N,Y,Y,Y,Y,Y,N,Y,N,N,N,N,Y,N,Y,1,1,B1,5,영업시간내,0261104171,외부,B1 고객안전실  인접,17.000000000,지하
2026-08-07 15:39,0422,수유실,4호선,동대문역사문화공원,422,,가족수유실,고객안전실경유,1인가족 단독사용,Y,N,N,N,N,Y,1,Y,Y,Y,Y,Y,Y,N,N,Y,Y,Y,Y,Y,Y,Y,N,Y,N,Y,Y,Y,N,Y,N,Y,N,N,Y,N,N,2,1,B1,"4, 8",영업시간내,0261104221,외부,B1 고객안전실  내부,28.000000000,지하
2026-08-07 15:39,0426,수유실,4호선,서울역,426,,가족수유실,단독,1인가족 단독사용,Y,Y,Y,N,N,Y,1,Y,Y,N,Y,Y,Y,Y,N,Y,N,Y,N,Y,N,Y,N,Y,Y,N,N,Y,N,Y,N,N,Y,N,Y,N,Y,1,1,B1,"11,14",영업시간내,0261104261,외부,B1 여자화장실 인접,10.000000000,지하
2026-08-07 15:39,0430,수유실,4호선,이촌,430,,가족수유실,단독,1인가족 단독사용,Y,Y,Y,N,N,Y,1,N,N,Y,Y,Y,Y,N,N,Y,N,Y,Y,N,Y,Y,N,Y,Y,Y,Y,Y,N,N,N,N,N,N,Y,N,Y,2,0,B1,"2, 3",영업시간내,0261104301,내부,B1고객안전실  인접,10.000000000,지하
2026-08-07 15:39,0433,수유실,4호선,사당,433,,가족수유실,고객안전실경유,1인가족 단독사용,N,N,N,N,N,Y,1,Y,Y,Y,Y,N,Y,N,N,Y,N,Y,N,Y,N,Y,N,Y,Y,Y,Y,Y,N,Y,Y,N,Y,N,Y,N,N,2,1,B2,"9, 10, 11, 12",영업시간내,0261104331,내부,B2 고객안전실  내부,7.020000000,지하
2026-08-07 15:39,2513,수유실,5호선,김포공항,512,,가족수유실,고객안전실경유,1인가족 단독사용,Y,N,N,N,N,Y,1,Y,Y,N,Y,Y,Y,Y,Y,Y,N,Y,N,N,Y,Y,N,Y,Y,Y,Y,Y,N,N,N,N,N,N,Y,N,Y,1,0,B2,"2, 3",영업시간내,0263115121,외부,B2 고객안전실 내부,8.000000000,지하
2026-08-07 15:39,2517,수유실,5호선,우장산,516,,가족수유실,단독,1인가족 단독사용,Y,Y,Y,N,N,Y,1,Y,Y,N,Y,Y,Y,Y,Y,Y,N,Y,N,N,Y,Y,N,Y,Y,Y,Y,Y,N,N,N,N,N,N,Y,N,Y,1,0,B1,"1, 2, 3, 4",영업시간내,0263115161,외부,B1 고객안전실 앞,11.800000000,지하
2026-08-07 15:39,2519,수유실,5호선,까치산,518,,가족수유실,단독,1인가족 단독사용,Y,Y,Y,N,N,Y,1,Y,Y,N,Y,Y,Y,N,N,Y,N,Y,N,N,Y,Y,N,Y,Y,Y,Y,Y,N,N,N,N,N,N,Y,N,Y,1,0,B1,2,영업시간내,0263115181,내부,B1 고객안전실 인접,15.800000000,지하
2026-08-07 15:39,2521,수유실,5호선,목동,520,,가족수유실,고객안전실경유,1인가족 단독사용,Y,N,N,N,N,Y,1,Y,Y,N,Y,Y,Y,N,N,Y,N,Y,N,N,Y,Y,N,Y,Y,Y,Y,Y,N,N,N,N,N,N,Y,N,Y,1,0,B1,"3, 4, 5, 6",영업시간내,0263115201,내부,B1 고객안전실 내부,10.900000000,지하
2026-08-07 15:39,2524,수유실,5호선,영등포구청,523,,모유수유실,고객안전실경유,1인가족 단독사용,Y,N,N,N,N,Y,1,Y,Y,N,Y,Y,Y,N,N,Y,N,Y,N,N,Y,Y,N,Y,Y,Y,Y,Y,N,N,N,N,N,N,N,N,Y,1,0,B4,"6, 7",영업시간내,0263115231,외부,B4 고객안전실 내부,10.800000000,지하
2026-08-07 15:39,2526,수유실,5호선,신길,525,,가족수유실,고객안전실경유,1인가족 단독사용,Y,N,N,N,N,Y,1,Y,Y,N,Y,N,Y,N,N,Y,N,Y,N,N,Y,Y,N,Y,Y,Y,Y,Y,N,N,N,N,N,N,Y,N,Y,1,0,B3,3,영업시간내,0263115251,내부,B3 고객안전실 내부,12.960000000,지하
2026-08-07 15:39,2527,수유실,5호선,여의도,526,,가족수유실,고객안전실경유,1인가족 단독사용,Y,N,N,N,N,Y,1,Y,N,N,Y,Y,N,N,N,N,N,Y,N,N,Y,Y,N,Y,Y,Y,Y,Y,Y,N,N,N,N,N,Y,N,N,1,0,B1,"1, 3, 5, 6",영업시간내,0263115261,외부,B1 대합실중앙 아이센터 내부,10.800000000,지하
2026-08-07 15:39,2528,수유실,5호선,여의나루,527,,가족수유실,단독,1인가족 단독사용,Y,Y,N,N,N,Y,1,Y,Y,Y,N,Y,Y,N,N,Y,N,Y,Y,Y,N,N,N,Y,Y,Y,N,Y,N,N,N,N,N,N,Y,N,Y,1,0,B1,"2, 3",영업시간내,0263115271,외부,B1 대합실 러너스테이션 인접,17.550000000,지하
2026-08-07 15:39,2530,수유실,5호선,공덕,529,,가족수유실,단독,1인가족 단독사용,Y,N,N,N,N,Y,1,Y,Y,N,Y,Y,N,N,N,N,N,Y,N,N,Y,Y,N,Y,Y,Y,Y,Y,N,N,N,N,N,N,Y,N,N,1,0,B1,7,영업시간내,0263115291,외부,B1 고객안전실 인접,14.000000000,지하
2026-08-07 15:39,2532,수유실,5호선,충정로,531,,가족수유실,고객안전실경유,1인가족 단독사용,Y,N,N,N,N,Y,1,Y,Y,N,Y,Y,Y,N,N,Y,N,Y,N,N,Y,Y,N,Y,Y,Y,Y,Y,N,N,N,N,N,N,Y,N,Y,1,0,B1,"7, 10",영업시간내,0263115311,외부,B1 고객안전실 내부,11.500000000,지하
2026-08-07 15:39,2534,수유실,5호선,광화문,533,,가족수유실,단독,1인가족 단독사용,Y,Y,Y,N,N,Y,1,Y,Y,N,Y,Y,Y,N,N,Y,N,Y,N,N,Y,Y,N,Y,Y,Y,Y,Y,N,N,N,N,N,N,Y,N,Y,1,0,B2,"1, 8",영업시간내,0263115331,외부,B2 고객안전실 인접,14.640000000,지하
2026-08-07 15:39,2537,수유실,5호선,동대문역사문화공원,536,,가족수유실,단독,1인가족 단독사용,N,Y,Y,N,N,Y,2,Y,Y,N,Y,Y,Y,N,N,Y,N,Y,N,N,Y,Y,N,Y,Y,Y,Y,Y,N,N,N,Y,N,N,Y,N,Y,1,0,B2,"6, 7",영업시간내,0263115361,외부,B2 고객안전실 인접,16.000000000,지하
2026-08-07 15:39,2538,수유실,5호선,청구,537,,가족수유실,고객안전실경유,1인가족 단독사용,Y,N,N,N,N,Y,1,Y,Y,N,Y,Y,Y,N,N,Y,N,Y,N,N,Y,Y,N,Y,Y,Y,Y,Y,N,Y,N,N,N,N,Y,N,Y,1,1,B1,3,영업시간내,0263115371,외부,B1 고객안전실 내부,25.540000000,지하
2026-08-07 15:39,2541,수유실,5호선,왕십리,540,,모유수유실,고객안전실경유,1인가족 단독사용,Y,N,N,N,N,Y,2,Y,Y,N,Y,Y,Y,N,N,Y,N,Y,N,N,Y,N,N,Y,Y,Y,Y,Y,N,N,N,Y,N,N,Y,N,Y,1,0,B1,5,영업시간내,0263115401,외부,B1 고객안전실 내부,15.190000000,지하
2026-08-07 15:39,2543,수유실,5호선,답십리,542,,가족수유실,단독,1인가족 단독사용,Y,Y,Y,N,N,Y,2,Y,Y,N,Y,Y,Y,N,N,Y,N,Y,N,N,Y,Y,N,Y,Y,Y,Y,Y,N,N,N,N,N,N,Y,N,Y,1,0,B2,1,영업시간내,0263115421,외부,B2 고객안전실 인접,13.040000000,지하
2026-08-07 15:39,2545,수유실,5호선,군자,544,,가족수유실,고객안전실경유,1인가족 단독사용,Y,N,N,N,N,Y,2,Y,Y,Y,Y,Y,Y,Y,Y,Y,N,Y,Y,N,Y,Y,N,Y,Y,Y,Y,Y,N,N,N,Y,N,N,Y,N,Y,1,0,B1,"1, 2",영업시간내,0263115441,내부,B1 고객안전실 내부,14.260000000,지하
2026-08-07 15:39,2546,수유실,5호선,아차산,545,,가족수유실,고객안전실경유,다수가족 공동사용,Y,N,N,N,N,Y,1,Y,Y,N,Y,Y,Y,N,N,Y,N,Y,N,N,Y,Y,N,Y,Y,Y,Y,Y,N,N,N,N,N,N,Y,N,Y,1,0,B2,1,영업시간내,0263115451,내부,B2 고객안전실 내부,12.000000000,지하
2026-08-07 15:39,2548,수유실,5호선,천호,547,,가족수유실,고객안전실경유,1인가족 단독사용,Y,N,N,N,N,Y,2,N,Y,Y,Y,Y,Y,Y,N,Y,N,Y,N,N,Y,Y,N,Y,Y,Y,Y,Y,N,N,N,N,N,N,Y,N,Y,2,0,B1,"9, 10",영업시간내,0263115471,내부,B1 고객안전실 내부,14.270000000,지하
2026-08-07 15:39,2549,수유실,5호선,강동,548,,가족수유실,고객안전실경유,1인가족 단독사용,Y,N,N,N,N,Y,2,Y,Y,N,Y,Y,Y,N,N,Y,N,Y,N,N,Y,Y,N,Y,Y,Y,Y,Y,N,N,N,N,N,N,Y,N,N,1,0,B3,2,영업시간내,0263115481,외부,B3 고객안전실 내부,18.000000000,지하
2026-08-07 15:39,2553,수유실,5호선,고덕,552,,가족수유실,단독,1인가족 단독사용,Y,Y,Y,N,N,Y,2,Y,Y,N,Y,Y,Y,N,N,Y,N,Y,N,N,Y,Y,N,Y,Y,Y,Y,Y,N,N,N,N,N,N,Y,N,N,1,0,B1,4,영업시간내,0263115521,내부,B1 고객안전실 인접,18.000000000,지하
2026-08-07 15:39,2556,수유실,5호선,올림픽공원,P550,,가족수유실,고객안전실경유,1인가족 단독사용,Y,N,N,N,N,Y,1,Y,Y,Y,Y,Y,Y,N,N,N,N,Y,N,N,Y,Y,N,Y,Y,Y,Y,Y,Y,N,N,N,N,N,Y,N,N,2,0,B2,2,영업시간내,0263115551,내부,B2 고객안전실 내부,9.920000000,지하
2026-08-07 15:39,2560,수유실,5호선,거여,P554,,가족수유실,단독,1인가족 단독사용,Y,Y,Y,N,N,Y,1,Y,Y,N,Y,Y,Y,N,N,Y,N,Y,N,N,Y,Y,N,Y,Y,Y,Y,Y,N,Y,N,N,N,N,Y,N,Y,1,1,B1,1,영업시간내,0263115591,내부,B1 고객안전실 인접,10.400000000,지하
2026-08-07 15:39,2562,수유실,5호선,강일,554,,가족수유실,단독,1인가족 단독사용,Y,Y,Y,N,N,Y,1,Y,Y,Y,N,Y,Y,N,N,Y,N,Y,N,N,Y,Y,N,Y,Y,Y,Y,Y,N,Y,N,N,N,N,Y,N,Y,2,1,B2,2,영업시간내,0263115611,외부,B2 (나)고객안전실 인접,21.950000000,지하
2026-08-07 15:39,2563,수유실,5호선,미사,555,,가족수유실,단독,1인가족 단독사용,Y,Y,Y,N,N,Y,1,Y,N,Y,N,Y,Y,N,N,Y,N,Y,N,N,Y,Y,N,Y,Y,Y,Y,Y,N,Y,N,N,N,Y,Y,N,Y,2,1,B1,6,영업시간내,0263115621,외부,B1 고객안전실 앞,18.640000000,지하
2026-08-07 15:39,2564,수유실,5호선,하남풍산,556,,가족수유실,단독,1인가족 단독사용,Y,Y,Y,N,N,Y,1,Y,N,Y,N,Y,Y,N,N,Y,N,Y,N,N,Y,Y,N,Y,Y,Y,Y,Y,N,Y,N,N,N,N,Y,N,Y,2,1,B1,4,영업시간내,0263115631,외부,B1 고객안전실 옆,15.400000000,지하
2026-08-07 15:39,2565,수유실,5호선,하남시청,557,,가족수유실,단독,1인가족 단독사용,Y,Y,Y,N,N,Y,1,N,Y,Y,N,Y,Y,N,N,Y,N,Y,Y,N,Y,Y,N,Y,Y,Y,Y,Y,N,Y,Y,Y,N,N,Y,N,N,2,1,B1,3,영업시간내,0263115641,외부,B1 고객안전실 인접,24.880000000,지하
2026-08-07 15:39,2566,수유실,5호선,하남검단산,558,,가족수유실,단독,1인가족 단독사용,Y,Y,Y,N,N,Y,1,N,N,Y,N,Y,Y,N,N,Y,N,Y,Y,N,Y,Y,N,Y,Y,Y,Y,Y,N,Y,Y,N,N,N,Y,N,N,2,1,B1,1,영업시간내,0263115651,외부,B1 게이트 옆,24.880000000,지하
2026-08-07 15:39,2611,수유실,6호선,응암,610,,가족수유실,단독,1인가족 단독사용,Y,Y,Y,N,N,Y,2,Y,Y,Y,Y,Y,Y,N,N,Y,N,Y,N,N,Y,Y,N,Y,Y,Y,Y,Y,N,N,N,N,N,N,Y,N,Y,2,0,B1,1~4,영업시간내,0263116100,내부,B1 고객안전실 앞,24.980000000,지하
2026-08-07 15:39,2613,수유실,6호선,불광,612,,가족수유실,단독,1인가족 단독사용,Y,Y,Y,N,N,Y,2,Y,Y,Y,Y,Y,Y,N,N,Y,N,Y,N,N,Y,Y,N,Y,Y,Y,Y,Y,N,N,N,N,N,N,Y,N,Y,2,0,B2,8,영업시간내,0263116120,내부,B2 고객안전실 인접,23.700000000,지하
2026-08-07 15:39,2620,수유실,6호선,월드컵경기장,619,,가족수유실,단독,1인가족 단독사용,Y,Y,Y,N,N,Y,2,Y,Y,N,Y,Y,Y,N,N,Y,N,Y,N,N,Y,Y,N,Y,Y,Y,Y,Y,N,N,N,N,N,N,Y,N,Y,1,0,B2,"2,3",영업시간내,0263116190,내부,B2 고객안전실 인접,25.000000000,지하
2026-08-07 15:39,2623,수유실,6호선,합정,622,,가족수유실,고객안전실경유,1인가족 단독사용,Y,N,N,N,N,Y,1,Y,Y,N,Y,Y,Y,N,N,N,N,Y,N,N,Y,N,N,Y,Y,Y,Y,Y,N,N,N,N,N,N,Y,N,Y,1,0,B1,8,영업시간내,0263116220,내부,B1 고객안전실 내부,11.600000000,지하
2026-08-07 15:39,2626,수유실,6호선,대흥,625,,가족수유실,고객안전실경유,1인가족 단독사용,Y,N,N,N,N,Y,1,Y,Y,N,Y,Y,Y,N,N,Y,N,Y,N,N,Y,Y,N,Y,Y,Y,Y,Y,N,N,N,N,N,N,Y,N,Y,1,0,B2,1~4,영업시간내,0263116251,내부,B2 고객안전실 내부,10.850000000,지하
2026-08-07 15:39,2629,수유실,6호선,삼각지,628,,가족수유실,단독,1인가족 단독사용,Y,Y,Y,N,N,Y,2,Y,Y,N,Y,Y,Y,N,N,Y,N,Y,N,N,Y,Y,N,Y,Y,Y,Y,Y,N,Y,N,N,N,N,Y,N,Y,3,2,B3,"11, 12, 13, 14",영업시간내,0263116281,외부,B3 고객안전실 인접,28.550000000,지하
2026-08-07 15:39,2631,수유실,6호선,이태원,630,,가족수유실,고객안전실경유,1인가족 단독사용,Y,N,N,N,N,Y,1,Y,Y,Y,Y,Y,Y,N,N,Y,N,Y,N,N,Y,Y,N,Y,Y,Y,Y,Y,N,N,N,N,N,N,Y,N,Y,2,0,B1,"1, 4",영업시간내,0263116301,내부,B1 고객안전실 내부,8.600000000,지하
2026-08-07 15:39,2634,수유실,6호선,약수,633,,가족수유실,단독,1인가족 단독사용,Y,Y,Y,N,N,Y,1,Y,Y,N,Y,Y,Y,N,N,Y,N,Y,N,N,Y,Y,N,Y,Y,Y,Y,Y,N,N,N,N,N,N,Y,N,Y,1,0,B2,"7, 8",영업시간내,0263116331,내부,B2 고객안전실 인접,10.140000000,지하
2026-08-07 15:39,2637,수유실,6호선,동묘앞,636,,모유수유실,단독,1인가족 단독사용,Y,Y,Y,N,N,Y,2,Y,Y,Y,Y,Y,Y,N,N,Y,N,Y,N,N,Y,Y,N,Y,Y,Y,Y,Y,N,Y,N,N,N,N,Y,N,Y,2,2,B2,"5, 6",영업시간내,0263116361,내부,B2 고객안전실 앞,13.750000000,지하
2026-08-07 15:39,2640,수유실,6호선,안암,639,,모유수유실,고객안전실경유,1인가족 단독사용,Y,N,N,N,N,Y,2,Y,Y,Y,Y,Y,Y,N,N,Y,N,Y,N,N,Y,Y,N,Y,Y,Y,Y,Y,N,N,N,N,N,N,Y,N,Y,2,0,B2,"1, 2",영업시간내,0263116391,내부,B2 고객안전실 내부,17.980000000,지하
2026-08-07 15:39,2643,수유실,6호선,상월곡,642,,모유수유실,단독,1인가족 단독사용,Y,Y,Y,N,N,Y,1,Y,Y,N,Y,Y,Y,N,N,N,N,Y,N,N,Y,Y,N,Y,Y,Y,Y,Y,N,N,N,N,N,N,Y,N,Y,1,0,B2,"1, 4",영업시간내,0263116420,내부,B2 고객안전실 인접,13.200000000,지하
2026-08-07 15:39,2713,수유실,7호선,수락산,711,,가족수유실,단독,1인가족 단독사용,Y,Y,Y,N,N,Y,2,Y,Y,Y,Y,Y,Y,N,N,Y,N,Y,N,N,Y,Y,N,Y,Y,Y,Y,Y,N,N,N,N,N,N,Y,N,Y,2,0,B2,"2, 3, 4, 5",영업시간내,0263117110,외부,B2 고객안전실 인접,19.370000000,지하
2026-08-07 15:39,2715,수유실,7호선,노원,713,,가족수유실,고객안전실경유,1인가족 단독사용,Y,N,N,N,N,Y,2,Y,N,N,Y,Y,Y,N,N,Y,N,Y,N,N,Y,Y,N,Y,Y,Y,Y,Y,N,N,N,N,N,N,Y,N,Y,1,0,B2,"5, 6",영업시간내,0263117131,내부,B2 고객안전실 내부,17.160000000,지하
2026-08-07 15:39,2717,수유실,7호선,하계,715,,모유수유실,단독,1인가족 단독사용,Y,Y,Y,N,N,Y,2,Y,Y,N,Y,Y,Y,N,N,Y,N,Y,N,N,Y,Y,N,Y,Y,Y,Y,Y,N,N,N,N,N,Y,Y,N,Y,1,0,B2,"2, 3, 4, 5",영업시간내,0263117151,외부,B2 고객안전실 인접,16.500000000,지하
2026-08-07 15:39,2719,수유실,7호선,태릉입구,717,,가족수유실,고객안전실경유,1인가족 단독사용,Y,N,N,N,N,Y,2,Y,Y,Y,Y,Y,Y,N,N,Y,N,Y,N,N,Y,Y,N,Y,Y,Y,Y,Y,N,N,N,N,N,N,Y,N,Y,2,0,B3,"2, 3, 4, 5, 6",영업시간내,0263117171,내부,B3 고객안전실 내부,20.000000000,지하
2026-08-07 15:39,2722,수유실,7호선,상봉,720,,모유수유실,고객안전실경유,1인가족 단독사용,Y,N,N,N,N,Y,2,Y,Y,N,Y,Y,Y,N,N,Y,N,Y,N,Y,N,Y,N,Y,Y,Y,Y,Y,N,N,N,N,N,N,Y,N,Y,2,0,B1,"1, 2, 3, 4, 5, 6",영업시간내,0263117200,내부,B1 고객안전실 내부,19.440000000,지하
2026-08-07 15:39,2728,수유실,7호선,어린이대공원,726,,가족수유실,고객안전실경유,1인가족 단독사용,Y,N,N,Y,N,Y,2,Y,Y,Y,Y,Y,Y,N,N,Y,N,Y,N,N,Y,Y,N,Y,Y,Y,Y,Y,N,N,N,Y,N,N,Y,N,Y,2,0,B2,"1, 6",영업시간내,0263117260,외부,B2 고객안전실 내부,11.700000000,지하
2026-08-07 15:39,2730,수유실,7호선,뚝섬유원지,728,,모유수유실,단독,1인가족 단독사용,Y,Y,Y,N,N,Y,1,Y,Y,N,Y,Y,N,N,N,N,N,Y,N,N,Y,Y,N,Y,Y,Y,Y,Y,N,N,N,Y,N,N,Y,N,N,1,0,2,"1, 4",영업시간내,0263117280,내부,"2F ①,④출구방면 게이트 안쪽",10.100000000,지상
2026-08-07 15:39,2734,수유실,7호선,논현,732,,가족수유실,고객안전실경유,1인가족 단독사용,Y,N,N,N,N,Y,2,Y,Y,Y,Y,Y,Y,N,N,Y,N,Y,N,N,Y,Y,N,Y,Y,Y,Y,Y,N,Y,N,N,N,N,Y,N,Y,2,2,B2,10,영업시간내,0263117320,내부,B2 고객안전실 내부,15.800000000,지하
2026-08-07 15:39,2736,수유실,7호선,고속터미널,734,,가족수유실,고객안전실경유,1인가족 단독사용,Y,N,N,N,N,Y,2,Y,Y,Y,Y,Y,Y,Y,Y,Y,N,Y,N,N,Y,Y,N,Y,Y,Y,Y,Y,N,N,N,N,N,N,Y,N,Y,2,0,B1,3,영업시간내,0263117340,내부,B1 고객안전실 내부,16.750000000,지하
2026-08-07 15:39,2738,수유실,7호선,이수,736,,가족수유실,고객안전실경유,1인가족 단독사용,Y,N,N,Y,N,Y,2,Y,Y,Y,Y,Y,Y,N,N,Y,N,Y,N,N,Y,Y,N,Y,Y,Y,Y,Y,N,N,N,N,N,N,Y,N,Y,3,0,B3,"9, 10",영업시간내,0263117360,내부,B3 고객안전실 내부,14.400000000,지하
2026-08-07 15:39,2746,수유실,7호선,대림,744,,가족수유실,고객안전실경유,1인가족 단독사용,Y,N,N,N,N,Y,2,Y,Y,Y,Y,Y,Y,Y,Y,Y,N,Y,N,N,Y,Y,N,Y,Y,Y,Y,Y,N,N,N,N,N,N,Y,N,Y,2,0,B1,"9, 10, 11, 12",영업시간내,0263117440,내부,B1 고객안전실 내부,16.530000000,지하
2026-08-07 15:39,2748,수유실,7호선,가산디지털단지,746,,가족수유실,고객안전실경유,1인가족 단독사용,Y,N,N,N,N,Y,2,Y,Y,Y,Y,Y,Y,N,N,Y,N,Y,N,N,Y,Y,N,Y,Y,Y,Y,Y,N,Y,N,N,N,N,Y,N,Y,2,2,B2,"7, 8, 9",영업시간내,0263117460,내부,B2 고객안전실 내부,20.000000000,지하
2026-08-07 15:39,2750,수유실,7호선,광명사거리,748,,가족수유실,고객안전실경유,1인가족 단독사용,Y,N,N,N,N,Y,2,Y,Y,Y,Y,Y,Y,N,N,Y,N,Y,N,N,Y,Y,N,Y,Y,Y,Y,Y,N,Y,N,N,N,N,Y,N,Y,2,2,B2,"2,3,4,5,6,7,8,9",영업시간내,0263117480,외부,B2 고객안전실 내부,10.960000000,지하
2026-08-07 15:39,2752,수유실,7호선,온수,750,,가족수유실,고객안전실경유,1인가족 단독사용,Y,N,N,N,N,Y,1,Y,Y,N,Y,N,Y,N,N,Y,N,Y,N,N,Y,Y,N,Y,Y,Y,Y,Y,N,Y,N,N,N,N,Y,N,Y,1,1,B1,2,영업시간내,0263117500,외부,B1 고객안전실 내부,11.100000000,지하
2026-08-07 15:39,2814,수유실,8호선,몽촌토성,813,,모유수유실,고객안전실경유,1인가족 단독사용,Y,N,N,N,N,Y,1,Y,Y,N,Y,Y,Y,N,N,Y,N,Y,N,N,Y,Y,N,Y,Y,Y,Y,Y,N,N,Y,N,N,N,Y,N,N,1,0,B2,"1,2,3,4,5",영업시간내,0263118130,내부,B2 고객안전실 내부,9.500000000,지하
2026-08-07 15:39,2815,수유실,8호선,잠실,814,,가족수유실,고객안전실경유,1인가족 단독사용,Y,N,N,N,N,Y,1,Y,Y,N,Y,Y,Y,N,N,Y,N,Y,Y,Y,N,N,N,Y,Y,Y,Y,Y,N,N,N,N,N,N,Y,N,N,1,0,B2,10,영업시간내,0263118141,외부,B2 고객안전실 내부,11.250000000,지하
2026-08-07 15:39,2818,수유실,8호선,가락시장,817,,가족수유실,단독,1인가족 단독사용,Y,Y,Y,N,N,Y,2,Y,Y,Y,Y,Y,N,N,N,N,N,Y,N,N,Y,Y,N,Y,Y,Y,Y,N,N,N,N,N,N,N,Y,N,N,3,0,B1,"1, 2, 2-1",영업시간내,0263118170,외부,B1 승강지원단 옆,21.600000000,지하
2026-08-07 15:39,2820,수유실,8호선,장지,819,,모유수유실,단독,1인가족 단독사용,Y,Y,Y,N,N,Y,1,Y,Y,Y,Y,N,Y,N,N,Y,N,Y,N,N,Y,N,N,Y,Y,Y,Y,Y,N,N,N,N,N,N,Y,N,N,1,0,B1,4,영업시간내,0263118190,외부,B1 화장실 옆,7.800000000,지하
2026-08-07 15:39,2823,수유실,8호선,남한산성입구,823,,가족수유실,고객안전실경유,1인가족 단독사용,Y,N,N,N,N,Y,1,Y,Y,N,Y,Y,Y,N,N,Y,N,Y,N,N,Y,Y,N,Y,Y,Y,Y,Y,N,N,N,N,N,N,Y,N,N,2,0,B2,"1,2,3,4",영업시간내,0263118230,내부,B2 고객안전실 내부,10.400000000,지하
2026-08-07 15:39,2827,수유실,8호선,모란,827,,가족수유실,고객안전실경유,1인가족 단독사용,Y,N,N,N,N,Y,1,Y,Y,N,Y,Y,Y,N,N,Y,N,Y,N,N,Y,Y,N,Y,Y,Y,Y,Y,N,N,N,N,N,N,Y,N,Y,1,0,B2,11,영업시간내,0263118270,내부,B2 고객안전실 내부,13.000000000,지하
2026-08-07 15:39,2828,수유실,8호선,남위례,821,,가족수유실,단독,1인가족 단독사용,Y,Y,Y,Y,N,Y,1,Y,Y,N,Y,Y,Y,N,N,Y,N,Y,Y,N,N,Y,N,Y,Y,Y,Y,Y,N,N,N,N,N,N,Y,N,Y,1,0,2,5,영업시간내,0263118210,외부,2층 게이트 옆,29.000000000,지상
2026-08-07 15:39,2810,수유실,8호선,암사역사공원,809,20240620,가족수유실,단독,1인가족 단독사용,Y,Y,Y,N,N,Y,1,Y,Y,Y,Y,Y,Y,N,N,N,N,Y,N,N,Y,N,N,Y,Y,Y,Y,Y,N,N,N,N,N,N,Y,N,N,3,0,B1,3,영업시간내,0263118091,외부,B1 승강기사업소(동부권역) 옆,15.950000000,지하
