fcltNm,sftyScfldEn,lineNm,stnCd,stnNm,stnNo,crtrYmd,mngrTelno,collected_at
안전발판,Y,1호선,0150,서울역,133,20241231,0261101331,2026-08-07T05:49:07Z
안전발판,Y,1호선,0151,시청,132,20241231,0261101321,2026-08-07T05:49:07Z
안전발판,Y,1호선,0152,종각,131,20241231,0261101311,2026-08-07T05:49:07Z
안전발판,Y,1호선,0153,종로3가,130,20241231,0261101301,2026-08-07T05:49:07Z
안전발판,Y,1호선,0154,종로5가,129,20241231,0261101291,2026-08-07T05:49:07Z
안전발판,Y,1호선,0155,동대문,128,20241231,0261101281,2026-08-07T05:49:07Z
안전발판,Y,1호선,0156,신설동,126,20241231,0261101261,2026-08-07T05:49:07Z
안전발판,Y,1호선,0157,제기동,125,20241231,0261101251,2026-08-07T05:49:07Z
안전발판,Y,1호선,0158,청량리,124,20241231,0261101241,2026-08-07T05:49:07Z
안전발판,Y,1호선,0159,동묘앞,127,20241231,0261101271,2026-08-07T05:49:07Z
안전발판,Y,2호선,0201,시청,201,20241231,0261102011,2026-08-07T05:49:07Z
안전발판,Y,2호선,0202,을지로입구,202,20241231,0261102021,2026-08-07T05:49:07Z
안전발판,Y,2호선,0203,을지로3가,203,20241231,0261102031,2026-08-07T05:49:07Z
안전발판,Y,2호선,0204,을지로4가,204,20241231,0261102041,2026-08-07T05:49:07Z
안전발판,Y,2호선,0205,동대문역사문화공원,205,20241231,0261102051,2026-08-07T05:49:07Z
안전발판,Y,2호선,0206,신당,206,20241231,0261102061,2026-08-07T05:49:07Z
안전발판,Y,2호선,0207,상왕십리,207,20241231,0261102071,2026-08-07T05:49:07Z
안전발판,Y,2호선,0208,왕십리,208,20241231,0261102081,2026-08-07T05:49:07Z
안전발판,Y,2호선,0209,한양대,209,20241231,0261102091,2026-08-07T05:49:07Z
안전발판,Y,2호선,0210,뚝섬,210,20241231,0261102101,2026-08-07T05:49:07Z
안전발판,Y,2호선,0211,성수,211,20241231,0261102111,2026-08-07T05:49:07Z
안전발판,Y,2호선,0212,건대입구,212,20241231,0261102121,2026-08-07T05:49:07Z
안전발판,Y,2호선,0213,구의,213,20241231,0261102131,2026-08-07T05:49:07Z
안전발판,Y,2호선,0214,강변,214,20241231,0261102141,2026-08-07T05:49:07Z
안전발판,Y,2호선,0215,잠실나루,215,20241231,0261102151,2026-08-07T05:49:07Z
안전발판,Y,2호선,0216,잠실,216,20241231,0261102161,2026-08-07T05:49:07Z
안전발판,Y,2호선,0217,잠실새내,217,20241231,0261102171,2026-08-07T05:49:07Z
안전발판,Y,2호선,0218,종합운동장,218,20241231,0261102181,2026-08-07T05:49:07Z
안전발판,Y,2호선,0219,삼성,219,20241231,0261102191,2026-08-07T05:49:07Z
안전발판,Y,2호선,0220,선릉,220,20241231,0261102201,2026-08-07T05:49:07Z
안전발판,Y,2호선,0221,역삼,221,20241231,0261102211,2026-08-07T05:49:07Z
안전발판,Y,2호선,0222,강남,222,20241231,0261102221,2026-08-07T05:49:07Z
안전발판,Y,2호선,0223,교대,223,20241231,0261102231,2026-08-07T05:49:07Z
안전발판,Y,2호선,0224,서초,224,20241231,0261102241,2026-08-07T05:49:07Z
안전발판,Y,2호선,0225,방배,225,20241231,0261102251,2026-08-07T05:49:07Z
안전발판,Y,2호선,0226,사당,226,20241231,0261102261,2026-08-07T05:49:07Z
안전발판,Y,2호선,0227,낙성대,227,20241231,0261102271,2026-08-07T05:49:07Z
안전발판,Y,2호선,0228,서울대입구,228,20241231,0261102281,2026-08-07T05:49:07Z
안전발판,Y,2호선,0229,봉천,229,20241231,0261102291,2026-08-07T05:49:07Z
안전발판,Y,2호선,0230,신림,230,20241231,0261102301,2026-08-07T05:49:07Z
안전발판,Y,2호선,0231,신대방삼거리,231,20241231,0261102311,2026-08-07T05:49:07Z
안전발판,Y,2호선,0232,구로디지털단지,232,20241231,0261102321,2026-08-07T05:49:07Z
안전발판,Y,2호선,0233,대림,233,20241231,0261102331,2026-08-07T05:49:07Z
안전발판,Y,2호선,0234,신도림,234,20241231,0261102341,2026-08-07T05:49:07Z
안전발판,Y,2호선,0235,문래,235,20241231,0261102351,2026-08-07T05:49:07Z
안전발판,Y,2호선,0236,영등포구청,236,20241231,0261102361,2026-08-07T05:49:07Z
안전발판,Y,2호선,0237,당산,237,20241231,0261102371,2026-08-07T05:49:07Z
안전발판,Y,2호선,0238,합정,238,20241231,0261102381,2026-08-07T05:49:07Z
안전발판,Y,2호선,0239,홍대입구,239,20241231,0261102391,2026-08-07T05:49:07Z
안전발판,Y,2호선,0240,신촌,240,20241231,0261102401,2026-08-07T05:49:07Z
안전발판,Y,2호선,0241,이대,241,20241231,0261102411,2026-08-07T05:49:07Z
안전발판,Y,2호선,0242,아현,242,20241231,0261102421,2026-08-07T05:49:07Z
안전발판,Y,2호선,0243,충정로,243,20241231,0261102431,2026-08-07T05:49:07Z
안전발판,Y,2호선,0244,용답,211-1,20241231,0261101341,2026-08-07T05:49:07Z
안전발판,Y,2호선,0245,신답,211-2,20241231,0261101351,2026-08-07T05:49:07Z
안전발판,Y,2호선,0246,신설동,211-4,20241231,0261101371,2026-08-07T05:49:07Z
안전발판,Y,2호선,0247,도림천,234-1,20241231,0261102441,2026-08-07T05:49:07Z
안전발판,Y,2호선,0248,양천구청,234-2,20241231,0261102451,2026-08-07T05:49:07Z
안전발판,Y,2호선,0249,신정네거리,234-3,20241231,0261102461,2026-08-07T05:49:07Z
안전발판,Y,2호선,0250,용두,211-3,20241231,0261101361,2026-08-07T05:49:07Z
안전발판,Y,3호선,0309,지축,319,20241231,0261103191,2026-08-07T05:49:07Z
안전발판,Y,3호선,0310,구파발,320,20241231,0261103201,2026-08-07T05:49:07Z
안전발판,Y,3호선,0311,연신내,321,20241231,0261103211,2026-08-07T05:49:07Z
안전발판,Y,3호선,0312,불광,322,20241231,0261103221,2026-08-07T05:49:07Z
안전발판,Y,3호선,0313,녹번,323,20241231,0261103231,2026-08-07T05:49:07Z
안전발판,Y,3호선,0314,홍제,324,20241231,0261103241,2026-08-07T05:49:07Z
안전발판,Y,3호선,0315,무악재,325,20241231,0261103251,2026-08-07T05:49:07Z
안전발판,Y,3호선,0316,독립문,326,20241231,0261103261,2026-08-07T05:49:07Z
안전발판,Y,3호선,0317,경복궁,327,20241231,0261103271,2026-08-07T05:49:07Z
안전발판,Y,3호선,0318,안국,328,20241231,0261103281,2026-08-07T05:49:07Z
안전발판,Y,3호선,0319,종로3가,329,20241231,0261103291,2026-08-07T05:49:07Z
안전발판,Y,3호선,0320,을지로3가,330,20241231,0261103301,2026-08-07T05:49:07Z
안전발판,Y,3호선,0321,충무로,331,20241231,0261104231,2026-08-07T05:49:07Z
안전발판,Y,3호선,0322,동대입구,332,20241231,0261103321,2026-08-07T05:49:07Z
안전발판,Y,3호선,0323,약수,333,20241231,0261103331,2026-08-07T05:49:07Z
안전발판,Y,3호선,0324,금호,334,20241231,0261103341,2026-08-07T05:49:07Z
안전발판,Y,3호선,0325,옥수,335,20241231,0261103351,2026-08-07T05:49:07Z
안전발판,Y,3호선,0326,압구정,336,20241231,0261103361,2026-08-07T05:49:07Z
안전발판,Y,3호선,0327,신사,337,20241231,0261103371,2026-08-07T05:49:07Z
안전발판,Y,3호선,0328,잠원,338,20241231,0261103381,2026-08-07T05:49:07Z
안전발판,Y,3호선,0329,고속터미널,339,20241231,0261103391,2026-08-07T05:49:07Z
안전발판,Y,3호선,0330,교대,340,20241231,0261103401,2026-08-07T05:49:07Z
안전발판,Y,3호선,0331,남부터미널,341,20241231,0261103411,2026-08-07T05:49:07Z
안전발판,Y,3호선,0332,양재,342,20241231,0261103421,2026-08-07T05:49:07Z
안전발판,Y,3호선,0333,매봉,343,20241231,0261103431,2026-08-07T05:49:07Z
안전발판,Y,3호선,0334,도곡,344,20241231,0261103441,2026-08-07T05:49:07Z
안전발판,Y,3호선,0335,대치,345,20241231,0261103451,2026-08-07T05:49:07Z
안전발판,Y,3호선,0336,학여울,346,20241231,0261103461,2026-08-07T05:49:07Z
안전발판,Y,3호선,0337,대청,347,20241231,0261103471,2026-08-07T05:49:07Z
안전발판,Y,3호선,0338,일원,348,20241231,0261103481,2026-08-07T05:49:07Z
안전발판,Y,3호선,0339,수서,349,20241231,0261103491,2026-08-07T05:49:07Z
안전발판,Y,3호선,0340,가락시장,350,20241231,0261103501,2026-08-07T05:49:07Z
안전발판,Y,3호선,0341,경찰병원,351,20241231,0261103511,2026-08-07T05:49:07Z
안전발판,Y,3호선,0342,오금,352,20241231,0261103521,2026-08-07T05:49:07Z
안전발판,Y,4호선,0409,당고개,409,20241231,0261104091,2026-08-07T05:49:07Z
안전발판,Y,4호선,0410,상계,410,20241231,0261104101,2026-08-07T05:49:07Z
안전발판,Y,4호선,0411,노원,411,20241231,0261104111,2026-08-07T05:49:07Z
안전발판,Y,4호선,0412,창동,412,20241231,0261104121,2026-08-07T05:49:07Z
안전발판,Y,4호선,0413,쌍문,413,20241231,0261104131,2026-08-07T05:49:07Z
안전발판,Y,4호선,0414,수유,414,20241231,0261104141,2026-08-07T05:49:07Z
안전발판,Y,4호선,0415,미아,415,20241231,0261104151,2026-08-07T05:49:07Z
안전발판,Y,4호선,0416,미아사거리,416,20241231,0261104161,2026-08-07T05:49:07Z
안전발판,Y,4호선,0417,길음,417,20241231,0261104171,2026-08-07T05:49:07Z
안전발판,Y,4호선,0418,성신여대입구,418,20241231,0261104181,2026-08-07T05:49:07Z
안전발판,Y,4호선,0419,한성대입구,419,20241231,0261104191,2026-08-07T05:49:07Z
안전발판,Y,4호선,0420,혜화,420,20241231,0261104201,2026-08-07T05:49:07Z
안전발판,Y,4호선,0421,동대문,421,20241231,0261104211,2026-08-07T05:49:07Z
안전발판,Y,4호선,0422,동대문역사문화공원,422,20241231,0261104221,2026-08-07T05:49:07Z
안전발판,Y,4호선,0423,충무로,423,20241231,0261104231,2026-08-07T05:49:07Z
안전발판,Y,4호선,0424,명동,424,20241231,0261104241,2026-08-07T05:49:07Z
안전발판,Y,4호선,0425,회현,425,20241231,0261104251,2026-08-07T05:49:07Z
안전발판,Y,4호선,0426,서울역,426,20241231,0261104261,2026-08-07T05:49:07Z
안전발판,Y,4호선,0427,숙대입구,427,20241231,0261104271,2026-08-07T05:49:07Z
안전발판,Y,4호선,0428,삼각지,428,20241231,0261104281,2026-08-07T05:49:07Z
안전발판,Y,4호선,0429,신용산,429,20241231,0261104291,2026-08-07T05:49:07Z
안전발판,Y,4호선,0430,이촌,430,20241231,0261104301,2026-08-07T05:49:07Z
안전발판,Y,4호선,0431,동작,431,20241231,0261104311,2026-08-07T05:49:07Z
안전발판,Y,4호선,0432,총신대입구,432,20241231,0261104321,2026-08-07T05:49:07Z
안전발판,Y,4호선,0433,사당,433,20241231,0261104331,2026-08-07T05:49:07Z
안전발판,Y,4호선,0434,남태령,434,20241231,0261104341,2026-08-07T05:49:07Z
안전발판,Y,5호선,2511,방화,510,20241231,0263115101,2026-08-07T05:49:07Z
안전발판,Y,5호선,2512,개화산,511,20241231,0263115111,2026-08-07T05:49:07Z
안전발판,Y,5호선,2513,김포공항,512,20241231,0263115121,2026-08-07T05:49:07Z
안전발판,Y,5호선,2514,송정,513,20241231,0263115131,2026-08-07T05:49:07Z
안전발판,N,5호선,2515,마곡,514,20241231,0263115141,2026-08-07T05:49:07Z
안전발판,Y,5호선,2516,발산,515,20241231,0263115151,2026-08-07T05:49:07Z
안전발판,Y,5호선,2517,우장산,516,20241231,0263115161,2026-08-07T05:49:07Z
안전발판,Y,5호선,2518,화곡,517,20241231,0263115171,2026-08-07T05:49:07Z
안전발판,N,5호선,2519,까치산,518,20241231,0263115181,2026-08-07T05:49:07Z
안전발판,Y,5호선,2520,신정,519,20241231,0263115191,2026-08-07T05:49:07Z
안전발판,Y,5호선,2521,목동,520,20241231,0263115201,2026-08-07T05:49:07Z
안전발판,Y,5호선,2522,오목교,521,20241231,0263115211,2026-08-07T05:49:07Z
안전발판,Y,5호선,2523,양평,522,20241231,0263115221,2026-08-07T05:49:07Z
안전발판,Y,5호선,2524,영등포구청,523,20241231,0263115231,2026-08-07T05:49:07Z
안전발판,Y,5호선,2525,영등포시장,524,20241231,0263115241,2026-08-07T05:49:07Z
안전발판,Y,5호선,2526,신길,525,20241231,0263115251,2026-08-07T05:49:07Z
안전발판,Y,5호선,2527,여의도,526,20241231,0263115261,2026-08-07T05:49:07Z
안전발판,Y,5호선,2528,여의나루,527,20241231,0263115271,2026-08-07T05:49:07Z
안전발판,Y,5호선,2529,마포,528,20241231,0263115281,2026-08-07T05:49:07Z
안전발판,Y,5호선,2530,공덕,529,20241231,0263115291,2026-08-07T05:49:07Z
안전발판,Y,5호선,2531,애오개,530,20241231,0263115301,2026-08-07T05:49:07Z
안전발판,Y,5호선,2532,충정로,531,20241231,0263115311,2026-08-07T05:49:07Z
안전발판,Y,5호선,2533,서대문,532,20241231,0263115321,2026-08-07T05:49:07Z
안전발판,Y,5호선,2534,광화문,533,20241231,0263115331,2026-08-07T05:49:07Z
안전발판,N,5호선,2535,종로3가,534,20241231,0263115341,2026-08-07T05:49:07Z
안전발판,Y,5호선,2536,을지4가,535,20241231,0263115351,2026-08-07T05:49:07Z
안전발판,Y,5호선,2537,동대문역사문화공원,536,20241231,0263115361,2026-08-07T05:49:07Z
안전발판,Y,5호선,2538,청구,537,20241231,0263115371,2026-08-07T05:49:07Z
안전발판,Y,5호선,2539,신금호,538,20241231,0263115381,2026-08-07T05:49:07Z
안전발판,Y,5호선,2540,행당,539,20241231,0263115391,2026-08-07T05:49:07Z
안전발판,Y,5호선,2541,왕십리,540,20241231,0263115401,2026-08-07T05:49:07Z
안전발판,N,5호선,2542,마장,541,20241231,0263115411,2026-08-07T05:49:07Z
안전발판,Y,5호선,2543,답십리,542,20241231,0263115421,2026-08-07T05:49:07Z
안전발판,N,5호선,2544,장한평,543,20241231,0263115431,2026-08-07T05:49:07Z
안전발판,Y,5호선,2545,군자,544,20241231,0263115441,2026-08-07T05:49:07Z
안전발판,Y,5호선,2546,아차산,545,20241231,0263115451,2026-08-07T05:49:07Z
안전발판,Y,5호선,2547,광나루,546,20241231,0263115461,2026-08-07T05:49:07Z
안전발판,Y,5호선,2548,천호,547,20241231,0263115471,2026-08-07T05:49:07Z
안전발판,N,5호선,2549,강동,548,20241231,0263115481,2026-08-07T05:49:07Z
안전발판,N,5호선,2550,길동,549,20241231,0263115491,2026-08-07T05:49:07Z
안전발판,Y,5호선,2551,굽은다리,550,20241231,0263115501,2026-08-07T05:49:07Z
안전발판,Y,5호선,2552,명일,551,20241231,0263115511,2026-08-07T05:49:07Z
안전발판,N,5호선,2553,고덕,552,20241231,0263115521,2026-08-07T05:49:07Z
안전발판,N,5호선,2554,상일동,553,20241231,0263115531,2026-08-07T05:49:07Z
안전발판,N,5호선,2555,둔촌동,P549,20241231,0263115541,2026-08-07T05:49:07Z
안전발판,N,5호선,2556,올림픽공원,P550,20241231,0263115551,2026-08-07T05:49:07Z
안전발판,N,5호선,2557,방이,P551,20241231,0263115561,2026-08-07T05:49:07Z
안전발판,N,5호선,2558,오금,P552,20241231,0261103521,2026-08-07T05:49:07Z
안전발판,N,5호선,2559,개롱,P553,20241231,0263115581,2026-08-07T05:49:07Z
안전발판,Y,5호선,2560,거여,P554,20241231,0263115591,2026-08-07T05:49:07Z
안전발판,N,5호선,2561,마천,P555,20241231,0263115601,2026-08-07T05:49:07Z
안전발판,N,5호선,2562,강일,554,20241231,0263115611,2026-08-07T05:49:07Z
안전발판,N,5호선,2563,미사,555,20241231,0263115621,2026-08-07T05:49:07Z
안전발판,Y,5호선,2564,하남풍산,556,20241231,0263115631,2026-08-07T05:49:07Z
안전발판,N,5호선,2565,하남시청,557,20241231,0263115641,2026-08-07T05:49:07Z
안전발판,Y,5호선,2566,하남검단산,558,20241231,0263115651,2026-08-07T05:49:07Z
안전발판,Y,6호선,2611,응암,610,20241231,0263116101,2026-08-07T05:49:07Z
안전발판,N,6호선,2612,역촌,611,20241231,0263116111,2026-08-07T05:49:07Z
안전발판,Y,6호선,2613,불광,612,20241231,0263116121,2026-08-07T05:49:07Z
안전발판,Y,6호선,2614,독바위,613,20241231,0263116131,2026-08-07T05:49:07Z
안전발판,Y,6호선,2615,연신내,614,20241231,0261103211,2026-08-07T05:49:07Z
안전발판,Y,6호선,2616,구산,615,20241231,0263116151,2026-08-07T05:49:07Z
안전발판,N,6호선,2617,새절,616,20241231,0263116161,2026-08-07T05:49:07Z
안전발판,N,6호선,2618,증산,617,20241231,0263116171,2026-08-07T05:49:07Z
안전발판,N,6호선,2619,수색,618,20241231,0263116181,2026-08-07T05:49:07Z
안전발판,Y,6호선,2620,월드컵경기장,619,20241231,0263116191,2026-08-07T05:49:07Z
안전발판,N,6호선,2621,마포구청,620,20241231,0263116201,2026-08-07T05:49:07Z
안전발판,N,6호선,2622,망원,621,20241231,0263116211,2026-08-07T05:49:07Z
안전발판,Y,6호선,2623,합정,622,20241231,0263116221,2026-08-07T05:49:07Z
안전발판,N,6호선,2624,상수,623,20241231,0263116231,2026-08-07T05:49:07Z
안전발판,N,6호선,2625,광흥창,624,20241231,0263116241,2026-08-07T05:49:07Z
안전발판,N,6호선,2626,대흥,625,20241231,0263116251,2026-08-07T05:49:07Z
안전발판,N,6호선,2627,공덕,626,20241231,0263115291,2026-08-07T05:49:07Z
안전발판,N,6호선,2628,효창공원앞,627,20241231,0263116271,2026-08-07T05:49:07Z
안전발판,N,6호선,2629,삼각지,628,20241231,0263116281,2026-08-07T05:49:07Z
안전발판,Y,6호선,2630,녹사평,629,20241231,0263116291,2026-08-07T05:49:07Z
안전발판,N,6호선,2631,이태원,630,20241231,0263116301,2026-08-07T05:49:07Z
안전발판,N,6호선,2632,한강진,631,20241231,0263116311,2026-08-07T05:49:07Z
안전발판,Y,6호선,2633,버티고개,632,20241231,0263116321,2026-08-07T05:49:07Z
안전발판,N,6호선,2634,약수,633,20241231,0263116331,2026-08-07T05:49:07Z
안전발판,N,6호선,2635,청구,634,20241231,0263115371,2026-08-07T05:49:07Z
안전발판,N,6호선,2636,신당,635,20241231,0263116351,2026-08-07T05:49:07Z
안전발판,N,6호선,2637,동묘앞,636,20241231,0263116361,2026-08-07T05:49:07Z
안전발판,Y,6호선,2638,창신,637,20241231,0263116371,2026-08-07T05:49:07Z
안전발판,N,6호선,2639,보문,638,20241231,0263116381,2026-08-07T05:49:07Z
안전발판,N,6호선,2640,안암,639,20241231,0263116391,2026-08-07T05:49:07Z
안전발판,Y,6호선,2641,고려대,640,20241231,0263116401,2026-08-07T05:49:07Z
안전발판,Y,6호선,2642,월곡,641,20241231,0263116411,2026-08-07T05:49:07Z
안전발판,N,6호선,2643,상월곡,642,20241231,0263116421,2026-08-07T05:49:07Z
안전발판,N,6호선,2644,돌곶이,643,20241231,0263116431,2026-08-07T05:49:07Z
안전발판,N,6호선,2645,석계,644,20241231,0263116441,2026-08-07T05:49:07Z
안전발판,N,6호선,2646,태릉입구,645,20241231,0263117171,2026-08-07T05:49:07Z
안전발판,Y,6호선,2647,화랑대,646,20241231,0263116461,2026-08-07T05:49:07Z
안전발판,N,6호선,2648,봉화산,647,20241231,0263116471,2026-08-07T05:49:07Z
안전발판,N,6호선,2649,신내,648,20241231,0263116481,2026-08-07T05:49:07Z
안전발판,N,7호선,2711,장암,709,20241231,0263117091,2026-08-07T05:49:07Z
안전발판,Y,7호선,2712,도봉산,710,20241231,0263117101,2026-08-07T05:49:07Z
안전발판,Y,7호선,2713,수락산,711,20241231,0263117111,2026-08-07T05:49:07Z
안전발판,Y,7호선,2714,마들,712,20241231,0263117121,2026-08-07T05:49:07Z
안전발판,Y,7호선,2715,노원,713,20241231,0263117131,2026-08-07T05:49:07Z
안전발판,Y,7호선,2716,중계,714,20241231,0263117141,2026-08-07T05:49:07Z
안전발판,Y,7호선,2717,하계,715,20241231,0263117151,2026-08-07T05:49:07Z
안전발판,Y,7호선,2718,공릉,716,20241231,0263117161,2026-08-07T05:49:07Z
안전발판,Y,7호선,2719,태릉입구,717,20241231,0263117171,2026-08-07T05:49:07Z
안전발판,Y,7호선,2720,먹골,718,20241231,0263117181,2026-08-07T05:49:07Z
안전발판,Y,7호선,2721,중화,719,20241231,0263117191,2026-08-07T05:49:07Z
안전발판,Y,7호선,2722,상봉,720,20241231,0263117201,2026-08-07T05:49:07Z
안전발판,Y,7호선,2723,면목,721,20241231,0263117211,2026-08-07T05:49:07Z
안전발판,Y,7호선,2724,사가정,722,20241231,0263117221,2026-08-07T05:49:07Z
안전발판,Y,7호선,2725,용마산,723,20241231,0263117231,2026-08-07T05:49:07Z
안전발판,Y,7호선,2726,중곡,724,20241231,0263117241,2026-08-07T05:49:07Z
안전발판,N,7호선,2727,군자,725,20241231,0263115441,2026-08-07T05:49:07Z
안전발판,Y,7호선,2728,어린이대공원,726,20241231,0263117261,2026-08-07T05:49:07Z
안전발판,Y,7호선,2729,건대입구,727,20241231,0263117271,2026-08-07T05:49:07Z
안전발판,N,7호선,2730,뚝섬유원지,728,20241231,0263117281,2026-08-07T05:49:07Z
안전발판,N,7호선,2731,청담,729,20241231,0263117291,2026-08-07T05:49:07Z
안전발판,Y,7호선,2732,강남구청,730,20241231,0263117301,2026-08-07T05:49:07Z
안전발판,N,7호선,2733,학동,731,20241231,0263117311,2026-08-07T05:49:07Z
안전발판,N,7호선,2734,논현,732,20241231,0263117321,2026-08-07T05:49:07Z
안전발판,N,7호선,2735,반포,733,20241231,0263117331,2026-08-07T05:49:07Z
안전발판,Y,7호선,2736,고속터미널,734,20241231,0263117341,2026-08-07T05:49:07Z
안전발판,N,7호선,2737,내방,735,20241231,0263117351,2026-08-07T05:49:07Z
안전발판,Y,7호선,2738,이수,736,20241231,0263117361,2026-08-07T05:49:07Z
안전발판,Y,7호선,2739,남성,737,20241231,0263117371,2026-08-07T05:49:07Z
안전발판,N,7호선,2740,숭실대입구,738,20241231,0263117381,2026-08-07T05:49:07Z
안전발판,N,7호선,2741,상도,739,20241231,0263117391,2026-08-07T05:49:07Z
안전발판,Y,7호선,2742,장승배기,740,20241231,0263117401,2026-08-07T05:49:07Z
안전발판,N,7호선,2743,신대방삼거리,741,20241231,0263117411,2026-08-07T05:49:07Z
안전발판,N,7호선,2744,보라매,742,20241231,0263117421,2026-08-07T05:49:07Z
안전발판,Y,7호선,2745,신풍,743,20241231,0263117431,2026-08-07T05:49:07Z
안전발판,N,7호선,2746,대림,744,20241231,0263117441,2026-08-07T05:49:07Z
안전발판,Y,7호선,2747,남구로,745,20241231,0263117451,2026-08-07T05:49:07Z
안전발판,Y,7호선,2748,가산디지털단지,746,20241231,0263117461,2026-08-07T05:49:07Z
안전발판,Y,7호선,2749,철산,747,20241231,0263117471,2026-08-07T05:49:07Z
안전발판,N,7호선,2750,광명사거리,748,20241231,0263117481,2026-08-07T05:49:07Z
안전발판,Y,7호선,2751,천왕,749,20241231,0263117491,2026-08-07T05:49:07Z
안전발판,N,7호선,2752,온수,750,20241231,0263117501,2026-08-07T05:49:07Z
안전발판,N,8호선,2810,암사역사공원,809,20241231,0263118091,2026-08-07T05:49:07Z
안전발판,N,8호선,2811,암사,810,20241231,0263118101,2026-08-07T05:49:07Z
안전발판,N,8호선,2812,천호,811,20241231,0263115471,2026-08-07T05:49:07Z
안전발판,N,8호선,2813,강동구청,812,20241231,0263118121,2026-08-07T05:49:07Z
안전발판,Y,8호선,2814,몽촌토성,813,20241231,0263118131,2026-08-07T05:49:07Z
안전발판,Y,8호선,2815,잠실,814,20241231,0263118141,2026-08-07T05:49:07Z
안전발판,N,8호선,2816,석촌,815,20241231,0263118151,2026-08-07T05:49:07Z
안전발판,N,8호선,2817,송파,816,20241231,0263118161,2026-08-07T05:49:07Z
안전발판,N,8호선,2818,가락시장,817,20241231,0263118171,2026-08-07T05:49:07Z
안전발판,N,8호선,2819,문정,818,20241231,0263118181,2026-08-07T05:49:07Z
안전발판,N,8호선,2820,장지,819,20241231,0263118191,2026-08-07T05:49:07Z
안전발판,N,8호선,2821,복정,820,20241231,0263118201,2026-08-07T05:49:07Z
안전발판,Y,8호선,2822,산성,822,20241231,0263118221,2026-08-07T05:49:07Z
안전발판,N,8호선,2823,남한산성입구,823,20241231,0263118231,2026-08-07T05:49:07Z
안전발판,Y,8호선,2824,단대오거리,824,20241231,0263118241,2026-08-07T05:49:07Z
안전발판,N,8호선,2825,신흥,825,20241231,0263118251,2026-08-07T05:49:07Z
안전발판,N,8호선,2826,수진,826,20241231,0263118261,2026-08-07T05:49:07Z
안전발판,Y,8호선,2827,모란,827,20241231,0263118271,2026-08-07T05:49:07Z
안전발판,N,8호선,2828,남위례,821,20241231,0263118211,2026-08-07T05:49:07Z
