are_cd,are_nm,rail_opr_istt_cd,ln_cd,ln_nm,prpr_stin_cd,stin_nm,plf_no,plf_tp_nm,run_dir_tmn_stin_nm,next_stin_nm,screen_door,safety_footboard,platform_crossable,braille_block,braille_sign
01,수도권,KR,1,1호선,1370,연천,1,상대식,,연천,×,●,×,×,×
01,수도권,KR,1,1호선,1370,연천,2,상대식,,전곡,×,●,×,×,×
01,수도권,KR,1,1호선,1369,전곡,1,섬식,,연천,●,×,×,×,×
01,수도권,KR,1,1호선,1369,전곡,2,섬식,,청산,●,×,×,×,×
01,수도권,KR,1,1호선,1368,청산,1,상대식,,전곡,●,×,●,×,×
01,수도권,KR,1,1호선,1368,청산,2,상대식,,소요산,●,×,●,×,×
01,수도권,KR,1,1호선,0324,소요산,1,상대식,,청산,×,●,●,×,×
01,수도권,KR,1,1호선,0324,소요산,2,상대식,,동두천,×,●,●,×,×
01,수도권,KR,1,1호선,0158,동두천,1,섬식,,소요산,×,●,●,×,×
01,수도권,KR,1,1호선,0158,동두천,2,섬식,,보산,×,●,●,×,×
01,수도권,KR,1,1호선,0235,보산,1,상대식,,동두천,×,●,●,×,×
01,수도권,KR,1,1호선,0235,보산,2,상대식,,동두천중앙,×,●,●,×,×
01,수도권,KR,1,1호선,0159,동두천중앙,1,섬식,,보산,×,●,●,×,×
01,수도권,KR,1,1호선,0159,동두천중앙,2,섬식,,지행,×,●,●,×,×
01,수도권,KR,1,1호선,0538,지행,1,섬식,,동두천중앙,×,●,●,×,×
01,수도권,KR,1,1호선,0538,지행,2,섬식,,덕정,×,●,●,×,×
01,수도권,KR,1,1호선,0141,덕정,1,섬식,,지행,×,×,●,×,×
01,수도권,KR,1,1호선,0141,덕정,2,섬식,,덕계,×,×,●,×,×
01,수도권,KR,1,1호선,0139,덕계,1,상대식,,덕정,×,●,●,×,×
01,수도권,KR,1,1호선,0139,덕계,2,상대식,,양주,×,●,●,×,×
01,수도권,KR,1,1호선,0403,양주,1,섬식,,덕계,×,●,●,×,×
01,수도권,KR,1,1호선,0403,양주,2,섬식,,녹양,×,●,●,×,×
01,수도권,KR,1,1호선,0118,녹양,1,상대식,,양주,×,●,●,×,×
01,수도권,KR,1,1호선,0118,녹양,2,상대식,,가능,×,●,●,×,×
01,수도권,KR,1,1호선,0002,가능,1,상대식,연천,녹양,×,×,●,×,×
01,수도권,KR,1,1호선,0002,가능,2,상대식,인천,의정부,×,×,●,×,×
01,수도권,KR,1,1호선,0470,의정부,1,섬식,,가능,●,●,●,×,×
01,수도권,KR,1,1호선,0470,의정부,2,섬식,,회룡,●,●,●,×,×
01,수도권,KR,1,1호선,0606,회룡,1,상대식,,의정부,●,●,●,×,×
01,수도권,KR,1,1호선,0606,회룡,2,상대식,,망월사,●,●,●,×,×
01,수도권,KR,1,1호선,0190,망월사,1,상대식,,회룡,×,●,●,×,×
01,수도권,KR,1,1호선,0190,망월사,2,상대식,,도봉산,×,●,●,×,×
01,수도권,KR,1,1호선,0146,도봉산,1,상대식,,망월사,×,×,●,×,×
01,수도권,KR,1,1호선,0146,도봉산,2,상대식,,도봉,×,×,●,×,×
01,수도권,KR,1,1호선,0145,도봉,1,상대식,,도봉산,×,●,●,×,×
01,수도권,KR,1,1호선,0145,도봉,2,상대식,,방학,×,●,●,×,×
01,수도권,KR,1,1호선,0220,방학,1,상대식,,도봉,●,●,●,×,×
01,수도권,KR,1,1호선,0220,방학,2,상대식,,창동,●,●,●,×,×
01,수도권,KR,1,1호선,0541,창동,1,쌍섬식 (2폼 4선식),,방학,●,×,●,×,×
01,수도권,KR,1,1호선,0541,창동,2,쌍섬식 (2폼 4선식),,녹천,●,×,●,×,×
01,수도권,KR,1,1호선,0119,녹천,1,상대식,,창동,×,●,●,×,×
01,수도권,KR,1,1호선,0119,녹천,2,상대식,,월계,×,●,●,×,×
01,수도권,KR,1,1호선,0459,월계,1,상대식,,녹천,×,●,●,×,×
01,수도권,KR,1,1호선,0459,월계,2,상대식,,광운대,×,●,●,×,×
01,수도권,KR,1,1호선,0065,광운대,1,상대식,,월계,×,●,●,×,×
01,수도권,KR,1,1호선,0065,광운대,2,상대식,신창,석계,×,●,●,×,×
01,수도권,KR,1,1호선,0300,석계,1,섬식,,광운대,×,●,●,×,×
01,수도권,KR,1,1호선,0300,석계,2,섬식,,신이문,×,●,●,×,×
01,수도권,KR,1,1호선,0371,신이문,1,상대식,,석계,●,●,●,×,×
01,수도권,KR,1,1호선,0371,신이문,2,상대식,,외대앞,●,●,●,×,×
01,수도권,KR,1,1호선,0442,외대앞,1,섬식,,신이문,×,●,●,×,×
01,수도권,KR,1,1호선,0442,외대앞,2,섬식,,회기,×,●,●,×,×
01,수도권,KR,1,1호선,0604,회기,1,섬식,,외대앞,●,●,●,×,×
01,수도권,KR,1,1호선,0604,회기,2,섬식,,남영,●,●,●,×,×
01,수도권,S1,1,1호선,0552,청량리,1,섬식,,청량리,●,●,●,×,×
01,수도권,S1,1,1호선,0552,청량리,2,섬식,,제기동,●,●,●,×,×
01,수도권,S1,1,1호선,0512,제기동,1,상대식,,청량리,●,●,●,×,×
01,수도권,S1,1,1호선,0512,제기동,2,상대식,,신설동,●,●,●,×,×
01,수도권,S1,1,1호선,0367,신설동,1,상대식,,제기동,●,●,●,×,×
01,수도권,S1,1,1호선,0367,신설동,2,상대식,,동묘앞,●,●,●,×,×
01,수도권,S1,1,1호선,0161,동묘앞,1,상대식,,신설동,●,●,●,×,×
01,수도권,S1,1,1호선,0161,동묘앞,2,상대식,,동대문,●,●,●,×,×
01,수도권,S1,1,1호선,0155,동대문,1,상대식,,동묘앞,●,●,●,×,×
01,수도권,S1,1,1호선,0155,동대문,2,상대식,,종로5가,●,●,●,×,×
01,수도권,S1,1,1호선,0517,종로5가,1,상대식,,동대문,●,●,●,×,×
01,수도권,S1,1,1호선,0517,종로5가,2,상대식,,종로3가,●,●,●,×,×
01,수도권,S1,1,1호선,0515,종로3가,1,상대식,,종로5가,●,●,●,×,×
01,수도권,S1,1,1호선,0515,종로3가,2,상대식,,종각,●,●,●,×,×
01,수도권,S1,1,1호선,0514,종각,1,상대식,,종로3가,●,●,×,×,×
01,수도권,S1,1,1호선,0514,종각,2,상대식,,시청,●,●,×,×,×
01,수도권,S1,1,1호선,0347,시청,1,상대식,,종각,●,●,●,×,×
01,수도권,S1,1,1호선,0347,시청,2,상대식,,서울역,●,●,●,×,×
01,수도권,S1,1,1호선,0296,서울역,1,섬식,,시청,●,●,●,×,×
01,수도권,S1,1,1호선,0296,서울역,2,섬식,,서울역,●,●,●,×,×
01,수도권,KR,1,1호선,0108,남영,1,섬식,,회기,●,×,●,×,×
01,수도권,KR,1,1호선,0108,남영,2,섬식,,용산,●,×,●,×,×
01,수도권,KR,1,1호선,0447,용산,1,섬식,,남영,●,●,●,×,×
01,수도권,KR,1,1호선,0447,용산,2,섬식,,노량진,●,●,●,×,×
01,수도권,KR,1,1호선,0114,노량진,1,상대식,,용산,×,●,●,×,×
01,수도권,KR,1,1호선,0114,노량진,2,상대식,,대방,×,●,●,×,×
01,수도권,KR,1,1호선,0132,대방,1,상대식,,노량진,●,●,●,×,×
01,수도권,KR,1,1호선,0132,대방,2,상대식,,신길,●,●,●,×,×
01,수도권,KR,1,1호선,0351,신길,1,상대식,,대방,×,●,●,×,×
01,수도권,KR,1,1호선,0351,신길,2,상대식,,영등포,×,●,●,×,×
01,수도권,KR,1,1호선,0420,영등포,1,상대식,,신길,●,●,●,×,×
01,수도권,KR,1,1호선,0420,영등포,2,상대식,,신도림,●,●,●,×,×
01,수도권,KR,1,1호선,0359,신도림,1,상대식,,영등포,●,●,●,×,×
01,수도권,KR,1,1호선,0359,신도림,2,상대식,,구로,●,●,●,×,×
01,수도권,KR,1,1호선,0069,구로,1,섬식,,신도림,●,●,●,×,×
01,수도권,KR,1,1호선,0069,구로,2,섬식,인천,구일·가산디지털단지,●,●,●,×,×
01,수도권,KR,1,1호선,0077,구일,1,상대식,,구로,●,●,●,×,×
01,수도권,KR,1,1호선,0077,구일,2,상대식,인천,개봉,●,●,●,×,×
01,수도권,KR,1,1호선,0026,개봉,1,섬식,연천,구일,●,●,●,×,×
01,수도권,KR,1,1호선,0026,개봉,2,섬식,인천,오류동,●,●,●,×,×
01,수도권,KR,1,1호선,0427,오류동,1,쌍섬식 (2폼 4선식),,개봉,×,●,●,×,×
01,수도권,KR,1,1호선,0427,오류동,2,쌍섬식 (2폼 4선식),,온수,×,●,●,×,×
01,수도권,KR,1,1호선,0435,온수,1,섬식,,오류동,●,●,●,×,×
01,수도권,KR,1,1호선,0435,온수,2,섬식,,역곡,●,●,●,×,×
01,수도권,KR,1,1호선,0414,역곡,1,섬식,,온수,●,●,●,×,×
01,수도권,KR,1,1호선,0414,역곡,2,섬식,,소사,●,●,●,×,×
01,수도권,KR,1,1호선,0323,소사,1,섬식,,역곡,●,●,●,×,×
01,수도권,KR,1,1호선,0323,소사,2,섬식,,부천,●,●,●,×,×
01,수도권,KR,1,1호선,0246,부천,1,섬식,,소사,●,●,●,×,×
01,수도권,KR,1,1호선,0246,부천,2,섬식,,중동,●,●,●,×,×
01,수도권,KR,1,1호선,0526,중동,1,섬식,,부천,●,●,●,×,×
01,수도권,KR,1,1호선,0526,중동,2,섬식,,송내,●,●,●,×,×
01,수도권,KR,1,1호선,0327,송내,1,섬식,,중동,●,●,●,×,×
01,수도권,KR,1,1호선,0327,송내,2,섬식,,부개,●,●,●,×,×
01,수도권,KR,1,1호선,0244,부개,1,섬식,,송내,●,●,●,×,×
01,수도권,KR,1,1호선,0244,부개,2,섬식,,부평,●,●,●,×,×
01,수도권,KR,1,1호선,0249,부평,1,섬식,,부개,●,●,●,×,×
01,수도권,KR,1,1호선,0249,부평,2,섬식,,백운,●,●,●,×,×
01,수도권,KR,1,1호선,0226,백운,1,섬식,,부평,×,●,●,×,×
01,수도권,KR,1,1호선,0226,백운,2,섬식,,동암,×,●,●,×,×
01,수도권,KR,1,1호선,0164,동암,1,섬식,,백운,●,●,●,×,×
01,수도권,KR,1,1호선,0164,동암,2,섬식,,간석,●,●,●,×,×
01,수도권,KR,1,1호선,0013,간석,1,섬식,연천,동암,●,×,●,×,×
01,수도권,KR,1,1호선,0013,간석,2,섬식,인천,주안,●,×,●,×,×
01,수도권,KR,1,1호선,0519,주안,1,,,간석,●,×,●,×,×
01,수도권,KR,1,1호선,0519,주안,2,,,도화,●,×,●,×,×
01,수도권,KR,1,1호선,0149,도화,1,,,주안,×,×,●,×,×
01,수도권,KR,1,1호선,0149,도화,2,,,제물포,×,×,●,×,×
01,수도권,KR,1,1호선,0513,제물포,1,,,도화,●,×,●,×,×
01,수도권,KR,1,1호선,0513,제물포,2,,,도원,●,×,●,×,×
01,수도권,KR,1,1호선,0148,도원,1,섬식,,제물포,×,●,●,×,×
01,수도권,KR,1,1호선,0148,도원,2,섬식,,동인천,×,●,●,×,×
01,수도권,KR,1,1호선,0166,동인천,1,쌍섬식 (2폼 4선식),,도원,●,×,●,×,×
01,수도권,KR,1,1호선,0166,동인천,2,쌍섬식 (2폼 4선식),,인천,●,×,●,×,×
01,수도권,KR,1,1호선,0481,인천,1,섬식,,동인천,×,●,●,×,×
01,수도권,KR,1,1호선,0481,인천,2,섬식,,인천,×,●,●,×,×
01,수도권,KR,1,1호선,0004,가산디지털단지,1,상대식,광운대,구로,●,×,●,×,×
01,수도권,KR,1,1호선,0004,가산디지털단지,2,상대식,신창,독산,●,×,●,×,×
01,수도권,KR,1,1호선,0152,독산,1,상대식,,가산디지털단지,●,●,●,×,×
01,수도권,KR,1,1호선,0152,독산,2,상대식,,금천구청,●,●,●,×,×
01,수도권,KR,1,1호선,0091,금천구청,1,쌍섬식 (2폼 4선식),,독산,×,●,●,×,×
01,수도권,KR,1,1호선,0091,금천구청,2,쌍섬식 (2폼 4선식),,광명·석수,×,●,●,×,×
01,수도권,KR,1,1호선,0063,광명,1,,영등포,금천구청,×,×,×,×,×
01,수도권,KR,1,1호선,0063,광명,2,,광명,광명,×,×,×,×,×
01,수도권,KR,1,1호선,0303,석수,1,섬식,,금천구청,●,●,●,×,×
01,수도권,KR,1,1호선,0303,석수,2,섬식,,관악,●,●,●,×,×
01,수도권,KR,1,1호선,0059,관악,1,섬식,,석수,●,●,●,×,×
01,수도권,KR,1,1호선,0059,관악,2,섬식,신창,안양,●,●,●,×,×
01,수도권,KR,1,1호선,0390,안양,1,섬식,,관악,●,●,●,×,×
01,수도권,KR,1,1호선,0390,안양,2,섬식,,명학,●,●,●,×,×
01,수도권,KR,1,1호선,0200,명학,1,섬식,,안양,●,●,●,×,×
01,수도권,KR,1,1호선,0200,명학,2,섬식,,금정,●,●,●,×,×
01,수도권,KR,1,1호선,0090,금정,1,섬식,,명학,●,●,●,×,×
01,수도권,KR,1,1호선,0090,금정,2,섬식,,군포,●,●,●,×,×
01,수도권,KR,1,1호선,0083,군포,1,섬식,,금정,×,●,●,×,×
01,수도권,KR,1,1호선,0083,군포,2,섬식,,당정,×,●,●,×,×
01,수도권,KR,1,1호선,0127,당정,1,상대식,,군포,×,●,●,×,×
01,수도권,KR,1,1호선,0127,당정,2,상대식,,의왕,×,●,●,×,×
01,수도권,KR,1,1호선,0469,의왕,1,섬식,,당정,×,●,●,×,×
01,수도권,KR,1,1호선,0469,의왕,2,섬식,,성균관대,×,●,●,×,×
01,수도권,KR,1,1호선,0312,성균관대,1,섬식,,의왕,×,●,●,×,×
01,수도권,KR,1,1호선,0312,성균관대,2,섬식,,화서,×,●,●,×,×
01,수도권,KR,1,1호선,0601,화서,1,상대식,,성균관대,×,●,●,×,×
01,수도권,KR,1,1호선,0601,화서,2,상대식,,수원,×,●,●,×,×
01,수도권,KR,1,1호선,0338,수원,1,섬식,,화서,●,●,●,×,×
01,수도권,KR,1,1호선,0338,수원,2,섬식,,세류,●,●,●,×,×
01,수도권,KR,1,1호선,0318,세류,1,상대식,,수원,×,●,●,×,×
01,수도권,KR,1,1호선,0318,세류,2,상대식,,병점,×,●,●,×,×
01,수도권,KR,1,1호선,0231,병점,1,섬식,,세류,●,●,●,×,×
01,수도권,KR,1,1호선,0231,병점,2,섬식,,서동탄·세마,●,●,●,×,×
01,수도권,KR,1,1호선,0290,서동탄,1,섬식,,병점,●,●,●,×,×
01,수도권,KR,1,1호선,0290,서동탄,2,섬식,,서동탄,●,●,●,×,×
01,수도권,KR,1,1호선,0319,세마,1,섬식,,병점,×,●,●,×,×
01,수도권,KR,1,1호선,0319,세마,2,섬식,,오산대,×,●,●,×,×
01,수도권,KR,1,1호선,0432,오산대,1,상대식,,세마,×,●,●,×,×
01,수도권,KR,1,1호선,0432,오산대,2,상대식,,오산,×,●,●,×,×
01,수도권,KR,1,1호선,0431,오산,1,섬식,,오산대,×,●,●,×,×
01,수도권,KR,1,1호선,0431,오산,2,섬식,,진위,×,●,●,×,×
01,수도권,KR,1,1호선,0540,진위,1,상대식,,오산,×,●,●,×,×
01,수도권,KR,1,1호선,0540,진위,2,상대식,,송탄,×,●,●,×,×
01,수도권,KR,1,1호선,0331,송탄,1,섬식,,진위,×,●,●,×,×
01,수도권,KR,1,1호선,0331,송탄,2,섬식,,서정리,×,●,●,×,×
01,수도권,KR,1,1호선,0297,서정리,1,섬식,,송탄,×,●,●,×,×
01,수도권,KR,1,1호선,0297,서정리,2,섬식,,평택지제,×,●,●,×,×
01,수도권,KR,1,1호선,0535,평택지제,1,상대식,,서정리,×,●,●,×,×
01,수도권,KR,1,1호선,0535,평택지제,2,상대식,,평택,×,●,●,×,×
01,수도권,KR,1,1호선,0579,평택,1,섬식,,평택지제,●,●,×,×,×
01,수도권,KR,1,1호선,0579,평택,2,섬식,,성환,●,●,×,×,×
01,수도권,KR,1,1호선,0317,성환,1,섬식,,평택,×,●,●,×,×
01,수도권,KR,1,1호선,0317,성환,2,섬식,,직산,×,●,●,×,×
01,수도권,KR,1,1호선,0539,직산,1,상대식,,성환,×,●,●,×,×
01,수도권,KR,1,1호선,0539,직산,2,상대식,,두정,×,●,●,×,×
01,수도권,KR,1,1호선,0170,두정,1,상대식,,직산,×,●,●,×,×
01,수도권,KR,1,1호선,0170,두정,2,상대식,,천안,×,●,●,×,×
01,수도권,KR,1,1호선,0544,천안,1,상대식,,두정,×,●,●,×,×
01,수도권,KR,1,1호선,0544,천안,2,상대식,,봉명,×,●,●,×,×
01,수도권,KR,1,1호선,0240,봉명,1,상대식,,천안,×,●,●,×,×
01,수도권,KR,1,1호선,0240,봉명,2,상대식,,쌍용,×,●,●,×,×
01,수도권,KR,1,1호선,0381,쌍용,1,상대식,,봉명,×,×,●,×,×
01,수도권,KR,1,1호선,0381,쌍용,2,상대식,,아산,×,×,●,×,×
01,수도권,KR,1,1호선,0382,아산,1,상대식,,쌍용,×,×,●,×,×
01,수도권,KR,1,1호선,0382,아산,2,상대식,,탕정,×,×,●,×,×
01,수도권,KR,1,1호선,0222,배방,1,상대식,,탕정,×,●,●,×,×
01,수도권,KR,1,1호선,0222,배방,2,상대식,,온양온천,×,●,●,×,×
01,수도권,KR,1,1호선,0437,온양온천,1,상대식,,배방,×,●,●,×,×
01,수도권,KR,1,1호선,0437,온양온천,2,상대식,,신창,×,●,●,×,×
01,수도권,KR,1,1호선,0375,신창,1,상대식,,온양온천,×,●,●,×,×
01,수도권,KR,1,1호선,0375,신창,2,상대식,,신창,×,●,●,×,×
01,수도권,S1,2,2호선,0347,시청,1,섬식,,시청,●,●,●,×,×
01,수도권,S1,2,2호선,0347,시청,2,섬식,,충정로,●,●,●,×,×
01,수도권,S1,2,2호선,0564,충정로,1,섬식,,시청,●,●,●,×,×
01,수도권,S1,2,2호선,0564,충정로,2,섬식,,아현,●,●,●,×,×
01,수도권,S1,2,2호선,0386,아현,1,상대식,,충정로,●,●,●,×,×
01,수도권,S1,2,2호선,0386,아현,2,상대식,,이대,●,●,●,×,×
01,수도권,S1,2,2호선,0473,이대,1,섬식,,아현,●,●,●,×,×
01,수도권,S1,2,2호선,0473,이대,2,섬식,,신촌,●,●,●,×,×
01,수도권,S1,2,2호선,0366,신촌,1,상대식,,이대,●,●,×,×,×
01,수도권,S1,2,2호선,0366,신촌,2,상대식,,홍대입구,●,●,×,×,×
01,수도권,S1,2,2호선,0596,홍대입구,1,섬식,,신촌,●,●,●,×,×
01,수도권,S1,2,2호선,0596,홍대입구,2,섬식,,합정,●,●,●,×,×
01,수도권,S1,2,2호선,0591,합정,1,상대식,,홍대입구,●,●,●,×,×
01,수도권,S1,2,2호선,0591,합정,2,상대식,,당산,●,●,●,×,×
01,수도권,S1,2,2호선,0126,당산,1,상대식,,합정,●,●,●,×,×
01,수도권,S1,2,2호선,0126,당산,2,상대식,,영등포구청,●,●,●,×,×
01,수도권,S1,2,2호선,0421,영등포구청,1,상대식,,당산,●,●,●,×,×
01,수도권,S1,2,2호선,0421,영등포구청,2,상대식,,문래,●,●,●,×,×
01,수도권,S1,2,2호선,0206,문래,1,상대식,,영등포구청,●,●,×,×,×
01,수도권,S1,2,2호선,0206,문래,2,상대식,,신도림,●,●,×,×,×
01,수도권,S1,2,2호선,0359,신도림,1,섬식,,문래·신도림,●,●,●,×,×
01,수도권,S1,2,2호선,0359,신도림,2,섬식,,대림·도림천,●,●,●,×,×
01,수도권,S1,2,2호선,0130,대림,1,상대식,,구로디지털단지,●,●,●,×,×
01,수도권,S1,2,2호선,0130,대림,2,상대식,,신도림,●,●,●,×,×
01,수도권,S1,2,2호선,0070,구로디지털단지,1,상대식,,신대방,●,●,●,×,×
01,수도권,S1,2,2호선,0070,구로디지털단지,2,상대식,,대림,●,●,●,×,×
01,수도권,S1,2,2호선,0357,신대방,1,상대식,,신림,●,●,●,×,×
01,수도권,S1,2,2호선,0357,신대방,2,상대식,,구로디지털단지,●,●,●,×,×
01,수도권,S1,2,2호선,0361,신림,1,섬식,,봉천,●,●,●,×,×
01,수도권,S1,2,2호선,0361,신림,2,섬식,,신대방,●,●,●,×,×
01,수도권,S1,2,2호선,0242,봉천,1,섬식,,서울대입구,●,●,●,×,×
01,수도권,S1,2,2호선,0242,봉천,2,섬식,,신림,●,●,●,×,×
01,수도권,S1,2,2호선,0294,서울대입구,1,섬식,,낙성대,●,●,●,×,×
01,수도권,S1,2,2호선,0294,서울대입구,2,섬식,,봉천,●,●,●,×,×
01,수도권,S1,2,2호선,0102,낙성대,1,상대식,,사당,●,●,×,×,×
01,수도권,S1,2,2호선,0102,낙성대,2,상대식,,서울대입구,●,●,×,×,×
01,수도권,S1,2,2호선,0257,사당,1,상대식,,낙성대,●,●,×,×,×
01,수도권,S1,2,2호선,0257,사당,2,상대식,,방배,●,●,×,×,×
01,수도권,S1,2,2호선,0218,방배,1,상대식,,서초,●,●,×,×,×
01,수도권,S1,2,2호선,0218,방배,2,상대식,,사당,●,●,×,×,×
01,수도권,S1,2,2호선,0298,서초,1,상대식,,교대,●,●,●,×,×
01,수도권,S1,2,2호선,0298,서초,2,상대식,,방배,●,●,●,×,×
01,수도권,S1,2,2호선,0068,교대,1,상대식,,강남,●,●,×,×,×
01,수도권,S1,2,2호선,0068,교대,2,상대식,,서초,●,●,×,×,×
01,수도권,S1,2,2호선,0017,강남,1,상대식,,역삼,●,●,●,×,×
01,수도권,S1,2,2호선,0017,강남,2,상대식,,교대,●,●,●,×,×
01,수도권,S1,2,2호선,0415,역삼,1,상대식,,강남,●,●,×,×,×
01,수도권,S1,2,2호선,0415,역삼,2,상대식,,선릉,●,●,×,×,×
01,수도권,S1,2,2호선,0306,선릉,1,상대식,,역삼,●,●,×,×,×
01,수도권,S1,2,2호선,0306,선릉,2,상대식,,삼성,●,●,×,×,×
01,수도권,S1,2,2호선,0266,삼성,1,섬식,,선릉,●,●,●,×,×
01,수도권,S1,2,2호선,0266,삼성,2,섬식,,종합운동장,●,●,●,×,×
01,수도권,S1,2,2호선,0518,종합운동장,1,상대식,,잠실새내,●,●,●,×,×
01,수도권,S1,2,2호선,0518,종합운동장,2,상대식,,삼성,●,●,●,×,×
01,수도권,S1,2,2호선,0499,잠실새내,1,상대식,,종합운동장,●,●,×,×,×
01,수도권,S1,2,2호선,0499,잠실새내,2,상대식,,잠실,●,●,×,×,×
01,수도권,S1,2,2호선,0497,잠실,1,상대식,,잠실새내,●,●,×,×,×
01,수도권,S1,2,2호선,0497,잠실,2,상대식,,잠실나루,●,●,×,×,×
01,수도권,S1,2,2호선,0498,잠실나루,1,상대식,,강변,●,●,●,×,×
01,수도권,S1,2,2호선,0498,잠실나루,2,상대식,,잠실,●,●,●,×,×
01,수도권,S1,2,2호선,0023,강변,1,상대식,,잠실나루,●,●,●,×,×
01,수도권,S1,2,2호선,0023,강변,2,상대식,,구의,●,●,●,×,×
01,수도권,S1,2,2호선,0076,구의,1,상대식,,강변,●,●,×,×,×
01,수도권,S1,2,2호선,0076,구의,2,상대식,,건대입구,●,●,×,×,×
01,수도권,S1,2,2호선,0031,건대입구,1,상대식,,구의,●,●,●,×,×
01,수도권,S1,2,2호선,0031,건대입구,2,상대식,,성수,●,●,●,×,×
01,수도권,S1,2,2호선,0314,성수,1,섬식,,뚝섬·용답,●,●,●,×,×
01,수도권,S1,2,2호선,0314,성수,2,섬식,,건대입구·성수,●,●,●,×,×
01,수도권,S1,2,2호선,0175,뚝섬,1,상대식,,성수,●,●,×,×,×
01,수도권,S1,2,2호선,0175,뚝섬,2,상대식,,한양대,●,●,×,×,×
01,수도권,S1,2,2호선,0588,한양대,1,상대식,,뚝섬,●,●,×,×,×
01,수도권,S1,2,2호선,0588,한양대,2,상대식,,왕십리,●,●,×,×,×
01,수도권,S1,2,2호선,0441,왕십리,1,상대식,,한양대,●,●,●,×,×
01,수도권,S1,2,2호선,0441,왕십리,2,상대식,,상왕십리,●,●,●,×,×
01,수도권,S1,2,2호선,0279,상왕십리,1,상대식,,왕십리,●,●,×,×,×
01,수도권,S1,2,2호선,0279,상왕십리,2,상대식,,신당,●,●,×,×,×
01,수도권,S1,2,2호선,0356,신당,1,상대식,,상왕십리,●,●,×,×,×
01,수도권,S1,2,2호선,0356,신당,2,상대식,,동대문역사문화공원,●,●,×,×,×
01,수도권,S1,2,2호선,0156,동대문역사문화공원,1,상대식,,신당,●,●,●,×,×
01,수도권,S1,2,2호선,0156,동대문역사문화공원,2,상대식,,을지로4가,●,●,●,×,×
01,수도권,S1,2,2호선,0465,을지로4가,1,상대식,,동대문역사문화공원,●,●,×,×,×
01,수도권,S1,2,2호선,0465,을지로4가,2,상대식,,을지로3가,●,●,×,×,×
01,수도권,S1,2,2호선,0464,을지로3가,1,상대식,,을지로4가,●,●,×,×,×
01,수도권,S1,2,2호선,0464,을지로3가,2,상대식,,을지로입구,●,●,×,×,×
01,수도권,S1,2,2호선,0466,을지로입구,1,상대식,,을지로3가,●,●,×,×,×
01,수도권,S1,2,2호선,0466,을지로입구,2,상대식,,을지로입구,●,●,×,×,×
01,수도권,S1,2,2호선,0443,용답,1,상대식,,성수,●,×,●,×,×
01,수도권,S1,2,2호선,0443,용답,2,상대식,,신답,●,×,●,×,×
01,수도권,S1,2,2호선,0355,신답,1,상대식,,용답,●,×,●,×,×
01,수도권,S1,2,2호선,0355,신답,2,상대식,,용두,●,×,●,×,×
01,수도권,S1,2,2호선,0444,용두,1,상대식,,신답,●,×,●,×,×
01,수도권,S1,2,2호선,0444,용두,2,상대식,,신설동,●,×,●,×,×
01,수도권,S1,2,2호선,0367,신설동,1,상대식,,용두,●,×,●,×,×
01,수도권,S1,2,2호선,0367,신설동,2,상대식,,신설동,●,×,●,×,×
01,수도권,S1,2,2호선,0144,도림천,1,상대식,,신도림,●,×,●,×,×
01,수도권,S1,2,2호선,0144,도림천,2,상대식,,양천구청,●,×,●,×,×
01,수도권,S1,2,2호선,0404,양천구청,1,상대식,,도림천,●,×,●,×,×
01,수도권,S1,2,2호선,0404,양천구청,2,상대식,,신정네거리,●,×,●,×,×
01,수도권,S1,2,2호선,0373,신정네거리,1,상대식,,양천구청,●,×,×,×,×
01,수도권,S1,2,2호선,0373,신정네거리,2,상대식,,까치산,●,×,×,×,×
01,수도권,S1,2,2호선,0100,까치산,1,1섬 1상대식,,신정네거리,●,×,●,×,×
01,수도권,KR,3,3호선,0137,대화,1,상대식,,대화,●,●,●,×,×
01,수도권,KR,3,3호선,0137,대화,2,상대식,,주엽,●,●,●,×,×
01,수도권,KR,3,3호선,0522,주엽,1,상대식,,대화,●,×,●,×,×
01,수도권,KR,3,3호선,0522,주엽,2,상대식,,정발산,●,×,●,×,×
01,수도권,KR,3,3호선,0508,정발산,1,상대식,,주엽,×,●,●,×,×
01,수도권,KR,3,3호선,0508,정발산,2,상대식,,마두,×,●,●,×,×
01,수도권,KR,3,3호선,0179,마두,1,섬식,,정발산,●,●,●,×,×
01,수도권,KR,3,3호선,0179,마두,2,섬식,,백석,●,●,●,×,×
01,수도권,KR,3,3호선,0224,백석,1,상대식,,마두,×,●,●,×,×
01,수도권,KR,3,3호선,0224,백석,2,상대식,,대곡,×,●,●,×,×
01,수도권,KR,3,3호선,0128,대곡,1,상대식,,백석,●,●,●,×,×
01,수도권,KR,3,3호선,0128,대곡,2,상대식,,화정,●,●,●,×,×
01,수도권,KR,3,3호선,0603,화정,1,상대식,,대곡,●,●,●,×,×
01,수도권,KR,3,3호선,0603,화정,2,상대식,,원당,●,●,●,×,×
01,수도권,KR,3,3호선,0456,원당,1,상대식,,화정,●,●,●,×,×
01,수도권,KR,3,3호선,0456,원당,2,상대식,,원흥,●,●,●,×,×
01,수도권,KR,3,3호선,0036,원흥,1,상대식,,원당,●,●,●,×,×
01,수도권,KR,3,3호선,0036,원흥,2,상대식,,삼송,●,●,●,×,×
01,수도권,KR,3,3호선,0268,삼송,1,상대식,,원흥,×,×,×,×,×
01,수도권,KR,3,3호선,0268,삼송,2,상대식,,삼송,×,×,×,×,×
01,수도권,S1,3,3호선,0536,지축,1,섬식,,지축,●,●,●,×,×
01,수도권,S1,3,3호선,0536,지축,2,섬식,오금,구파발,●,●,●,×,×
01,수도권,S1,3,3호선,0078,구파발,1,섬식,,지축,●,●,●,×,×
01,수도권,S1,3,3호선,0078,구파발,2,섬식,오금,연신내,●,●,●,×,×
01,수도권,S1,3,3호선,0418,연신내,1,섬식,,구파발,●,●,●,×,×
01,수도권,S1,3,3호선,0418,연신내,2,섬식,오금,불광,●,●,●,×,×
01,수도권,S1,3,3호선,0255,불광,1,상대식,,연신내,●,●,×,×,×
01,수도권,S1,3,3호선,0255,불광,2,상대식,오금,녹번,●,●,×,×,×
01,수도권,S1,3,3호선,0116,녹번,1,섬식,,불광,●,●,●,×,×
01,수도권,S1,3,3호선,0116,녹번,2,섬식,오금,홍제,●,●,●,×,×
01,수도권,S1,3,3호선,0597,홍제,1,섬식,,녹번,●,●,●,×,×
01,수도권,S1,3,3호선,0597,홍제,2,섬식,오금,무악재,●,●,●,×,×
01,수도권,S1,3,3호선,0205,무악재,1,상대식,,홍제,●,●,●,×,×
01,수도권,S1,3,3호선,0205,무악재,2,상대식,오금,독립문,●,●,●,×,×
01,수도권,S1,3,3호선,0150,독립문,1,섬식,,무악재,●,●,●,×,×
01,수도권,S1,3,3호선,0150,독립문,2,섬식,오금,경복궁,●,●,●,×,×
01,수도권,S1,3,3호선,0040,경복궁,1,섬식,,독립문,●,●,●,×,×
01,수도권,S1,3,3호선,0040,경복궁,2,섬식,오금,안국,●,●,●,×,×
01,수도권,S1,3,3호선,0387,안국,1,섬식,,경복궁,●,●,●,×,×
01,수도권,S1,3,3호선,0387,안국,2,섬식,오금,종로3가,●,●,●,×,×
01,수도권,S1,3,3호선,0515,종로3가,1,섬식,,안국,●,●,●,×,×
01,수도권,S1,3,3호선,0515,종로3가,2,섬식,오금,을지로3가,●,●,●,×,×
01,수도권,S1,3,3호선,0464,을지로3가,1,섬식,,종로3가,●,●,●,×,×
01,수도권,S1,3,3호선,0464,을지로3가,2,섬식,오금,충무로,●,●,●,×,×
01,수도권,S1,3,3호선,0563,충무로,1,섬식,,을지로3가,●,●,●,×,×
01,수도권,S1,3,3호선,0563,충무로,2,섬식,오금,동대입구,●,●,●,×,×
01,수도권,S1,3,3호선,0157,동대입구,1,섬식,,충무로,●,●,●,×,×
01,수도권,S1,3,3호선,0157,동대입구,2,섬식,오금,약수,●,●,●,×,×
01,수도권,S1,3,3호선,0397,약수,1,섬식,,동대입구,●,●,●,×,×
01,수도권,S1,3,3호선,0397,약수,2,섬식,오금,금호,●,●,●,×,×
01,수도권,S1,3,3호선,0093,금호,1,섬식,,약수,●,●,●,×,×
01,수도권,S1,3,3호선,0093,금호,2,섬식,오금,옥수,●,●,●,×,×
01,수도권,S1,3,3호선,0434,옥수,1,상대식,,금호,●,●,●,×,×
01,수도권,S1,3,3호선,0434,옥수,2,상대식,오금,압구정,●,●,●,×,×
01,수도권,S1,3,3호선,0392,압구정,1,상대식,,옥수,●,●,×,×,×
01,수도권,S1,3,3호선,0392,압구정,2,상대식,오금,신사,●,●,×,×,×
01,수도권,S1,3,3호선,0365,신사,1,상대식,,압구정,●,●,×,×,×
01,수도권,S1,3,3호선,0365,신사,2,상대식,오금,잠원,●,●,×,×,×
01,수도권,S1,3,3호선,0500,잠원,1,상대식,,신사,●,●,●,×,×
01,수도권,S1,3,3호선,0500,잠원,2,상대식,오금,고속터미널,●,●,●,×,×
01,수도권,S1,3,3호선,0048,고속터미널,1,상대식,,잠원,●,●,●,×,×
01,수도권,S1,3,3호선,0048,고속터미널,2,상대식,오금,교대,●,●,●,×,×
01,수도권,S1,3,3호선,0068,교대,1,섬식,,고속터미널,●,●,●,×,×
01,수도권,S1,3,3호선,0068,교대,2,섬식,오금,남부터미널,●,●,●,×,×
01,수도권,S1,3,3호선,0106,남부터미널,1,상대식,,교대,●,●,●,×,×
01,수도권,S1,3,3호선,0106,남부터미널,2,상대식,오금,양재,●,●,●,×,×
01,수도권,S1,3,3호선,0400,양재,1,상대식,,남부터미널,●,●,●,×,×
01,수도권,S1,3,3호선,0400,양재,2,상대식,오금,매봉,●,●,●,×,×
01,수도권,S1,3,3호선,0193,매봉,1,상대식,,양재,●,●,●,×,×
01,수도권,S1,3,3호선,0193,매봉,2,상대식,오금,도곡,●,●,●,×,×
01,수도권,S1,3,3호선,0142,도곡,1,상대식,,매봉,●,●,●,×,×
01,수도권,S1,3,3호선,0142,도곡,2,상대식,오금,대치,●,●,●,×,×
01,수도권,S1,3,3호선,0136,대치,1,섬식,,도곡,●,●,●,×,×
01,수도권,S1,3,3호선,0136,대치,2,섬식,오금,학여울,●,●,●,×,×
01,수도권,S1,3,3호선,0583,학여울,1,상대식,,대치,●,●,●,×,×
01,수도권,S1,3,3호선,0583,학여울,2,상대식,오금,대청,●,●,●,×,×
01,수도권,S1,3,3호선,0135,대청,1,상대식,,학여울,●,●,×,×,×
01,수도권,S1,3,3호선,0135,대청,2,상대식,오금,일원,●,●,×,×,×
01,수도권,S1,3,3호선,0494,일원,1,상대식,,대청,●,●,×,×,×
01,수도권,S1,3,3호선,0494,일원,2,상대식,오금,수서,●,●,×,×,×
01,수도권,S1,3,3호선,0337,수서,1,1섬 1상대식,오금,일원,●,●,●,×,×
01,수도권,S1,3,3호선,0337,수서,2,1섬 1상대식,오금,가락시장,●,●,●,×,×
01,수도권,S1,3,3호선,0003,가락시장,1,상대식,,수서,●,●,●,×,×
01,수도권,S1,3,3호선,0003,가락시장,2,상대식,오금,경찰병원,●,●,●,×,×
01,수도권,S1,3,3호선,0043,경찰병원,1,상대식,,가락시장,●,●,●,×,×
01,수도권,S1,3,3호선,0043,경찰병원,2,상대식,오금,오금,●,●,●,×,×
01,수도권,S1,3,3호선,0426,오금,1,상대식,,경찰병원,●,●,×,×,×
01,수도권,S1,3,3호선,0426,오금,2,상대식,오금,오금,●,●,×,×,×
01,수도권,S1,4,4호선,0125,불암산,1,상대식,불암산,불암산,●,●,×,×,×
01,수도권,S1,4,4호선,0125,불암산,2,상대식,,상계,●,●,×,×,×
01,수도권,S1,4,4호선,0272,상계,1,상대식,불암산,불암산,●,●,●,×,×
01,수도권,S1,4,4호선,0272,상계,2,상대식,,노원,●,●,●,×,×
01,수도권,S1,4,4호선,0115,노원,1,상대식,불암산,상계,●,●,●,×,×
01,수도권,S1,4,4호선,0115,노원,2,상대식,,창동,●,●,●,×,×
01,수도권,S1,4,4호선,0541,창동,1,상대식,불암산,노원,●,●,●,×,×
01,수도권,S1,4,4호선,0541,창동,2,상대식,,쌍문,●,●,●,×,×
01,수도권,S1,4,4호선,0380,쌍문,1,상대식,불암산,창동,●,●,×,×,×
01,수도권,S1,4,4호선,0380,쌍문,2,상대식,,수유,●,●,×,×,×
01,수도권,S1,4,4호선,0340,수유,1,상대식,불암산,쌍문,●,●,×,×,×
01,수도권,S1,4,4호선,0340,수유,2,상대식,,미아,●,●,×,×,×
01,수도권,S1,4,4호선,0211,미아,1,상대식,불암산,수유,●,●,×,×,×
01,수도권,S1,4,4호선,0211,미아,2,상대식,,미아사거리,●,●,×,×,×
01,수도권,S1,4,4호선,0212,미아사거리,1,상대식,불암산,미아,●,●,×,×,×
01,수도권,S1,4,4호선,0212,미아사거리,2,상대식,,길음,●,●,×,×,×
01,수도권,S1,4,4호선,0096,길음,1,섬식,불암산,미아사거리,●,●,●,×,×
01,수도권,S1,4,4호선,0096,길음,2,섬식,,성신여대입구,●,●,●,×,×
01,수도권,S1,4,4호선,0315,성신여대입구,1,상대식,불암산,길음,●,●,●,×,×
01,수도권,S1,4,4호선,0315,성신여대입구,2,상대식,,한성대입구,●,●,●,×,×
01,수도권,S1,4,4호선,0587,한성대입구,1,섬식,불암산,성신여대입구,●,●,●,×,×
01,수도권,S1,4,4호선,0587,한성대입구,2,섬식,,혜화,●,●,●,×,×
01,수도권,S1,4,4호선,0594,혜화,1,상대식,불암산,한성대입구,●,●,×,×,×
01,수도권,S1,4,4호선,0594,혜화,2,상대식,,동대문,●,●,×,×,×
01,수도권,S1,4,4호선,0155,동대문,1,섬식,불암산,혜화,●,●,●,×,×
01,수도권,S1,4,4호선,0155,동대문,2,섬식,,동대문역사문화공원,●,●,●,×,×
01,수도권,S1,4,4호선,0156,동대문역사문화공원,1,섬식,불암산,동대문,●,●,●,×,×
01,수도권,S1,4,4호선,0156,동대문역사문화공원,2,섬식,,충무로,●,●,●,×,×
01,수도권,S1,4,4호선,0563,충무로,1,상대식,불암산,동대문역사문화공원,●,●,●,×,×
01,수도권,S1,4,4호선,0563,충무로,2,상대식,,명동,●,●,●,×,×
01,수도권,S1,4,4호선,0197,명동,1,섬식,불암산,충무로,●,●,●,×,×
01,수도권,S1,4,4호선,0197,명동,2,섬식,,회현,●,●,●,×,×
01,수도권,S1,4,4호선,0607,회현,1,섬식,불암산,명동,●,●,●,×,×
01,수도권,S1,4,4호선,0607,회현,2,섬식,,서울역,●,●,●,×,×
01,수도권,S1,4,4호선,0296,서울역,1,섬식,불암산,회현,●,●,●,×,×
01,수도권,S1,4,4호선,0296,서울역,2,섬식,,숙대입구,●,●,●,×,×
01,수도권,S1,4,4호선,0343,숙대입구,1,상대식,불암산,서울역,●,●,×,×,×
01,수도권,S1,4,4호선,0343,숙대입구,2,상대식,,삼각지,●,●,×,×,×
01,수도권,S1,4,4호선,0263,삼각지,1,상대식,불암산,숙대입구,●,●,●,×,×
01,수도권,S1,4,4호선,0263,삼각지,2,상대식,,신용산,●,●,●,×,×
01,수도권,S1,4,4호선,0369,신용산,1,상대식,불암산,삼각지,●,●,×,×,×
01,수도권,S1,4,4호선,0369,신용산,2,상대식,,이촌,●,●,×,×,×
01,수도권,S1,4,4호선,0477,이촌,1,상대식,불암산,신용산,●,●,●,×,×
01,수도권,S1,4,4호선,0477,이촌,2,상대식,,동작,●,●,●,×,×
01,수도권,S1,4,4호선,0167,동작,1,상대식,불암산,이촌,●,●,●,×,×
01,수도권,S1,4,4호선,0167,동작,2,상대식,,총신대입구,●,●,●,×,×
01,수도권,S1,4,4호선,0560,총신대입구,1,상대식,불암산,동작,●,●,●,×,×
01,수도권,S1,4,4호선,0560,총신대입구,2,상대식,,사당,●,●,●,×,×
01,수도권,S1,4,4호선,0257,사당,1,섬식,불암산,총신대입구,●,●,●,×,×
01,수도권,S1,4,4호선,0257,사당,2,섬식,,남태령,●,●,●,×,×
01,수도권,S1,4,4호선,0110,남태령,1,섬식,불암산,사당,●,●,●,×,×
01,수도권,S1,4,4호선,0110,남태령,2,섬식,,남태령,●,●,●,×,×
01,수도권,KR,4,4호선,0307,선바위,1,상대식,,선바위,●,●,×,×,×
01,수도권,KR,4,4호선,0307,선바위,2,상대식,,경마공원,●,●,×,×,×
01,수도권,KR,4,4호선,0039,경마공원,1,상대식,,선바위,●,●,×,×,×
01,수도권,KR,4,4호선,0039,경마공원,2,상대식,,대공원,●,●,×,×,×
01,수도권,KR,4,4호선,0129,대공원,1,상대식,,경마공원,×,●,●,×,×
01,수도권,KR,4,4호선,0129,대공원,2,상대식,,과천,×,●,●,×,×
01,수도권,KR,4,4호선,0058,과천,1,상대식,,대공원,●,●,●,×,×
01,수도권,KR,4,4호선,0058,과천,2,상대식,,정부과천청사,●,●,●,×,×
01,수도권,KR,4,4호선,0509,정부과천청사,1,상대식,,과천,●,●,●,×,×
01,수도권,KR,4,4호선,0509,정부과천청사,2,상대식,,인덕원,●,●,●,×,×
01,수도권,KR,4,4호선,0480,인덕원,1,상대식,,정부과천청사,●,●,×,×,×
01,수도권,KR,4,4호선,0480,인덕원,2,상대식,,평촌,●,●,×,×,×
01,수도권,KR,4,4호선,0578,평촌,1,상대식,,인덕원,●,●,●,×,×
01,수도권,KR,4,4호선,0578,평촌,2,상대식,,범계,●,●,●,×,×
01,수도권,KR,4,4호선,0228,범계,1,상대식,,평촌,●,×,×,×,×
01,수도권,KR,4,4호선,0228,범계,2,상대식,,금정,●,×,×,×,×
01,수도권,KR,4,4호선,0090,금정,1,섬식,,범계,●,●,●,×,×
01,수도권,KR,4,4호선,0090,금정,2,섬식,,산본,●,●,●,×,×
01,수도권,KR,4,4호선,0260,산본,1,상대식,,금정,●,●,●,×,×
01,수도권,KR,4,4호선,0260,산본,2,상대식,,수리산,●,●,●,×,×
01,수도권,KR,4,4호선,0335,수리산,1,상대식,,산본,×,●,●,×,×
01,수도권,KR,4,4호선,0335,수리산,2,상대식,,대야미,×,●,●,×,×
01,수도권,KR,4,4호선,0134,대야미,1,상대식,,수리산,×,●,●,×,×
01,수도권,KR,4,4호선,0134,대야미,2,상대식,,반월,×,●,●,×,×
01,수도권,KR,4,4호선,0214,반월,1,상대식,,대야미,×,●,●,×,×
01,수도권,KR,4,4호선,0214,반월,2,상대식,,상록수,×,●,●,×,×
01,수도권,KR,4,4호선,0275,상록수,1,상대식,,반월,●,●,●,×,×
01,수도권,KR,4,4호선,0275,상록수,2,상대식,,한대앞,●,●,●,×,×
01,수도권,KR,4,4호선,0586,한대앞,1,상대식,,상록수,×,●,●,×,×
01,수도권,KR,4,4호선,0586,한대앞,2,상대식,,중앙,×,●,●,×,×
01,수도권,KR,4,4호선,0529,중앙,1,상대식,,한대앞,×,●,●,×,×
01,수도권,KR,4,4호선,0529,중앙,2,상대식,,고잔,×,●,●,×,×
01,수도권,KR,4,4호선,0049,고잔,1,상대식,,중앙,×,×,●,×,×
01,수도권,KR,4,4호선,0049,고잔,2,상대식,,초지,×,×,●,×,×
01,수도권,KR,4,4호선,0559,초지,1,상대식,,고잔,×,×,●,×,×
01,수도권,KR,4,4호선,0559,초지,2,상대식,,안산,×,×,●,×,×
01,수도권,KR,4,4호선,0388,안산,1,상대식,,초지,●,●,●,×,×
01,수도권,KR,4,4호선,0388,안산,2,상대식,,능길,●,●,●,×,×
01,수도권,KR,4,4호선,0352,능길,1,상대식,,안산,×,●,●,×,×
01,수도권,KR,4,4호선,0352,능길,2,상대식,,정왕,×,●,●,×,×
01,수도권,KR,4,4호선,0510,정왕,1,상대식,,능길,×,●,●,×,×
01,수도권,KR,4,4호선,0510,정왕,2,상대식,,오이도,×,●,●,×,×
01,수도권,KR,4,4호선,0433,오이도,1,상대식,,정왕,×,●,●,×,×
01,수도권,KR,4,4호선,0433,오이도,2,상대식,,오이도,×,●,●,×,×
01,수도권,S1,5,5호선,0221,방화,1,1섬 1상대식,방화,방화,●,●,●,×,×
01,수도권,S1,5,5호선,0221,방화,2,1섬 1상대식,하남풍산,개화산,●,●,●,×,×
01,수도권,S1,5,5호선,0029,개화산,1,상대식,방화,방화,●,●,●,×,×
01,수도권,S1,5,5호선,0029,개화산,2,상대식,하남풍산,김포공항,●,●,●,×,×
01,수도권,S1,5,5호선,0099,김포공항,1,상대식,방화,개화산,●,●,×,×,×
01,수도권,S1,5,5호선,0099,김포공항,2,상대식,하남풍산,송정,●,●,×,×,×
01,수도권,S1,5,5호선,0330,송정,1,상대식,방화,김포공항,●,●,●,×,×
01,수도권,S1,5,5호선,0330,송정,2,상대식,하남풍산,마곡,●,●,●,×,×
01,수도권,S1,5,5호선,0177,마곡,1,상대식,방화,송정,●,×,●,×,×
01,수도권,S1,5,5호선,0177,마곡,2,상대식,하남풍산,발산,●,×,●,×,×
01,수도권,S1,5,5호선,0217,발산,1,상대식,방화,마곡,●,●,×,×,×
01,수도권,S1,5,5호선,0217,발산,2,상대식,하남풍산,우장산,●,●,×,×,×
01,수도권,S1,5,5호선,0449,우장산,1,상대식,방화,발산,●,×,×,×,×
01,수도권,S1,5,5호선,0449,우장산,2,상대식,하남풍산,화곡,●,×,×,×,×
01,수도권,S1,5,5호선,0599,화곡,1,섬식,방화,우장산,●,×,●,×,×
01,수도권,S1,5,5호선,0599,화곡,2,섬식,하남풍산,까치산,●,×,●,×,×
01,수도권,S1,5,5호선,0100,까치산,1,상대식,방화,화곡,●,×,●,×,×
01,수도권,S1,5,5호선,0100,까치산,2,상대식,하남풍산,신정,●,×,●,×,×
01,수도권,S1,5,5호선,0372,신정,1,상대식,방화,까치산,●,●,●,×,×
01,수도권,S1,5,5호선,0372,신정,2,상대식,하남풍산,목동,●,●,●,×,×
01,수도권,S1,5,5호선,0203,목동,1,상대식,방화,신정,●,●,●,×,×
01,수도권,S1,5,5호선,0203,목동,2,상대식,하남풍산,오목교,●,●,●,×,×
01,수도권,S1,5,5호선,0429,오목교,1,상대식,방화,목동,●,●,×,×,×
01,수도권,S1,5,5호선,0429,오목교,2,상대식,하남풍산,양평,●,●,×,×,×
01,수도권,S1,5,5호선,0316,양평,1,상대식,방화,오목교,●,×,●,×,×
01,수도권,S1,5,5호선,0316,양평,2,상대식,하남풍산,영등포구청,●,×,●,×,×
01,수도권,S1,5,5호선,0421,영등포구청,1,상대식,방화,양평,●,●,●,×,×
01,수도권,S1,5,5호선,0421,영등포구청,2,상대식,하남풍산,영등포시장,●,●,●,×,×
01,수도권,S1,5,5호선,0422,영등포시장,1,상대식,방화,영등포구청,●,×,●,×,×
01,수도권,S1,5,5호선,0422,영등포시장,2,상대식,하남풍산,신길,●,×,●,×,×
01,수도권,S1,5,5호선,0351,신길,1,상대식,방화,영등포시장,●,●,●,×,×
01,수도권,S1,5,5호선,0351,신길,2,상대식,하남풍산,여의도,●,●,●,×,×
01,수도권,S1,5,5호선,0412,여의도,1,상대식,방화,신길,●,●,●,×,×
01,수도권,S1,5,5호선,0412,여의도,2,상대식,하남풍산,여의나루,●,●,●,×,×
01,수도권,S1,5,5호선,0411,여의나루,1,섬식,방화,여의도,●,●,●,×,×
01,수도권,S1,5,5호선,0411,여의나루,2,섬식,하남풍산,마포,●,●,●,×,×
01,수도권,S1,5,5호선,0185,마포,1,섬식,방화,여의나루,●,×,●,×,×
01,수도권,S1,5,5호선,0185,마포,2,섬식,하남풍산,공덕,●,×,●,×,×
01,수도권,S1,5,5호선,0054,공덕,1,섬식,방화,마포,●,●,●,×,×
01,수도권,S1,5,5호선,0054,공덕,2,섬식,하남풍산,애오개,●,●,●,×,×
01,수도권,S1,5,5호선,0394,애오개,1,상대식,방화,공덕,●,●,●,×,×
01,수도권,S1,5,5호선,0394,애오개,2,상대식,마천,충정로,●,●,●,×,×
01,수도권,S1,5,5호선,0564,충정로,1,섬식,방화,애오개,●,●,●,×,×
01,수도권,S1,5,5호선,0564,충정로,2,섬식,마천,서대문,●,●,●,×,×
01,수도권,S1,5,5호선,0289,서대문,1,섬식,방화,충정로,●,●,●,×,×
01,수도권,S1,5,5호선,0289,서대문,2,섬식,마천,광화문,●,●,●,×,×
01,수도권,S1,5,5호선,0066,광화문,1,섬식,방화,서대문,●,●,●,×,×
01,수도권,S1,5,5호선,0066,광화문,2,섬식,마천,종로3가,●,●,●,×,×
01,수도권,S1,5,5호선,0515,종로3가,1,섬식,방화,광화문,●,×,●,×,×
01,수도권,S1,5,5호선,0515,종로3가,2,섬식,마천,을지로4가,●,×,●,×,×
01,수도권,S1,5,5호선,0465,을지로4가,1,섬식,방화,종로3가,●,●,●,×,×
01,수도권,S1,5,5호선,0465,을지로4가,2,섬식,마천,동대문역사문화공원,●,●,●,×,×
01,수도권,S1,5,5호선,0156,동대문역사문화공원,1,섬식,방화,을지로4가,●,●,●,×,×
01,수도권,S1,5,5호선,0156,동대문역사문화공원,2,섬식,마천,청구,●,●,●,×,×
01,수도권,S1,5,5호선,0549,청구,1,섬식,방화,동대문역사문화공원,●,●,●,×,×
01,수도권,S1,5,5호선,0549,청구,2,섬식,마천,신금호,●,●,●,×,×
01,수도권,S1,5,5호선,0350,신금호,1,섬식,방화,청구,●,●,●,×,×
01,수도권,S1,5,5호선,0350,신금호,2,섬식,마천,행당,●,●,●,×,×
01,수도권,S1,5,5호선,0592,행당,1,상대식,방화,신금호,●,●,●,×,×
01,수도권,S1,5,5호선,0592,행당,2,상대식,마천,왕십리,●,●,●,×,×
01,수도권,S1,5,5호선,0441,왕십리,1,상대식,방화,행당,●,●,●,×,×
01,수도권,S1,5,5호선,0441,왕십리,2,상대식,마천,마장,●,●,●,×,×
01,수도권,S1,5,5호선,0182,마장,1,상대식,방화,왕십리,●,×,●,×,×
01,수도권,S1,5,5호선,0182,마장,2,상대식,마천,답십리,●,×,●,×,×
01,수도권,S1,5,5호선,0124,답십리,1,상대식,방화,마장,●,●,×,×,×
01,수도권,S1,5,5호선,0124,답십리,2,상대식,마천,장한평,●,●,×,×,×
01,수도권,S1,5,5호선,0505,장한평,1,섬식,방화,답십리,●,×,●,×,×
01,수도권,S1,5,5호선,0505,장한평,2,섬식,마천,군자,●,×,●,×,×
01,수도권,S1,5,5호선,0082,군자,1,섬식,방화,장한평,●,●,●,×,×
01,수도권,S1,5,5호선,0082,군자,2,섬식,마천,아차산,●,●,●,×,×
01,수도권,S1,5,5호선,0385,아차산,1,상대식,방화,군자,●,●,●,×,×
01,수도권,S1,5,5호선,0385,아차산,2,상대식,마천,광나루,●,●,●,×,×
01,수도권,S1,5,5호선,0062,광나루,1,상대식,방화,아차산,●,×,●,×,×
01,수도권,S1,5,5호선,0062,광나루,2,상대식,마천,천호,●,×,●,×,×
01,수도권,S1,5,5호선,0546,천호,1,상대식,방화,광나루,●,●,●,×,×
01,수도권,S1,5,5호선,0546,천호,2,상대식,마천,강동,●,●,●,×,×
01,수도권,S1,5,5호선,0020,강동,1,1섬 1상대식,방화,천호,●,×,●,×,×
01,수도권,S1,5,5호선,0020,강동,2,1섬 1상대식,하남풍산,길동·둔촌동,●,×,●,×,×
01,수도권,S1,5,5호선,0095,길동,1,상대식,방화,강동,●,×,●,×,×
01,수도권,S1,5,5호선,0095,길동,2,상대식,마천,굽은다리,●,×,●,×,×
01,수도권,S1,5,5호선,0086,굽은다리,1,상대식,방화,길동,●,●,●,×,×
01,수도권,S1,5,5호선,0086,굽은다리,2,상대식,하남풍산,명일,●,●,●,×,×
01,수도권,S1,5,5호선,0198,명일,1,상대식,방화,굽은다리,●,×,●,×,×
01,수도권,S1,5,5호선,0198,명일,2,상대식,하남풍산,고덕,●,×,●,×,×
01,수도권,S1,5,5호선,0046,고덕,1,상대식,방화,명일,●,×,●,×,×
01,수도권,S1,5,5호선,0046,고덕,2,상대식,하남풍산,상일동,●,×,●,×,×
01,수도권,S1,5,5호선,0281,상일동,1,1섬 1상대식,방화,고덕,●,×,●,×,×
01,수도권,S1,5,5호선,0281,상일동,2,1섬 1상대식,하남풍산,강일,●,×,●,×,×
01,수도권,S1,5,5호선,0436,강일,1,상대식,방화,상일동,●,×,●,×,×
01,수도권,S1,5,5호선,0436,강일,2,상대식,하남풍산,미사,●,×,●,×,×
01,수도권,S1,5,5호선,0475,미사,1,상대식,방화,강일,●,×,●,×,×
01,수도권,S1,5,5호선,0475,미사,2,상대식,하남풍산,하남풍산,●,×,●,×,×
01,수도권,S1,5,5호선,0478,하남풍산,1,상대식,방화,미사,●,×,●,×,×
01,수도권,S1,5,5호선,0478,하남풍산,2,상대식,하남풍산,하남시청,●,×,●,×,×
01,수도권,S1,5,5호선,0482,하남시청,1,상대식,방화,하남풍산,●,×,●,×,×
01,수도권,S1,5,5호선,0482,하남시청,2,상대식,하남풍산,하남검단산역,●,×,●,×,×
01,수도권,S1,5,5호선,0489,하남검단산역,1,상대식,방화,하남시청,●,×,●,×,×
01,수도권,S1,5,5호선,0489,하남검단산역,2,상대식,하남풍산,하남검단산역,●,×,●,×,×
01,수도권,S1,5,5호선,0172,둔촌동,1,상대식,방화,강동,●,×,●,×,×
01,수도권,S1,5,5호선,0172,둔촌동,2,상대식,마천,올림픽공원,●,×,●,×,×
01,수도권,S1,5,5호선,0438,올림픽공원,1,상대식,방화,둔촌동,●,×,●,×,×
01,수도권,S1,5,5호선,0438,올림픽공원,2,상대식,마천,방이,●,×,●,×,×
01,수도권,S1,5,5호선,0219,방이,1,상대식,방화,올림픽공원,●,×,●,×,×
01,수도권,S1,5,5호선,0219,방이,2,상대식,마천,오금,●,×,●,×,×
01,수도권,S1,5,5호선,0426,오금,1,상대식,방화,방이,●,×,●,×,×
01,수도권,S1,5,5호선,0426,오금,2,상대식,마천,개롱,●,×,●,×,×
01,수도권,S1,5,5호선,0025,개롱,1,상대식,방화,오금,●,×,●,×,×
01,수도권,S1,5,5호선,0025,개롱,2,상대식,마천,거여,●,×,●,×,×
01,수도권,S1,5,5호선,0030,거여,1,상대식,방화,개롱,●,●,●,×,×
01,수도권,S1,5,5호선,0030,거여,2,상대식,마천,마천,●,●,●,×,×
01,수도권,S1,5,5호선,0184,마천,1,상대식,방화,거여,●,●,●,×,×
01,수도권,S1,5,5호선,0184,마천,2,상대식,마천,마천,●,●,●,×,×
01,수도권,S1,6,6호선,0468,응암,1,섬식,응암,응암,●,●,●,×,×
01,수도권,S1,6,6호선,0468,응암,2,섬식,신내,역촌,●,●,●,×,×
01,수도권,S1,6,6호선,0416,역촌,1,1섬 1상대식,응암,응암,●,×,●,×,×
01,수도권,S1,6,6호선,0416,역촌,2,1섬 1상대식,신내,불광,●,×,●,×,×
01,수도권,S1,6,6호선,0255,불광,1,1섬 1상대식,응암,역촌,●,●,×,×,×
01,수도권,S1,6,6호선,0255,불광,2,1섬 1상대식,신내,독바위,●,●,×,×,×
01,수도권,S1,6,6호선,0151,독바위,1,1섬 1상대식,응암,불광,●,●,●,×,×
01,수도권,S1,6,6호선,0151,독바위,2,1섬 1상대식,신내,연신내,●,●,●,×,×
01,수도권,S1,6,6호선,0418,연신내,1,1섬 1상대식,응암,독바위,●,●,×,×,×
01,수도권,S1,6,6호선,0418,연신내,2,1섬 1상대식,신내,구산,●,●,×,×,×
01,수도권,S1,6,6호선,0074,구산,1,1섬 1상대식,응암,연신내,●,●,●,×,×
01,수도권,S1,6,6호선,0074,구산,2,1섬 1상대식,신내,새절,●,●,●,×,×
01,수도권,S1,6,6호선,0285,새절,1,1섬 1상대식,응암,구산,●,×,●,×,×
01,수도권,S1,6,6호선,0285,새절,2,1섬 1상대식,신내,증산,●,×,●,×,×
01,수도권,S1,6,6호선,0532,증산,1,상대식,응암,새절,●,×,●,×,×
01,수도권,S1,6,6호선,0532,증산,2,상대식,신내,디지털미디어시티,●,×,●,×,×
01,수도권,S1,6,6호선,0174,디지털미디어시티,1,상대식,응암,증산,●,×,●,×,×
01,수도권,S1,6,6호선,0174,디지털미디어시티,2,상대식,신내,월드컵경기장,●,×,●,×,×
01,수도권,S1,6,6호선,0462,월드컵경기장,1,상대식,응암,디지털미디어시티,●,●,●,×,×
01,수도권,S1,6,6호선,0462,월드컵경기장,2,상대식,신내,마포구청,●,●,●,×,×
01,수도권,S1,6,6호선,0186,마포구청,1,상대식,응암,월드컵경기장,●,×,●,×,×
01,수도권,S1,6,6호선,0186,마포구청,2,상대식,신내,망원,●,×,●,×,×
01,수도권,S1,6,6호선,0189,망원,1,상대식,응암,마포구청,●,×,●,×,×
01,수도권,S1,6,6호선,0189,망원,2,상대식,신내,합정,●,×,●,×,×
01,수도권,S1,6,6호선,0591,합정,1,상대식,응암,망원,●,●,●,×,×
01,수도권,S1,6,6호선,0591,합정,2,상대식,신내,상수,●,●,●,×,×
01,수도권,S1,6,6호선,0278,상수,1,섬식,응암,합정,●,×,●,×,×
01,수도권,S1,6,6호선,0278,상수,2,섬식,신내,광흥창,●,×,●,×,×
01,수도권,S1,6,6호선,0067,광흥창,1,섬식,응암,상수,●,×,●,×,×
01,수도권,S1,6,6호선,0067,광흥창,2,섬식,신내,대흥,●,×,●,×,×
01,수도권,S1,6,6호선,0138,대흥,1,섬식,응암,광흥창,●,×,●,×,×
01,수도권,S1,6,6호선,0138,대흥,2,섬식,신내,공덕,●,×,●,×,×
01,수도권,S1,6,6호선,0054,공덕,1,상대식,응암,대흥,●,×,●,×,×
01,수도권,S1,6,6호선,0054,공덕,2,상대식,신내,효창공원앞,●,×,●,×,×
01,수도권,S1,6,6호선,0609,효창공원앞,1,섬식,응암,공덕,●,×,●,×,×
01,수도권,S1,6,6호선,0609,효창공원앞,2,섬식,신내,삼각지,●,×,●,×,×
01,수도권,S1,6,6호선,0263,삼각지,1,섬식,응암,효창공원앞,●,×,●,×,×
01,수도권,S1,6,6호선,0263,삼각지,2,섬식,신내,녹사평,●,×,●,×,×
01,수도권,S1,6,6호선,0117,녹사평,1,섬식,응암,삼각지,●,●,●,×,×
01,수도권,S1,6,6호선,0117,녹사평,2,섬식,신내,이태원,●,●,●,×,×
01,수도권,S1,6,6호선,0479,이태원,1,섬식,응암,녹사평,●,●,●,×,×
01,수도권,S1,6,6호선,0479,이태원,2,섬식,신내,한강진,●,●,●,×,×
01,수도권,S1,6,6호선,0584,한강진,1,상대식,응암,이태원,●,×,●,×,×
01,수도권,S1,6,6호선,0584,한강진,2,상대식,신내,버티고개,●,×,●,×,×
01,수도권,S1,6,6호선,0227,버티고개,1,상대식,응암,한강진,●,×,●,×,×
01,수도권,S1,6,6호선,0227,버티고개,2,상대식,신내,약수,●,×,●,×,×
01,수도권,S1,6,6호선,0397,약수,1,상대식,응암,버티고개,●,×,●,×,×
01,수도권,S1,6,6호선,0397,약수,2,상대식,신내,청구,●,×,●,×,×
01,수도권,S1,6,6호선,0549,청구,1,상대식,응암,약수,●,×,●,×,×
01,수도권,S1,6,6호선,0549,청구,2,상대식,신내,신당,●,×,●,×,×
01,수도권,S1,6,6호선,0356,신당,1,섬식,응암,청구,●,×,●,×,×
01,수도권,S1,6,6호선,0356,신당,2,섬식,신내,동묘앞,●,×,●,×,×
01,수도권,S1,6,6호선,0161,동묘앞,1,섬식,응암,신당,●,×,●,×,×
01,수도권,S1,6,6호선,0161,동묘앞,2,섬식,신내,창신,●,×,●,×,×
01,수도권,S1,6,6호선,0542,창신,1,섬식,응암,동묘앞,●,●,●,×,×
01,수도권,S1,6,6호선,0542,창신,2,섬식,신내,보문,●,●,●,×,×
01,수도권,S1,6,6호선,0234,보문,1,섬식,응암,창신,●,×,●,×,×
01,수도권,S1,6,6호선,0234,보문,2,섬식,신내,안암,●,×,●,×,×
01,수도권,S1,6,6호선,0389,안암,1,상대식,응암,보문,●,×,●,×,×
01,수도권,S1,6,6호선,0389,안암,2,상대식,신내,고려대,●,×,●,×,×
01,수도권,S1,6,6호선,0047,고려대,1,상대식,응암,안암,●,●,●,×,×
01,수도권,S1,6,6호선,0047,고려대,2,상대식,신내,월곡,●,●,●,×,×
01,수도권,S1,6,6호선,0460,월곡,1,상대식,응암,고려대,●,●,●,×,×
01,수도권,S1,6,6호선,0460,월곡,2,상대식,신내,상월곡,●,●,●,×,×
01,수도권,S1,6,6호선,0280,상월곡,1,1섬 1상대식,응암,월곡,●,×,●,×,×
01,수도권,S1,6,6호선,0280,상월곡,2,1섬 1상대식,신내,돌곶이,●,×,●,×,×
01,수도권,S1,6,6호선,0154,돌곶이,1,상대식,응암,상월곡,●,×,●,×,×
01,수도권,S1,6,6호선,0154,돌곶이,2,상대식,신내,석계,●,×,●,×,×
01,수도권,S1,6,6호선,0300,석계,1,섬식,응암,돌곶이,●,×,●,×,×
01,수도권,S1,6,6호선,0300,석계,2,섬식,신내,태릉입구,●,×,●,×,×
01,수도권,S1,6,6호선,0568,태릉입구,1,상대식,응암,석계,●,×,●,×,×
01,수도권,S1,6,6호선,0568,태릉입구,2,상대식,신내,화랑대,●,×,●,×,×
01,수도권,S1,6,6호선,0600,화랑대,1,상대식,응암,태릉입구,●,×,●,×,×
01,수도권,S1,6,6호선,0600,화랑대,2,상대식,신내,봉화산,●,×,●,×,×
01,수도권,S1,6,6호선,0243,봉화산,1,1섬 1상대식,응암,화랑대,●,×,●,×,×
01,수도권,S1,6,6호선,0243,봉화산,2,1섬 1상대식,신내,신내,●,×,●,×,×
01,수도권,S1,6,6호선,0353,신내,1,섬식,응암,봉화산,●,×,×,×,×
01,수도권,S1,6,6호선,0353,신내,2,섬식,신내,신내,●,×,×,×,×
01,수도권,S1,7,7호선,0503,장암,1,1섬 1상대식,장암,장암,●,×,●,×,×
01,수도권,S1,7,7호선,0503,장암,2,1섬 1상대식,,도봉산,●,×,●,×,×
01,수도권,S1,7,7호선,0146,도봉산,1,상대식,장암,장암,●,●,●,×,×
01,수도권,S1,7,7호선,0146,도봉산,2,상대식,,수락산,●,●,●,×,×
01,수도권,S1,7,7호선,0334,수락산,1,1섬 1상대식,장암,도봉산,●,●,●,×,×
01,수도권,S1,7,7호선,0334,수락산,2,1섬 1상대식,,마들,●,●,●,×,×
01,수도권,S1,7,7호선,0180,마들,1,섬식,장암,수락산,●,●,●,×,×
01,수도권,S1,7,7호선,0180,마들,2,섬식,,노원,●,●,●,×,×
01,수도권,S1,7,7호선,0115,노원,1,섬식,장암,마들,●,●,●,×,×
01,수도권,S1,7,7호선,0115,노원,2,섬식,,중계,●,●,●,×,×
01,수도권,S1,7,7호선,0524,중계,1,섬식,장암,노원,●,●,●,×,×
01,수도권,S1,7,7호선,0524,중계,2,섬식,,하계,●,●,●,×,×
01,수도권,S1,7,7호선,0581,하계,1,섬식,장암,중계,●,●,●,×,×
01,수도권,S1,7,7호선,0581,하계,2,섬식,,공릉,●,●,●,×,×
01,수도권,S1,7,7호선,0055,공릉,1,상대식,장암,하계,●,●,●,×,×
01,수도권,S1,7,7호선,0055,공릉,2,상대식,,태릉입구,●,●,●,×,×
01,수도권,S1,7,7호선,0568,태릉입구,1,상대식,장암,공릉,●,●,●,×,×
01,수도권,S1,7,7호선,0568,태릉입구,2,상대식,,먹골,●,●,●,×,×
01,수도권,S1,7,7호선,0195,먹골,1,상대식,장암,태릉입구,●,●,×,×,×
01,수도권,S1,7,7호선,0195,먹골,2,상대식,,중화,●,●,×,×,×
01,수도권,S1,7,7호선,0530,중화,1,상대식,장암,먹골,●,●,●,×,×
01,수도권,S1,7,7호선,0530,중화,2,상대식,,상봉,●,●,●,×,×
01,수도권,S1,7,7호선,0276,상봉,1,상대식,장암,중화,●,●,●,×,×
01,수도권,S1,7,7호선,0276,상봉,2,상대식,,면목,●,●,●,×,×
01,수도권,S1,7,7호선,0196,면목,1,상대식,장암,상봉,●,●,●,×,×
01,수도권,S1,7,7호선,0196,면목,2,상대식,,사가정,●,●,●,×,×
01,수도권,S1,7,7호선,0256,사가정,1,상대식,장암,면목,●,●,●,×,×
01,수도권,S1,7,7호선,0256,사가정,2,상대식,,용마산,●,●,●,×,×
01,수도권,S1,7,7호선,0445,용마산,1,상대식,장암,사가정,●,●,●,×,×
01,수도권,S1,7,7호선,0445,용마산,2,상대식,,중곡,●,●,●,×,×
01,수도권,S1,7,7호선,0525,중곡,1,상대식,장암,용마산,●,●,●,×,×
01,수도권,S1,7,7호선,0525,중곡,2,상대식,,군자,●,●,●,×,×
01,수도권,S1,7,7호선,0082,군자,1,상대식,장암,중곡,●,×,●,×,×
01,수도권,S1,7,7호선,0082,군자,2,상대식,,어린이대공원,●,×,●,×,×
01,수도권,S1,7,7호선,0408,어린이대공원,1,상대식,장암,군자,●,●,×,×,×
01,수도권,S1,7,7호선,0408,어린이대공원,2,상대식,,건대입구,●,●,×,×,×
01,수도권,S1,7,7호선,0031,건대입구,1,상대식,장암,어린이대공원,●,●,×,×,×
01,수도권,S1,7,7호선,0031,건대입구,2,상대식,,자양,●,●,×,×,×
01,수도권,S1,7,7호선,0176,자양,1,상대식,장암,건대입구,●,×,●,×,×
01,수도권,S1,7,7호선,0176,자양,2,상대식,,청담,●,×,●,×,×
01,수도권,S1,7,7호선,0550,청담,1,1섬 1상대식,장암,자양,●,×,●,×,×
01,수도권,S1,7,7호선,0550,청담,2,1섬 1상대식,,강남구청,●,×,●,×,×
01,수도권,S1,7,7호선,0018,강남구청,1,상대식,장암,청담,●,●,●,×,×
01,수도권,S1,7,7호선,0018,강남구청,2,상대식,,학동,●,●,●,×,×
01,수도권,S1,7,7호선,0582,학동,1,상대식,장암,강남구청,●,×,×,×,×
01,수도권,S1,7,7호선,0582,학동,2,상대식,,논현,●,×,×,×,×
01,수도권,S1,7,7호선,0120,논현,1,상대식,장암,학동,●,×,●,×,×
01,수도권,S1,7,7호선,0120,논현,2,상대식,,반포,●,×,●,×,×
01,수도권,S1,7,7호선,0215,반포,1,상대식,장암,논현,●,×,●,×,×
01,수도권,S1,7,7호선,0215,반포,2,상대식,,고속터미널,●,×,●,×,×
01,수도권,S1,7,7호선,0048,고속터미널,1,상대식,장암,반포,●,●,●,×,×
01,수도권,S1,7,7호선,0048,고속터미널,2,상대식,,내방,●,●,●,×,×
01,수도권,S1,7,7호선,0112,내방,1,상대식,장암,고속터미널,●,×,●,×,×
01,수도권,S1,7,7호선,0112,내방,2,상대식,,총신대입구,●,×,●,×,×
01,수도권,S1,7,7호선,0560,총신대입구,1,상대식,장암,내방,●,●,●,×,×
01,수도권,S1,7,7호선,0560,총신대입구,2,상대식,,남성,●,●,●,×,×
01,수도권,S1,7,7호선,0107,남성,1,상대식,장암,총신대입구,●,●,●,×,×
01,수도권,S1,7,7호선,0107,남성,2,상대식,,숭실대입구,●,●,●,×,×
01,수도권,S1,7,7호선,0344,숭실대입구,1,상대식,장암,남성,●,×,●,×,×
01,수도권,S1,7,7호선,0344,숭실대입구,2,상대식,,상도,●,×,●,×,×
01,수도권,S1,7,7호선,0273,상도,1,상대식,장암,숭실대입구,●,×,●,×,×
01,수도권,S1,7,7호선,0273,상도,2,상대식,,장승배기,●,×,●,×,×
01,수도권,S1,7,7호선,0502,장승배기,1,상대식,장암,상도,●,●,×,×,×
01,수도권,S1,7,7호선,0502,장승배기,2,상대식,,신대방삼거리,●,●,×,×,×
01,수도권,S1,7,7호선,0358,신대방삼거리,1,상대식,장암,장승배기,●,×,×,×,×
01,수도권,S1,7,7호선,0358,신대방삼거리,2,상대식,,보라매,●,×,×,×,×
01,수도권,S1,7,7호선,0232,보라매,1,섬식,장암,신대방삼거리,●,×,●,×,×
01,수도권,S1,7,7호선,0232,보라매,2,섬식,,신풍,●,×,●,×,×
01,수도권,S1,7,7호선,0378,신풍,1,상대식,장암,보라매,●,●,●,×,×
01,수도권,S1,7,7호선,0378,신풍,2,상대식,,대림,●,●,●,×,×
01,수도권,S1,7,7호선,0130,대림,1,상대식,장암,신풍,●,●,●,×,×
01,수도권,S1,7,7호선,0130,대림,2,상대식,,남구로,●,●,●,×,×
01,수도권,S1,7,7호선,0103,남구로,1,상대식,장암,대림,●,●,●,×,×
01,수도권,S1,7,7호선,0103,남구로,2,상대식,,가산디지털단지,●,●,●,×,×
01,수도권,S1,7,7호선,0004,가산디지털단지,1,상대식,장암,남구로,●,●,●,×,×
01,수도권,S1,7,7호선,0004,가산디지털단지,2,상대식,,철산,●,●,●,×,×
01,수도권,S1,7,7호선,0547,철산,1,상대식,장암,가산디지털단지,●,●,×,×,×
01,수도권,S1,7,7호선,0547,철산,2,상대식,,광명사거리,●,●,×,×,×
01,수도권,S1,7,7호선,0064,광명사거리,1,1섬 1상대식,장암,철산,●,×,●,×,×
01,수도권,S1,7,7호선,0064,광명사거리,2,1섬 1상대식,,천왕,●,×,●,×,×
01,수도권,S1,7,7호선,0545,천왕,1,상대식,장암,광명사거리,●,●,●,×,×
01,수도권,S1,7,7호선,0545,천왕,2,상대식,,온수,●,●,●,×,×
01,수도권,S1,7,7호선,0435,온수,1,1섬 1상대식,장암,천왕,●,×,●,×,×
01,수도권,S1,7,7호선,0435,온수,2,1섬 1상대식,,온수,●,×,●,×,×
01,수도권,IC,7,7호선,0101,까치울,1,섬식,,까치울,●,×,●,×,×
01,수도권,IC,7,7호선,0101,까치울,2,섬식,부평구청,부천종합운동장,●,×,●,×,×
01,수도권,IC,7,7호선,0248,부천종합운동장,1,섬식,,까치울,●,×,●,×,×
01,수도권,IC,7,7호선,0248,부천종합운동장,2,섬식,부평구청,춘의,●,×,●,×,×
01,수도권,IC,7,7호선,0561,춘의,1,섬식,,부천종합운동장,●,×,●,×,×
01,수도권,IC,7,7호선,0561,춘의,2,섬식,부평구청,신중동,●,×,●,×,×
01,수도권,IC,7,7호선,0374,신중동,1,섬식,,춘의,●,×,●,×,×
01,수도권,IC,7,7호선,0374,신중동,2,섬식,부평구청,부천시청,●,×,●,×,×
01,수도권,IC,7,7호선,0247,부천시청,1,섬식,,신중동,●,×,●,×,×
01,수도권,IC,7,7호선,0247,부천시청,2,섬식,부평구청,상동,●,×,●,×,×
01,수도권,IC,7,7호선,0274,상동,1,상대식,,부천시청,●,×,●,×,×
01,수도권,IC,7,7호선,0274,상동,2,상대식,부평구청,삼산체육관,●,×,●,×,×
01,수도권,IC,7,7호선,0265,삼산체육관,1,상대식,,상동,●,×,●,×,×
01,수도권,IC,7,7호선,0265,삼산체육관,2,상대식,부평구청,굴포천,●,×,●,×,×
01,수도권,IC,7,7호선,0085,굴포천,1,상대식,,삼산체육관,●,×,●,×,×
01,수도권,IC,7,7호선,0085,굴포천,2,상대식,부평구청,부평구청,●,×,●,×,×
01,수도권,IC,7,7호선,0250,부평구청,1,상대식,,굴포천,●,×,●,×,×
01,수도권,IC,7,7호선,0250,부평구청,2,상대식,부평구청,산곡,●,×,●,×,×
01,수도권,IC,7,7호선,1352,산곡,1,상대식,,부평구청,●,●,●,×,×
01,수도권,IC,7,7호선,1352,산곡,2,상대식,부평구청,석남,●,●,●,×,×
01,수도권,IC,7,7호선,0301,석남,1,상대식,,산곡,●,●,●,×,×
01,수도권,IC,7,7호선,0301,석남,2,상대식,부평구청,석남,●,●,●,×,×
01,수도권,NU,8,8호선,0230,별내,1,상대식,별내,별내,●,×,×,×,×
01,수도권,NU,8,8호선,0230,별내,2,상대식,,다산,●,×,×,×,×
01,수도권,NU,8,8호선,1376,다산,1,상대식,별내,별내,●,×,×,×,×
01,수도권,NU,8,8호선,1376,다산,2,상대식,,다산,●,×,×,×,×
01,수도권,GU,8,8호선,1375,동구릉,1,상대식,,동구릉,●,×,×,×,×
01,수도권,GU,8,8호선,1375,동구릉,2,상대식,,구리,●,×,×,×,×
01,수도권,GU,8,8호선,0072,구리,1,상대식,,동구릉,●,×,×,×,×
01,수도권,GU,8,8호선,0072,구리,2,상대식,,장자호수공원,●,×,×,×,×
01,수도권,GU,8,8호선,1374,장자호수공원,1,상대식,,구리,●,×,×,×,×
01,수도권,GU,8,8호선,1374,장자호수공원,2,상대식,,장자호수공원,●,×,×,×,×
01,수도권,S1,8,8호선,1373,암사역사공원,1,상대식,,암사역사공원,●,×,●,×,×
01,수도권,S1,8,8호선,1373,암사역사공원,2,상대식,모란,암사,●,×,●,×,×
01,수도권,S1,8,8호선,0391,암사,1,상대식,,암사역사공원,●,×,●,×,×
01,수도권,S1,8,8호선,0391,암사,2,상대식,모란,천호,●,×,●,×,×
01,수도권,S1,8,8호선,0546,천호,1,상대식,,암사,●,×,●,×,×
01,수도권,S1,8,8호선,0546,천호,2,상대식,모란,강동구청,●,×,●,×,×
01,수도권,S1,8,8호선,0021,강동구청,1,상대식,,천호,●,×,●,×,×
01,수도권,S1,8,8호선,0021,강동구청,2,상대식,모란,몽촌토성,●,×,●,×,×
01,수도권,S1,8,8호선,0204,몽촌토성,1,상대식,,강동구청,●,●,●,×,×
01,수도권,S1,8,8호선,0204,몽촌토성,2,상대식,모란,잠실,●,●,●,×,×
01,수도권,S1,8,8호선,0497,잠실,1,상대식,,몽촌토성,●,●,×,×,×
01,수도권,S1,8,8호선,0497,잠실,2,상대식,모란,석촌,●,●,×,×,×
01,수도권,S1,8,8호선,0305,석촌,1,상대식,,잠실,●,×,●,×,×
01,수도권,S1,8,8호선,0305,석촌,2,상대식,모란,송파,●,×,●,×,×
01,수도권,S1,8,8호선,0332,송파,1,상대식,,석촌,●,×,●,×,×
01,수도권,S1,8,8호선,0332,송파,2,상대식,모란,가락시장,●,×,●,×,×
01,수도권,S1,8,8호선,0003,가락시장,1,상대식,,송파,●,×,●,×,×
01,수도권,S1,8,8호선,0003,가락시장,2,상대식,모란,문정,●,×,●,×,×
01,수도권,S1,8,8호선,0208,문정,1,상대식,,가락시장,●,×,●,×,×
01,수도권,S1,8,8호선,0208,문정,2,상대식,모란,장지,●,×,●,×,×
01,수도권,S1,8,8호선,0504,장지,1,상대식,,문정,●,×,●,×,×
01,수도권,S1,8,8호선,0504,장지,2,상대식,모란,복정,●,×,●,×,×
01,수도권,S1,8,8호선,0238,복정,1,섬식,,장지,●,×,●,×,×
01,수도권,S1,8,8호선,0238,복정,2,섬식,모란,남위례,●,×,●,×,×
01,수도권,S1,8,8호선,1366,남위례,1,상대식,,복정,●,×,●,×,×
01,수도권,S1,8,8호선,1366,남위례,2,상대식,모란,산성,●,×,●,×,×
01,수도권,S1,8,8호선,0261,산성,1,상대식,,남위례,●,●,●,×,×
01,수도권,S1,8,8호선,0261,산성,2,상대식,모란,남한산성입구,●,●,●,×,×
01,수도권,S1,8,8호선,0111,남한산성입구,1,상대식,,산성,●,×,●,×,×
01,수도권,S1,8,8호선,0111,남한산성입구,2,상대식,모란,단대오거리,●,×,●,×,×
01,수도권,S1,8,8호선,0122,단대오거리,1,상대식,,남한산성입구,●,●,●,×,×
01,수도권,S1,8,8호선,0122,단대오거리,2,상대식,모란,신흥,●,●,●,×,×
01,수도권,S1,8,8호선,0379,신흥,1,상대식,,단대오거리,●,×,●,×,×
01,수도권,S1,8,8호선,0379,신흥,2,상대식,모란,수진,●,×,●,×,×
01,수도권,S1,8,8호선,0342,수진,1,상대식,,신흥,●,×,●,×,×
01,수도권,S1,8,8호선,0342,수진,2,상대식,모란,모란,●,×,●,×,×
01,수도권,S1,8,8호선,0201,모란,1,상대식,,수진,●,×,●,×,×
01,수도권,S1,8,8호선,0201,모란,2,상대식,모란,모란,●,×,●,×,×
01,수도권,S9,9,9호선,0028,개화,1,섬식,중앙보훈병원,개화,×,×,●,×,×
01,수도권,S9,9,9호선,0028,개화,2,섬식,개화,김포공항,×,×,●,×,×
01,수도권,S9,9,9호선,0099,김포공항,1,섬식,중앙보훈병원,개화,●,×,●,×,×
01,수도권,S9,9,9호선,0099,김포공항,2,섬식,개화,공항시장,●,×,●,×,×
01,수도권,S9,9,9호선,0056,공항시장,1,상대식,중앙보훈병원,김포공항,●,●,●,×,×
01,수도권,S9,9,9호선,0056,공항시장,2,상대식,개화,신방화,●,●,●,×,×
01,수도권,S9,9,9호선,0364,신방화,1,상대식,중앙보훈병원,공항시장,●,●,×,×,×
01,수도권,S9,9,9호선,0364,신방화,2,상대식,개화,마곡나루,●,●,×,×,×
01,수도권,S9,9,9호선,0178,마곡나루,1,쌍섬식 (2폼 4선식),중앙보훈병원,신방화,●,×,●,×,×
01,수도권,S9,9,9호선,0178,마곡나루,2,쌍섬식 (2폼 4선식),개화,양천향교,●,×,●,×,×
01,수도권,S9,9,9호선,0405,양천향교,1,상대식,중앙보훈병원,마곡나루,●,×,●,×,×
01,수도권,S9,9,9호선,0405,양천향교,2,상대식,개화,가양,●,×,●,×,×
01,수도권,S9,9,9호선,0005,가양,1,쌍섬식 (2폼 4선식),중앙보훈병원,양천향교,●,×,●,×,×
01,수도권,S9,9,9호선,0005,가양,2,쌍섬식 (2폼 4선식),개화,증미,●,×,●,×,×
01,수도권,S9,9,9호선,0531,증미,1,상대식,중앙보훈병원,가양,●,×,●,×,×
01,수도권,S9,9,9호선,0531,증미,2,상대식,개화,등촌,●,×,●,×,×
01,수도권,S9,9,9호선,0173,등촌,1,상대식,중앙보훈병원,증미,●,×,●,×,×
01,수도권,S9,9,9호선,0173,등촌,2,상대식,개화,염창,●,×,●,×,×
01,수도권,S9,9,9호선,0419,염창,1,상대식,중앙보훈병원,등촌,●,×,●,×,×
01,수도권,S9,9,9호선,0419,염창,2,상대식,개화,신목동,●,×,●,×,×
01,수도권,S9,9,9호선,0362,신목동,1,상대식,중앙보훈병원,염창,●,●,●,×,×
01,수도권,S9,9,9호선,0362,신목동,2,상대식,개화,선유도,●,×,●,×,×
01,수도권,S9,9,9호선,0308,선유도,1,상대식,중앙보훈병원,신목동,●,×,●,×,×
01,수도권,S9,9,9호선,0308,선유도,2,상대식,개화,당산,●,×,●,×,×
01,수도권,S9,9,9호선,0126,당산,1,섬식,중앙보훈병원,선유도,●,×,●,×,×
01,수도권,S9,9,9호선,0126,당산,2,섬식,개화,국회의사당,●,×,●,×,×
01,수도권,S9,9,9호선,0081,국회의사당,1,섬식,중앙보훈병원,당산,●,●,●,×,×
01,수도권,S9,9,9호선,0081,국회의사당,2,섬식,개화,여의도,●,●,●,×,×
01,수도권,S9,9,9호선,0412,여의도,1,상대식,중앙보훈병원,국회의사당,●,×,●,×,×
01,수도권,S9,9,9호선,0412,여의도,2,상대식,개화,샛강,●,×,●,×,×
01,수도권,S9,9,9호선,0286,샛강,1,상대식,중앙보훈병원,여의도,●,×,●,×,×
01,수도권,S9,9,9호선,0286,샛강,2,상대식,개화,노량진,●,×,●,×,×
01,수도권,S9,9,9호선,0114,노량진,1,상대식,중앙보훈병원,샛강,●,×,×,×,×
01,수도권,S9,9,9호선,0114,노량진,2,상대식,개화,노들,●,×,×,×,×
01,수도권,S9,9,9호선,0113,노들,1,상대식,중앙보훈병원,노량진,●,×,●,×,×
01,수도권,S9,9,9호선,0113,노들,2,상대식,개화,흑석,●,×,●,×,×
01,수도권,S9,9,9호선,0610,흑석,1,상대식,중앙보훈병원,노들,●,●,●,×,×
01,수도권,S9,9,9호선,0610,흑석,2,상대식,개화,동작,●,●,●,×,×
01,수도권,S9,9,9호선,0167,동작,1,쌍섬식 (2폼 4선식),중앙보훈병원,흑석,●,×,●,×,×
01,수도권,S9,9,9호선,0167,동작,2,쌍섬식 (2폼 4선식),개화,구반포,●,●,●,×,×
01,수도권,S9,9,9호선,0073,구반포,1,상대식,중앙보훈병원,동작,●,×,●,×,×
01,수도권,S9,9,9호선,0073,구반포,2,상대식,개화,신반포,●,×,●,×,×
01,수도권,S9,9,9호선,0363,신반포,1,상대식,중앙보훈병원,구반포,●,×,●,×,×
01,수도권,S9,9,9호선,0363,신반포,2,상대식,개화,고속터미널,●,×,●,×,×
01,수도권,S9,9,9호선,0048,고속터미널,1,상대식,중앙보훈병원,신반포,●,×,●,×,×
01,수도권,S9,9,9호선,0048,고속터미널,2,상대식,개화,사평,●,×,●,×,×
01,수도권,S9,9,9호선,0259,사평,1,상대식,중앙보훈병원,고속터미널,●,×,●,×,×
01,수도권,S9,9,9호선,0259,사평,2,상대식,개화,신논현,●,×,●,×,×
01,수도권,S9,9,9호선,0354,신논현,1,1섬 1상대식,중앙보훈병원,사평,●,×,●,×,×
01,수도권,S9,9,9호선,0354,신논현,2,1섬 1상대식,개화,언주,●,×,●,×,×
01,수도권,S9,9,9호선,0410,언주,1,상대식,중앙보훈병원,신논현,●,×,●,×,×
01,수도권,S9,9,9호선,0410,언주,2,상대식,개화,선정릉,●,×,●,×,×
01,수도권,S9,9,9호선,0309,선정릉,1,상대식,중앙보훈병원,언주,●,×,●,×,×
01,수도권,S9,9,9호선,0309,선정릉,2,상대식,개화,삼성중앙,●,×,●,×,×
01,수도권,S9,9,9호선,0267,삼성중앙,1,상대식,중앙보훈병원,선정릉,●,×,●,×,×
01,수도권,S9,9,9호선,0267,삼성중앙,2,상대식,개화,봉은사,●,×,●,×,×
01,수도권,S9,9,9호선,0241,봉은사,1,상대식,중앙보훈병원,삼성중앙,●,×,●,×,×
01,수도권,S9,9,9호선,0241,봉은사,2,상대식,개화,종합운동장,●,×,●,×,×
01,수도권,S9,9,9호선,0518,종합운동장,1,상대식,중앙보훈병원,봉은사,●,×,●,×,×
01,수도권,S9,9,9호선,0518,종합운동장,2,상대식,개화,봉은사,●,×,●,×,×
01,수도권,S9,9,9호선,1153,삼전,1,상대식,중앙보훈병원,종합운동장,●,●,●,×,×
01,수도권,S9,9,9호선,1153,삼전,2,상대식,개화,석촌고분,●,●,●,×,×
01,수도권,S9,9,9호선,1154,석촌고분,1,섬식,중앙보훈병원,삼전,●,●,●,×,×
01,수도권,S9,9,9호선,1154,석촌고분,2,섬식,개화,석촌,●,●,●,×,×
01,수도권,S9,9,9호선,0305,석촌,1,섬식,중앙보훈병원,석촌고분,●,●,●,×,×
01,수도권,S9,9,9호선,0305,석촌,2,섬식,개화,송파나루,●,●,●,×,×
01,수도권,S9,9,9호선,1155,송파나루,1,섬식,개화,석촌,●,●,●,×,×
01,수도권,S9,9,9호선,1155,송파나루,2,섬식,중앙보훈병원,한성백제,●,●,●,×,×
01,수도권,S9,9,9호선,1156,한성백제,1,섬식,개화,송파나루,●,●,●,×,×
01,수도권,S9,9,9호선,1156,한성백제,2,섬식,중앙보훈병원,올림픽공원,●,●,●,×,×
01,수도권,S9,9,9호선,0438,올림픽공원,1,섬식,개화,한성백제,●,●,●,×,×
01,수도권,S9,9,9호선,0438,올림픽공원,2,섬식,중앙보훈병원,둔촌오륜,●,●,●,×,×
01,수도권,S9,9,9호선,1157,둔촌오륜,1,섬식,개화,올림픽공원,●,●,●,×,×
01,수도권,S9,9,9호선,1157,둔촌오륜,2,섬식,중앙보훈병원,중앙보훈병원,●,●,●,×,×
01,수도권,S9,9,9호선,1158,중앙보훈병원,1,섬식,중앙보훈병원,둔촌오륜,●,×,●,×,×
01,수도권,S9,9,9호선,1158,중앙보훈병원,2,상대식,개화,중앙보훈병원,●,●,●,×,×
