are_cd,are_nm,rail_opr_istt_cd,ln_cd,ln_nm,prpr_stin_cd,stin_nm,grnd_dv_cd,grnd_dv_nm,stin_flor,floor_label,seq
01,수도권,KR,1,1호선,1370,연천,1,지상,1,지상 1층,1
01,수도권,KR,1,1호선,1370,연천,1,지상,2,지상 2층,2
01,수도권,KR,1,1호선,1370,연천,1,지상,3,지상 3층,3
01,수도권,KR,1,1호선,1369,전곡,1,지상,1,지상 1층,1
01,수도권,KR,1,1호선,1369,전곡,1,지상,3,지상 3층,2
01,수도권,KR,1,1호선,1368,청산,1,지상,1,지상 1층,1
01,수도권,KR,1,1호선,1368,청산,1,지상,2,지상 2층,2
01,수도권,KR,1,1호선,0324,소요산,1,지상,1,지상 1층,1
01,수도권,KR,1,1호선,0158,동두천,1,지상,1,지상 1층,1
01,수도권,KR,1,1호선,0158,동두천,1,지상,3,지상 3층,2
01,수도권,KR,1,1호선,0235,보산,1,지상,2,지상 2층,1
01,수도권,KR,1,1호선,0235,보산,1,지상,3,지상 3층,2
01,수도권,KR,1,1호선,0159,동두천중앙,1,지상,1,지상 1층,1
01,수도권,KR,1,1호선,0159,동두천중앙,1,지상,2,지상 2층,2
01,수도권,KR,1,1호선,0159,동두천중앙,1,지상,3,지상 3층,3
01,수도권,KR,1,1호선,0538,지행,1,지상,1,지상 1층,1
01,수도권,KR,1,1호선,0538,지행,1,지상,2,지상 2층,2
01,수도권,KR,1,1호선,0141,덕정,1,지상,1,지상 1층,1
01,수도권,KR,1,1호선,0141,덕정,1,지상,2,지상 2층,2
01,수도권,KR,1,1호선,0139,덕계,1,지상,1,지상 1층,1
01,수도권,KR,1,1호선,0139,덕계,1,지상,2,지상 2층,2
01,수도권,KR,1,1호선,0403,양주,1,지상,1,지상 1층,1
01,수도권,KR,1,1호선,0403,양주,1,지상,2,지상 2층,2
01,수도권,KR,1,1호선,0118,녹양,1,지상,1,지상 1층,1
01,수도권,KR,1,1호선,0118,녹양,1,지상,2,지상 2층,2
01,수도권,KR,1,1호선,0002,가능,1,지상,1,지상 1층,1
01,수도권,KR,1,1호선,0002,가능,1,지상,2,지상 2층,2
01,수도권,KR,1,1호선,0470,의정부,1,지상,1,지상 1층,1
01,수도권,KR,1,1호선,0470,의정부,1,지상,3,지상 3층,2
01,수도권,KR,1,1호선,0470,의정부,2,지하,1,지하 1층,1
01,수도권,KR,1,1호선,0606,회룡,1,지상,1,지상 1층,1
01,수도권,KR,1,1호선,0606,회룡,1,지상,2,지상 2층,2
01,수도권,KR,1,1호선,0606,회룡,1,지상,3,지상 3층,3
01,수도권,KR,1,1호선,0190,망월사,1,지상,1,지상 1층,1
01,수도권,KR,1,1호선,0190,망월사,2,지하,1,지하 1층,1
01,수도권,KR,1,1호선,0146,도봉산,1,지상,1,지상 1층,1
01,수도권,KR,1,1호선,0146,도봉산,1,지상,2,지상 2층,2
01,수도권,KR,1,1호선,0145,도봉,1,지상,1,지상 1층,1
01,수도권,KR,1,1호선,0145,도봉,1,지상,2,지상 2층,2
01,수도권,KR,1,1호선,0220,방학,1,지상,1,지상 1층,1
01,수도권,KR,1,1호선,0220,방학,1,지상,2,지상 2층,2
01,수도권,KR,1,1호선,0541,창동,1,지상,1,지상 1층,1
01,수도권,KR,1,1호선,0541,창동,1,지상,2,지상 2층,2
01,수도권,KR,1,1호선,0119,녹천,1,지상,1,지상 1층,1
01,수도권,KR,1,1호선,0119,녹천,1,지상,2,지상 2층,2
01,수도권,KR,1,1호선,0459,월계,1,지상,1,지상 1층,1
01,수도권,KR,1,1호선,0459,월계,1,지상,2,지상 2층,2
01,수도권,KR,1,1호선,0065,광운대,1,지상,1,지상 1층,1
01,수도권,KR,1,1호선,0065,광운대,1,지상,2,지상 2층,2
01,수도권,KR,1,1호선,0065,광운대,2,지하,1,지하 1층,1
01,수도권,KR,1,1호선,0300,석계,1,지상,1,지상 1층,1
01,수도권,KR,1,1호선,0300,석계,1,지상,2,지상 2층,2
01,수도권,KR,1,1호선,0300,석계,2,지하,1,지하 1층,1
01,수도권,KR,1,1호선,0300,석계,2,지하,2,지하 2층,2
01,수도권,KR,1,1호선,0300,석계,2,지하,3,지하 3층,3
01,수도권,KR,1,1호선,0371,신이문,1,지상,1,지상 1층,1
01,수도권,KR,1,1호선,0371,신이문,1,지상,2,지상 2층,2
01,수도권,KR,1,1호선,0442,외대앞,1,지상,1,지상 1층,1
01,수도권,KR,1,1호선,0442,외대앞,1,지상,2,지상 2층,2
01,수도권,KR,1,1호선,0604,회기,1,지상,1,지상 1층,1
01,수도권,KR,1,1호선,0604,회기,1,지상,2,지상 2층,2
01,수도권,S1,1,1호선,0552,청량리,2,지하,1,지하 1층,1
01,수도권,S1,1,1호선,0552,청량리,2,지하,2,지하 2층,2
01,수도권,S1,1,1호선,0512,제기동,2,지하,1,지하 1층,1
01,수도권,S1,1,1호선,0512,제기동,2,지하,2,지하 2층,2
01,수도권,S1,1,1호선,0367,신설동,2,지하,1,지하 1층,1
01,수도권,S1,1,1호선,0367,신설동,2,지하,2,지하 2층,2
01,수도권,S1,1,1호선,0161,동묘앞,1,지상,1,지상 1층,1
01,수도권,S1,1,1호선,0161,동묘앞,2,지하,1,지하 1층,1
01,수도권,S1,1,1호선,0155,동대문,2,지하,1,지하 1층,1
01,수도권,S1,1,1호선,0155,동대문,2,지하,2,지하 2층,2
01,수도권,S1,1,1호선,0517,종로5가,2,지하,1,지하 1층,1
01,수도권,S1,1,1호선,0517,종로5가,2,지하,2,지하 2층,2
01,수도권,S1,1,1호선,0515,종로3가,2,지하,1,지하 1층,1
01,수도권,S1,1,1호선,0515,종로3가,2,지하,2,지하 2층,2
01,수도권,S1,1,1호선,0514,종각,2,지하,1,지하 1층,1
01,수도권,S1,1,1호선,0514,종각,2,지하,2,지하 2층,2
01,수도권,S1,1,1호선,0347,시청,2,지하,1,지하 1층,1
01,수도권,S1,1,1호선,0347,시청,2,지하,2,지하 2층,2
01,수도권,S1,1,1호선,0296,서울역,2,지하,1,지하 1층,1
01,수도권,S1,1,1호선,0296,서울역,2,지하,2,지하 2층,2
01,수도권,KR,1,1호선,0108,남영,1,지상,1,지상 1층,1
01,수도권,KR,1,1호선,0447,용산,1,지상,1,지상 1층,1
01,수도권,KR,1,1호선,0447,용산,1,지상,2,지상 2층,2
01,수도권,KR,1,1호선,0447,용산,1,지상,3,지상 3층,3
01,수도권,KR,1,1호선,0447,용산,1,지상,4,지상 4층,4
01,수도권,KR,1,1호선,0114,노량진,1,지상,1,지상 1층,1
01,수도권,KR,1,1호선,0114,노량진,1,지상,2,지상 2층,2
01,수도권,KR,1,1호선,0114,노량진,2,지하,1,지하 1층,1
01,수도권,KR,1,1호선,0132,대방,1,지상,1,지상 1층,1
01,수도권,KR,1,1호선,0132,대방,1,지상,2,지상 2층,2
01,수도권,KR,1,1호선,0351,신길,1,지상,1,지상 1층,1
01,수도권,KR,1,1호선,0351,신길,1,지상,2,지상 2층,2
01,수도권,KR,1,1호선,0420,영등포,1,지상,1,지상 1층,1
01,수도권,KR,1,1호선,0420,영등포,1,지상,2,지상 2층,2
01,수도권,KR,1,1호선,0420,영등포,1,지상,3,지상 3층,3
01,수도권,KR,1,1호선,0359,신도림,1,지상,1,지상 1층,1
01,수도권,KR,1,1호선,0359,신도림,1,지상,2,지상 2층,2
01,수도권,KR,1,1호선,0359,신도림,1,지상,3,지상 3층,3
01,수도권,KR,1,1호선,0359,신도림,2,지하,1,지하 1층,1
01,수도권,KR,1,1호선,0359,신도림,2,지하,2,지하 2층,2
01,수도권,KR,1,1호선,0069,구로,1,지상,1,지상 1층,1
01,수도권,KR,1,1호선,0069,구로,1,지상,3,지상 3층,2
01,수도권,KR,1,1호선,0077,구일,1,지상,1,지상 1층,1
01,수도권,KR,1,1호선,0077,구일,1,지상,2,지상 2층,2
01,수도권,KR,1,1호선,0026,개봉,1,지상,1,지상 1층,1
01,수도권,KR,1,1호선,0026,개봉,1,지상,2,지상 2층,2
01,수도권,KR,1,1호선,0427,오류동,1,지상,1,지상 1층,1
01,수도권,KR,1,1호선,0427,오류동,1,지상,2,지상 2층,2
01,수도권,KR,1,1호선,0435,온수,1,지상,1,지상 1층,1
01,수도권,KR,1,1호선,0435,온수,1,지상,2,지상 2층,2
01,수도권,KR,1,1호선,0414,역곡,1,지상,1,지상 1층,1
01,수도권,KR,1,1호선,0414,역곡,1,지상,2,지상 2층,2
01,수도권,KR,1,1호선,0323,소사,1,지상,1,지상 1층,1
01,수도권,KR,1,1호선,0323,소사,1,지상,2,지상 2층,2
01,수도권,KR,1,1호선,0246,부천,1,지상,1,지상 1층,1
01,수도권,KR,1,1호선,0246,부천,2,지하,1,지하 1층,1
01,수도권,KR,1,1호선,0526,중동,1,지상,1,지상 1층,1
01,수도권,KR,1,1호선,0526,중동,1,지상,2,지상 2층,2
01,수도권,KR,1,1호선,0327,송내,1,지상,1,지상 1층,1
01,수도권,KR,1,1호선,0327,송내,1,지상,2,지상 2층,2
01,수도권,KR,1,1호선,0244,부개,1,지상,1,지상 1층,1
01,수도권,KR,1,1호선,0244,부개,1,지상,2,지상 2층,2
01,수도권,KR,1,1호선,0249,부평,1,지상,1,지상 1층,1
01,수도권,KR,1,1호선,0249,부평,2,지하,1,지하 1층,1
01,수도권,KR,1,1호선,0226,백운,1,지상,1,지상 1층,1
01,수도권,KR,1,1호선,0226,백운,1,지상,2,지상 2층,2
01,수도권,KR,1,1호선,0164,동암,1,지상,1,지상 1층,1
01,수도권,KR,1,1호선,0164,동암,1,지상,2,지상 2층,2
01,수도권,KR,1,1호선,0013,간석,1,지상,1,지상 1층,1
01,수도권,KR,1,1호선,0013,간석,1,지상,2,지상 2층,2
01,수도권,KR,1,1호선,0519,주안,1,지상,1,지상 1층,1
01,수도권,KR,1,1호선,0519,주안,1,지상,2,지상 2층,2
01,수도권,KR,1,1호선,0519,주안,2,지하,1,지하 1층,1
01,수도권,KR,1,1호선,0149,도화,1,지상,1,지상 1층,1
01,수도권,KR,1,1호선,0149,도화,1,지상,2,지상 2층,2
01,수도권,KR,1,1호선,0513,제물포,1,지상,1,지상 1층,1
01,수도권,KR,1,1호선,0513,제물포,1,지상,2,지상 2층,2
01,수도권,KR,1,1호선,0148,도원,1,지상,1,지상 1층,1
01,수도권,KR,1,1호선,0148,도원,1,지상,2,지상 2층,2
01,수도권,KR,1,1호선,0166,동인천,1,지상,1,지상 1층,1
01,수도권,KR,1,1호선,0166,동인천,1,지상,2,지상 2층,2
01,수도권,KR,1,1호선,0481,인천,1,지상,1,지상 1층,1
01,수도권,KR,1,1호선,0481,인천,1,지상,2,지상 2층,2
01,수도권,KR,1,1호선,0004,가산디지털단지,1,지상,1,지상 1층,1
01,수도권,KR,1,1호선,0004,가산디지털단지,1,지상,2,지상 2층,2
01,수도권,KR,1,1호선,0152,독산,1,지상,1,지상 1층,1
01,수도권,KR,1,1호선,0152,독산,1,지상,2,지상 2층,2
01,수도권,KR,1,1호선,0091,금천구청,1,지상,1,지상 1층,1
01,수도권,KR,1,1호선,0091,금천구청,1,지상,2,지상 2층,2
01,수도권,KR,1,1호선,0063,광명,1,지상,1,지상 1층,1
01,수도권,KR,1,1호선,0063,광명,2,지하,1,지하 1층,1
01,수도권,KR,1,1호선,0063,광명,2,지하,2,지하 2층,2
01,수도권,KR,1,1호선,0303,석수,1,지상,1,지상 1층,1
01,수도권,KR,1,1호선,0303,석수,1,지상,2,지상 2층,2
01,수도권,KR,1,1호선,0059,관악,1,지상,1,지상 1층,1
01,수도권,KR,1,1호선,0059,관악,1,지상,2,지상 2층,2
01,수도권,KR,1,1호선,0390,안양,1,지상,1,지상 1층,1
01,수도권,KR,1,1호선,0390,안양,1,지상,2,지상 2층,2
01,수도권,KR,1,1호선,0390,안양,2,지하,1,지하 1층,1
01,수도권,KR,1,1호선,0200,명학,1,지상,1,지상 1층,1
01,수도권,KR,1,1호선,0090,금정,1,지상,1,지상 1층,1
01,수도권,KR,1,1호선,0090,금정,1,지상,2,지상 2층,2
01,수도권,KR,1,1호선,0083,군포,1,지상,1,지상 1층,1
01,수도권,KR,1,1호선,0127,당정,1,지상,1,지상 1층,1
01,수도권,KR,1,1호선,0127,당정,1,지상,2,지상 2층,2
01,수도권,KR,1,1호선,0469,의왕,1,지상,1,지상 1층,1
01,수도권,KR,1,1호선,0469,의왕,1,지상,2,지상 2층,2
01,수도권,KR,1,1호선,0312,성균관대,1,지상,1,지상 1층,1
01,수도권,KR,1,1호선,0312,성균관대,1,지상,3,지상 3층,2
01,수도권,KR,1,1호선,0601,화서,1,지상,1,지상 1층,1
01,수도권,KR,1,1호선,0338,수원,1,지상,1,지상 1층,1
01,수도권,KR,1,1호선,0338,수원,1,지상,2,지상 2층,2
01,수도권,KR,1,1호선,0318,세류,1,지상,1,지상 1층,1
01,수도권,KR,1,1호선,0318,세류,1,지상,2,지상 2층,2
01,수도권,KR,1,1호선,0231,병점,1,지상,1,지상 1층,1
01,수도권,KR,1,1호선,0231,병점,1,지상,2,지상 2층,2
01,수도권,KR,1,1호선,0290,서동탄,1,지상,1,지상 1층,1
01,수도권,KR,1,1호선,0319,세마,1,지상,1,지상 1층,1
01,수도권,KR,1,1호선,0319,세마,1,지상,2,지상 2층,2
01,수도권,KR,1,1호선,0432,오산대,1,지상,1,지상 1층,1
01,수도권,KR,1,1호선,0432,오산대,1,지상,2,지상 2층,2
01,수도권,KR,1,1호선,0431,오산,1,지상,1,지상 1층,1
01,수도권,KR,1,1호선,0431,오산,1,지상,2,지상 2층,2
01,수도권,KR,1,1호선,0540,진위,1,지상,1,지상 1층,1
01,수도권,KR,1,1호선,0540,진위,1,지상,2,지상 2층,2
01,수도권,KR,1,1호선,0331,송탄,1,지상,1,지상 1층,1
01,수도권,KR,1,1호선,0331,송탄,1,지상,2,지상 2층,2
01,수도권,KR,1,1호선,0297,서정리,1,지상,1,지상 1층,1
01,수도권,KR,1,1호선,0297,서정리,1,지상,2,지상 2층,2
01,수도권,KR,1,1호선,0535,평택지제,1,지상,1,지상 1층,1
01,수도권,KR,1,1호선,0535,평택지제,1,지상,2,지상 2층,2
01,수도권,KR,1,1호선,0579,평택,1,지상,1,지상 1층,1
01,수도권,KR,1,1호선,0579,평택,1,지상,2,지상 2층,2
01,수도권,KR,1,1호선,0317,성환,1,지상,1,지상 1층,1
01,수도권,KR,1,1호선,0317,성환,1,지상,2,지상 2층,2
01,수도권,KR,1,1호선,0539,직산,1,지상,1,지상 1층,1
01,수도권,KR,1,1호선,0170,두정,1,지상,2,지상 2층,1
01,수도권,KR,1,1호선,0544,천안,1,지상,1,지상 1층,1
01,수도권,KR,1,1호선,0544,천안,1,지상,3,지상 3층,2
01,수도권,KR,1,1호선,0240,봉명,1,지상,1,지상 1층,1
01,수도권,KR,1,1호선,0240,봉명,1,지상,2,지상 2층,2
01,수도권,KR,1,1호선,0381,쌍용,1,지상,1,지상 1층,1
01,수도권,KR,1,1호선,0381,쌍용,1,지상,2,지상 2층,2
01,수도권,KR,1,1호선,0382,아산,1,지상,1,지상 1층,1
01,수도권,KR,1,1호선,0382,아산,1,지상,2,지상 2층,2
01,수도권,KR,1,1호선,1356,탕정,1,지상,1,지상 1층,1
01,수도권,KR,1,1호선,1356,탕정,1,지상,2,지상 2층,2
01,수도권,KR,1,1호선,0222,배방,1,지상,1,지상 1층,1
01,수도권,KR,1,1호선,0222,배방,1,지상,2,지상 2층,2
01,수도권,KR,1,1호선,0437,온양온천,1,지상,1,지상 1층,1
01,수도권,KR,1,1호선,0437,온양온천,1,지상,2,지상 2층,2
01,수도권,KR,1,1호선,0437,온양온천,1,지상,3,지상 3층,3
01,수도권,KR,1,1호선,0375,신창,1,지상,1,지상 1층,1
01,수도권,KR,1,1호선,0375,신창,1,지상,2,지상 2층,2
01,수도권,S1,2,2호선,0347,시청,2,지하,1,지하 1층,1
01,수도권,S1,2,2호선,0347,시청,2,지하,3,지하 3층,2
01,수도권,S1,2,2호선,0564,충정로,2,지하,2,지하 2층,1
01,수도권,S1,2,2호선,0564,충정로,2,지하,3,지하 3층,2
01,수도권,S1,2,2호선,0386,아현,2,지하,1,지하 1층,1
01,수도권,S1,2,2호선,0386,아현,2,지하,2,지하 2층,2
01,수도권,S1,2,2호선,0473,이대,2,지하,1,지하 1층,1
01,수도권,S1,2,2호선,0473,이대,2,지하,2,지하 2층,2
01,수도권,S1,2,2호선,0366,신촌,2,지하,1,지하 1층,1
01,수도권,S1,2,2호선,0366,신촌,2,지하,2,지하 2층,2
01,수도권,S1,2,2호선,0596,홍대입구,2,지하,1,지하 1층,1
01,수도권,S1,2,2호선,0596,홍대입구,2,지하,2,지하 2층,2
01,수도권,S1,2,2호선,0591,합정,2,지하,1,지하 1층,1
01,수도권,S1,2,2호선,0591,합정,2,지하,2,지하 2층,2
01,수도권,S1,2,2호선,0126,당산,1,지상,2,지상 2층,1
01,수도권,S1,2,2호선,0126,당산,1,지상,3,지상 3층,2
01,수도권,S1,2,2호선,0421,영등포구청,2,지하,1,지하 1층,1
01,수도권,S1,2,2호선,0421,영등포구청,2,지하,2,지하 2층,2
01,수도권,S1,2,2호선,0206,문래,2,지하,1,지하 1층,1
01,수도권,S1,2,2호선,0206,문래,2,지하,2,지하 2층,2
01,수도권,S1,2,2호선,0359,신도림,2,지하,1,지하 1층,1
01,수도권,S1,2,2호선,0359,신도림,2,지하,2,지하 2층,2
01,수도권,S1,2,2호선,0130,대림,1,지상,2,지상 2층,1
01,수도권,S1,2,2호선,0130,대림,1,지상,3,지상 3층,2
01,수도권,S1,2,2호선,0070,구로디지털단지,1,지상,2,지상 2층,1
01,수도권,S1,2,2호선,0070,구로디지털단지,1,지상,3,지상 3층,2
01,수도권,S1,2,2호선,0357,신대방,1,지상,2,지상 2층,1
01,수도권,S1,2,2호선,0357,신대방,1,지상,3,지상 3층,2
01,수도권,S1,2,2호선,0361,신림,2,지하,1,지하 1층,1
01,수도권,S1,2,2호선,0361,신림,2,지하,2,지하 2층,2
01,수도권,S1,2,2호선,0242,봉천,2,지하,1,지하 1층,1
01,수도권,S1,2,2호선,0242,봉천,2,지하,2,지하 2층,2
01,수도권,S1,2,2호선,0294,서울대입구,2,지하,1,지하 1층,1
01,수도권,S1,2,2호선,0294,서울대입구,2,지하,2,지하 2층,2
01,수도권,S1,2,2호선,0102,낙성대,2,지하,1,지하 1층,1
01,수도권,S1,2,2호선,0102,낙성대,2,지하,2,지하 2층,2
01,수도권,S1,2,2호선,0257,사당,2,지하,1,지하 1층,1
01,수도권,S1,2,2호선,0257,사당,2,지하,2,지하 2층,2
01,수도권,S1,2,2호선,0218,방배,2,지하,1,지하 1층,1
01,수도권,S1,2,2호선,0218,방배,2,지하,2,지하 2층,2
01,수도권,S1,2,2호선,0298,서초,2,지하,1,지하 1층,1
01,수도권,S1,2,2호선,0298,서초,2,지하,2,지하 2층,2
01,수도권,S1,2,2호선,0068,교대,2,지하,1,지하 1층,1
01,수도권,S1,2,2호선,0068,교대,2,지하,2,지하 2층,2
01,수도권,S1,2,2호선,0017,강남,2,지하,1,지하 1층,1
01,수도권,S1,2,2호선,0017,강남,2,지하,2,지하 2층,2
01,수도권,S1,2,2호선,0415,역삼,2,지하,1,지하 1층,1
01,수도권,S1,2,2호선,0415,역삼,2,지하,2,지하 2층,2
01,수도권,S1,2,2호선,0415,역삼,2,지하,3,지하 3층,3
01,수도권,S1,2,2호선,0306,선릉,2,지하,1,지하 1층,1
01,수도권,S1,2,2호선,0306,선릉,2,지하,2,지하 2층,2
01,수도권,S1,2,2호선,0266,삼성,2,지하,1,지하 1층,1
01,수도권,S1,2,2호선,0266,삼성,2,지하,2,지하 2층,2
01,수도권,S1,2,2호선,0518,종합운동장,2,지하,1,지하 1층,1
01,수도권,S1,2,2호선,0518,종합운동장,2,지하,2,지하 2층,2
01,수도권,S1,2,2호선,0499,잠실새내,2,지하,1,지하 1층,1
01,수도권,S1,2,2호선,0499,잠실새내,2,지하,2,지하 2층,2
01,수도권,S1,2,2호선,0497,잠실,2,지하,1,지하 1층,1
01,수도권,S1,2,2호선,0497,잠실,2,지하,2,지하 2층,2
01,수도권,S1,2,2호선,0498,잠실나루,1,지상,1,지상 1층,1
01,수도권,S1,2,2호선,0498,잠실나루,1,지상,2,지상 2층,2
01,수도권,S1,2,2호선,0023,강변,1,지상,1,지상 1층,1
01,수도권,S1,2,2호선,0023,강변,1,지상,2,지상 2층,2
01,수도권,S1,2,2호선,0076,구의,1,지상,2,지상 2층,1
01,수도권,S1,2,2호선,0076,구의,1,지상,3,지상 3층,2
01,수도권,S1,2,2호선,0031,건대입구,1,지상,2,지상 2층,1
01,수도권,S1,2,2호선,0031,건대입구,1,지상,3,지상 3층,2
01,수도권,S1,2,2호선,0314,성수,1,지상,2,지상 2층,1
01,수도권,S1,2,2호선,0314,성수,1,지상,3,지상 3층,2
01,수도권,S1,2,2호선,0175,뚝섬,1,지상,2,지상 2층,1
01,수도권,S1,2,2호선,0175,뚝섬,1,지상,3,지상 3층,2
01,수도권,S1,2,2호선,0588,한양대,1,지상,1,지상 1층,1
01,수도권,S1,2,2호선,0588,한양대,1,지상,2,지상 2층,2
01,수도권,S1,2,2호선,0441,왕십리,2,지하,1,지하 1층,1
01,수도권,S1,2,2호선,0441,왕십리,2,지하,2,지하 2층,2
01,수도권,S1,2,2호선,0279,상왕십리,2,지하,1,지하 1층,1
01,수도권,S1,2,2호선,0279,상왕십리,2,지하,2,지하 2층,2
01,수도권,S1,2,2호선,0356,신당,2,지하,1,지하 1층,1
01,수도권,S1,2,2호선,0356,신당,2,지하,2,지하 2층,2
01,수도권,S1,2,2호선,0156,동대문역사문화공원,2,지하,1,지하 1층,1
01,수도권,S1,2,2호선,0156,동대문역사문화공원,2,지하,2,지하 2층,2
01,수도권,S1,2,2호선,0465,을지로4가,2,지하,1,지하 1층,1
01,수도권,S1,2,2호선,0465,을지로4가,2,지하,2,지하 2층,2
01,수도권,S1,2,2호선,0464,을지로3가,2,지하,1,지하 1층,1
01,수도권,S1,2,2호선,0464,을지로3가,2,지하,2,지하 2층,2
01,수도권,S1,2,2호선,0466,을지로입구,2,지하,1,지하 1층,1
01,수도권,S1,2,2호선,0466,을지로입구,2,지하,2,지하 2층,2
01,수도권,S1,2,2호선,0443,용답,1,지상,1,지상 1층,1
01,수도권,S1,2,2호선,0443,용답,1,지상,2,지상 2층,2
01,수도권,S1,2,2호선,0355,신답,1,지상,1,지상 1층,1
01,수도권,S1,2,2호선,0444,용두,2,지하,1,지하 1층,1
01,수도권,S1,2,2호선,0444,용두,2,지하,1,지하 1층,2
01,수도권,S1,2,2호선,0367,신설동,2,지하,1,지하 1층,1
01,수도권,S1,2,2호선,0367,신설동,2,지하,2,지하 2층,2
01,수도권,S1,2,2호선,0144,도림천,1,지상,1,지상 1층,1
01,수도권,S1,2,2호선,0144,도림천,2,지하,3,지하 3층,1
01,수도권,S1,2,2호선,0404,양천구청,2,지하,1,지하 1층,1
01,수도권,S1,2,2호선,0404,양천구청,2,지하,2,지하 2층,2
01,수도권,S1,2,2호선,0373,신정네거리,2,지하,1,지하 1층,1
01,수도권,S1,2,2호선,0373,신정네거리,2,지하,2,지하 2층,2
01,수도권,S1,2,2호선,0373,신정네거리,2,지하,3,지하 3층,3
01,수도권,S1,2,2호선,0100,까치산,2,지하,5,지하 5층,1
01,수도권,KR,3,3호선,0137,대화,1,지상,1,지상 1층,1
01,수도권,KR,3,3호선,0137,대화,2,지하,1,지하 1층,1
01,수도권,KR,3,3호선,0137,대화,2,지하,2,지하 2층,2
01,수도권,KR,3,3호선,0522,주엽,1,지상,1,지상 1층,1
01,수도권,KR,3,3호선,0522,주엽,2,지하,1,지하 1층,1
01,수도권,KR,3,3호선,0522,주엽,2,지하,2,지하 2층,2
01,수도권,KR,3,3호선,0508,정발산,2,지하,1,지하 1층,1
01,수도권,KR,3,3호선,0508,정발산,2,지하,2,지하 2층,2
01,수도권,KR,3,3호선,0179,마두,2,지하,1,지하 1층,1
01,수도권,KR,3,3호선,0179,마두,2,지하,2,지하 2층,2
01,수도권,KR,3,3호선,0224,백석,2,지하,1,지하 1층,1
01,수도권,KR,3,3호선,0224,백석,2,지하,2,지하 2층,2
01,수도권,KR,3,3호선,0128,대곡,1,지상,1,지상 1층,1
01,수도권,KR,3,3호선,0128,대곡,1,지상,2,지상 2층,2
01,수도권,KR,3,3호선,0128,대곡,1,지상,3,지상 3층,3
01,수도권,KR,3,3호선,0128,대곡,2,지하,1,지하 1층,1
01,수도권,KR,3,3호선,0128,대곡,2,지하,2,지하 2층,2
01,수도권,KR,3,3호선,0603,화정,1,지상,1,지상 1층,1
01,수도권,KR,3,3호선,0603,화정,1,지상,2,지상 2층,2
01,수도권,KR,3,3호선,0456,원당,2,지하,1,지하 1층,1
01,수도권,KR,3,3호선,0456,원당,2,지하,2,지하 2층,2
01,수도권,KR,3,3호선,0036,원흥,2,지하,1,지하 1층,1
01,수도권,KR,3,3호선,0036,원흥,2,지하,2,지하 2층,2
01,수도권,KR,3,3호선,0268,삼송,2,지하,1,지하 1층,1
01,수도권,KR,3,3호선,0268,삼송,2,지하,2,지하 2층,2
01,수도권,S1,3,3호선,0536,지축,1,지상,1,지상 1층,1
01,수도권,S1,3,3호선,0536,지축,1,지상,2,지상 2층,2
01,수도권,S1,3,3호선,0078,구파발,2,지하,1,지하 1층,1
01,수도권,S1,3,3호선,0078,구파발,2,지하,2,지하 2층,2
01,수도권,S1,3,3호선,0418,연신내,2,지하,1,지하 1층,1
01,수도권,S1,3,3호선,0418,연신내,2,지하,2,지하 2층,2
01,수도권,S1,3,3호선,0255,불광,2,지하,1,지하 1층,1
01,수도권,S1,3,3호선,0255,불광,2,지하,2,지하 2층,2
01,수도권,S1,3,3호선,0116,녹번,2,지하,1,지하 1층,1
01,수도권,S1,3,3호선,0116,녹번,2,지하,2,지하 2층,2
01,수도권,S1,3,3호선,0597,홍제,2,지하,1,지하 1층,1
01,수도권,S1,3,3호선,0597,홍제,2,지하,2,지하 2층,2
01,수도권,S1,3,3호선,0597,홍제,2,지하,3,지하 3층,3
01,수도권,S1,3,3호선,0205,무악재,2,지하,1,지하 1층,1
01,수도권,S1,3,3호선,0205,무악재,2,지하,2,지하 2층,2
01,수도권,S1,3,3호선,0205,무악재,2,지하,3,지하 3층,3
01,수도권,S1,3,3호선,0150,독립문,2,지하,2,지하 2층,1
01,수도권,S1,3,3호선,0150,독립문,2,지하,3,지하 3층,2
01,수도권,S1,3,3호선,0040,경복궁,2,지하,1,지하 1층,1
01,수도권,S1,3,3호선,0040,경복궁,2,지하,2,지하 2층,2
01,수도권,S1,3,3호선,0040,경복궁,2,지하,3,지하 3층,3
01,수도권,S1,3,3호선,0387,안국,2,지하,1,지하 1층,1
01,수도권,S1,3,3호선,0387,안국,2,지하,2,지하 2층,2
01,수도권,S1,3,3호선,0387,안국,2,지하,3,지하 3층,3
01,수도권,S1,3,3호선,0515,종로3가,2,지하,1,지하 1층,1
01,수도권,S1,3,3호선,0515,종로3가,2,지하,2,지하 2층,2
01,수도권,S1,3,3호선,0515,종로3가,2,지하,3,지하 3층,3
01,수도권,S1,3,3호선,0515,종로3가,2,지하,4,지하 4층,4
01,수도권,S1,3,3호선,0464,을지로3가,2,지하,1,지하 1층,1
01,수도권,S1,3,3호선,0464,을지로3가,2,지하,2,지하 2층,2
01,수도권,S1,3,3호선,0464,을지로3가,2,지하,3,지하 3층,3
01,수도권,S1,3,3호선,0563,충무로,2,지하,4,지하 4층,1
01,수도권,S1,3,3호선,0157,동대입구,2,지하,1,지하 1층,1
01,수도권,S1,3,3호선,0157,동대입구,2,지하,2,지하 2층,2
01,수도권,S1,3,3호선,0157,동대입구,2,지하,3,지하 3층,3
01,수도권,S1,3,3호선,0397,약수,2,지하,1,지하 1층,1
01,수도권,S1,3,3호선,0397,약수,2,지하,2,지하 2층,2
01,수도권,S1,3,3호선,0093,금호,2,지하,1,지하 1층,1
01,수도권,S1,3,3호선,0093,금호,2,지하,2,지하 2층,2
01,수도권,S1,3,3호선,0434,옥수,1,지상,3,지상 3층,1
01,수도권,S1,3,3호선,0434,옥수,1,지상,4,지상 4층,2
01,수도권,S1,3,3호선,0392,압구정,2,지하,1,지하 1층,1
01,수도권,S1,3,3호선,0392,압구정,2,지하,2,지하 2층,2
01,수도권,S1,3,3호선,0365,신사,2,지하,1,지하 1층,1
01,수도권,S1,3,3호선,0365,신사,2,지하,2,지하 2층,2
01,수도권,S1,3,3호선,0500,잠원,2,지하,1,지하 1층,1
01,수도권,S1,3,3호선,0500,잠원,2,지하,2,지하 2층,2
01,수도권,S1,3,3호선,0048,고속터미널,2,지하,1,지하 1층,1
01,수도권,S1,3,3호선,0048,고속터미널,2,지하,2,지하 2층,2
01,수도권,S1,3,3호선,0048,고속터미널,2,지하,3,지하 3층,3
01,수도권,S1,3,3호선,0068,교대,2,지하,1,지하 1층,1
01,수도권,S1,3,3호선,0068,교대,2,지하,2,지하 2층,2
01,수도권,S1,3,3호선,0068,교대,2,지하,3,지하 3층,3
01,수도권,S1,3,3호선,0106,남부터미널,2,지하,1,지하 1층,1
01,수도권,S1,3,3호선,0106,남부터미널,2,지하,2,지하 2층,2
01,수도권,S1,3,3호선,0106,남부터미널,2,지하,3,지하 3층,3
01,수도권,S1,3,3호선,0400,양재,2,지하,1,지하 1층,1
01,수도권,S1,3,3호선,0400,양재,2,지하,2,지하 2층,2
01,수도권,S1,3,3호선,0193,매봉,2,지하,1,지하 1층,1
01,수도권,S1,3,3호선,0193,매봉,2,지하,2,지하 2층,2
01,수도권,S1,3,3호선,0142,도곡,2,지하,1,지하 1층,1
01,수도권,S1,3,3호선,0142,도곡,2,지하,2,지하 2층,2
01,수도권,S1,3,3호선,0142,도곡,2,지하,3,지하 3층,3
01,수도권,S1,3,3호선,0142,도곡,2,지하,4,지하 4층,4
01,수도권,S1,3,3호선,0136,대치,2,지하,1,지하 1층,1
01,수도권,S1,3,3호선,0136,대치,2,지하,2,지하 2층,2
01,수도권,S1,3,3호선,0136,대치,2,지하,4,지하 4층,3
01,수도권,S1,3,3호선,0583,학여울,2,지하,4,지하 4층,1
01,수도권,S1,3,3호선,0583,학여울,2,지하,5,지하 5층,2
01,수도권,S1,3,3호선,0135,대청,2,지하,2,지하 2층,1
01,수도권,S1,3,3호선,0135,대청,2,지하,3,지하 3층,2
01,수도권,S1,3,3호선,0494,일원,2,지하,1,지하 1층,1
01,수도권,S1,3,3호선,0494,일원,2,지하,2,지하 2층,2
01,수도권,S1,3,3호선,0494,일원,2,지하,3,지하 3층,3
01,수도권,S1,3,3호선,0337,수서,2,지하,1,지하 1층,1
01,수도권,S1,3,3호선,0337,수서,2,지하,2,지하 2층,2
01,수도권,S1,3,3호선,0003,가락시장,2,지하,2,지하 2층,1
01,수도권,S1,3,3호선,0003,가락시장,2,지하,3,지하 3층,2
01,수도권,S1,3,3호선,0003,가락시장,2,지하,4,지하 4층,3
01,수도권,S1,3,3호선,0043,경찰병원,2,지하,1,지하 1층,1
01,수도권,S1,3,3호선,0043,경찰병원,2,지하,2,지하 2층,2
01,수도권,S1,3,3호선,0043,경찰병원,2,지하,3,지하 3층,3
01,수도권,S1,3,3호선,0426,오금,2,지하,1,지하 1층,1
01,수도권,S1,3,3호선,0426,오금,2,지하,2,지하 2층,2
01,수도권,S1,3,3호선,0426,오금,2,지하,3,지하 3층,3
01,수도권,S1,3,3호선,0426,오금,2,지하,4,지하 4층,4
01,수도권,NU,4,4호선,1355,진접,1,지상,1,지상 1층,1
01,수도권,NU,4,4호선,1355,진접,2,지하,1,지하 1층,1
01,수도권,NU,4,4호선,1355,진접,2,지하,2,지하 2층,2
01,수도권,NU,4,4호선,1354,오남,1,지상,1,지상 1층,1
01,수도권,NU,4,4호선,1354,오남,2,지하,1,지하 1층,1
01,수도권,NU,4,4호선,1354,오남,2,지하,2,지하 2층,2
01,수도권,NU,4,4호선,1353,별내별가람,1,지상,1,지상 1층,1
01,수도권,NU,4,4호선,1353,별내별가람,2,지하,1,지하 1층,1
01,수도권,NU,4,4호선,1353,별내별가람,2,지하,2,지하 2층,2
01,수도권,S1,4,4호선,0125,불암산,1,지상,1,지상 1층,1
01,수도권,S1,4,4호선,0125,불암산,1,지상,2,지상 2층,2
01,수도권,S1,4,4호선,0125,불암산,1,지상,3,지상 3층,3
01,수도권,S1,4,4호선,0272,상계,1,지상,1,지상 1층,1
01,수도권,S1,4,4호선,0272,상계,1,지상,2,지상 2층,2
01,수도권,S1,4,4호선,0272,상계,1,지상,3,지상 3층,3
01,수도권,S1,4,4호선,0115,노원,1,지상,2,지상 2층,1
01,수도권,S1,4,4호선,0115,노원,1,지상,3,지상 3층,2
01,수도권,S1,4,4호선,0541,창동,1,지상,2,지상 2층,1
01,수도권,S1,4,4호선,0541,창동,1,지상,3,지상 3층,2
01,수도권,S1,4,4호선,0380,쌍문,2,지하,1,지하 1층,1
01,수도권,S1,4,4호선,0380,쌍문,2,지하,2,지하 2층,2
01,수도권,S1,4,4호선,0340,수유,2,지하,1,지하 1층,1
01,수도권,S1,4,4호선,0340,수유,2,지하,2,지하 2층,2
01,수도권,S1,4,4호선,0211,미아,2,지하,1,지하 1층,1
01,수도권,S1,4,4호선,0211,미아,2,지하,2,지하 2층,2
01,수도권,S1,4,4호선,0212,미아사거리,2,지하,1,지하 1층,1
01,수도권,S1,4,4호선,0212,미아사거리,2,지하,2,지하 2층,2
01,수도권,S1,4,4호선,0096,길음,2,지하,1,지하 1층,1
01,수도권,S1,4,4호선,0096,길음,2,지하,2,지하 2층,2
01,수도권,S1,4,4호선,0315,성신여대입구,2,지하,1,지하 1층,1
01,수도권,S1,4,4호선,0315,성신여대입구,2,지하,2,지하 2층,2
01,수도권,S1,4,4호선,0587,한성대입구,2,지하,1,지하 1층,1
01,수도권,S1,4,4호선,0587,한성대입구,2,지하,2,지하 2층,2
01,수도권,S1,4,4호선,0594,혜화,1,지상,1,지상 1층,1
01,수도권,S1,4,4호선,0594,혜화,2,지하,2,지하 2층,1
01,수도권,S1,4,4호선,0155,동대문,2,지하,1,지하 1층,1
01,수도권,S1,4,4호선,0155,동대문,2,지하,2,지하 2층,2
01,수도권,S1,4,4호선,0155,동대문,2,지하,3,지하 3층,3
01,수도권,S1,4,4호선,0155,동대문,2,지하,4,지하 4층,4
01,수도권,S1,4,4호선,0156,동대문역사문화공원,2,지하,1,지하 1층,1
01,수도권,S1,4,4호선,0156,동대문역사문화공원,2,지하,2,지하 2층,2
01,수도권,S1,4,4호선,0156,동대문역사문화공원,2,지하,3,지하 3층,3
01,수도권,S1,4,4호선,0563,충무로,2,지하,1,지하 1층,1
01,수도권,S1,4,4호선,0563,충무로,2,지하,2,지하 2층,2
01,수도권,S1,4,4호선,0563,충무로,2,지하,3,지하 3층,3
01,수도권,S1,4,4호선,0197,명동,2,지하,1,지하 1층,1
01,수도권,S1,4,4호선,0197,명동,2,지하,4,지하 4층,2
01,수도권,S1,4,4호선,0607,회현,2,지하,1,지하 1층,1
01,수도권,S1,4,4호선,0607,회현,2,지하,2,지하 2층,2
01,수도권,S1,4,4호선,0607,회현,2,지하,4,지하 4층,3
01,수도권,S1,4,4호선,0296,서울역,2,지하,1,지하 1층,1
01,수도권,S1,4,4호선,0296,서울역,2,지하,2,지하 2층,2
01,수도권,S1,4,4호선,0343,숙대입구,2,지하,1,지하 1층,1
01,수도권,S1,4,4호선,0343,숙대입구,2,지하,2,지하 2층,2
01,수도권,S1,4,4호선,0263,삼각지,2,지하,1,지하 1층,1
01,수도권,S1,4,4호선,0263,삼각지,2,지하,2,지하 2층,2
01,수도권,S1,4,4호선,0369,신용산,2,지하,1,지하 1층,1
01,수도권,S1,4,4호선,0369,신용산,2,지하,2,지하 2층,2
01,수도권,S1,4,4호선,0477,이촌,2,지하,1,지하 1층,1
01,수도권,S1,4,4호선,0477,이촌,2,지하,2,지하 2층,2
01,수도권,S1,4,4호선,0167,동작,1,지상,2,지상 2층,1
01,수도권,S1,4,4호선,0167,동작,1,지상,3,지상 3층,2
01,수도권,S1,4,4호선,0560,총신대입구,2,지하,1,지하 1층,1
01,수도권,S1,4,4호선,0560,총신대입구,2,지하,2,지하 2층,2
01,수도권,S1,4,4호선,0257,사당,2,지하,1,지하 1층,1
01,수도권,S1,4,4호선,0257,사당,2,지하,2,지하 2층,2
01,수도권,S1,4,4호선,0257,사당,2,지하,3,지하 3층,3
01,수도권,S1,4,4호선,0110,남태령,2,지하,1,지하 1층,1
01,수도권,S1,4,4호선,0110,남태령,2,지하,2,지하 2층,2
01,수도권,S1,4,4호선,0110,남태령,2,지하,3,지하 3층,3
01,수도권,KR,4,4호선,0307,선바위,2,지하,1,지하 1층,1
01,수도권,KR,4,4호선,0307,선바위,2,지하,2,지하 2층,2
01,수도권,KR,4,4호선,0039,경마공원,2,지하,1,지하 1층,1
01,수도권,KR,4,4호선,0039,경마공원,2,지하,2,지하 2층,2
01,수도권,KR,4,4호선,0129,대공원,2,지하,1,지하 1층,1
01,수도권,KR,4,4호선,0129,대공원,2,지하,2,지하 2층,2
01,수도권,KR,4,4호선,0058,과천,2,지하,1,지하 1층,1
01,수도권,KR,4,4호선,0058,과천,2,지하,2,지하 2층,2
01,수도권,KR,4,4호선,0509,정부과천청사,2,지하,1,지하 1층,1
01,수도권,KR,4,4호선,0509,정부과천청사,2,지하,2,지하 2층,2
01,수도권,KR,4,4호선,0480,인덕원,2,지하,1,지하 1층,1
01,수도권,KR,4,4호선,0480,인덕원,2,지하,2,지하 2층,2
01,수도권,KR,4,4호선,0578,평촌,2,지하,1,지하 1층,1
01,수도권,KR,4,4호선,0578,평촌,2,지하,2,지하 2층,2
01,수도권,KR,4,4호선,0578,평촌,2,지하,3,지하 3층,3
01,수도권,KR,4,4호선,0228,범계,2,지하,1,지하 1층,1
01,수도권,KR,4,4호선,0228,범계,2,지하,2,지하 2층,2
01,수도권,KR,4,4호선,0090,금정,1,지상,1,지상 1층,1
01,수도권,KR,4,4호선,0090,금정,1,지상,2,지상 2층,2
01,수도권,KR,4,4호선,0260,산본,1,지상,1,지상 1층,1
01,수도권,KR,4,4호선,0260,산본,1,지상,2,지상 2층,2
01,수도권,KR,4,4호선,0335,수리산,1,지상,1,지상 1층,1
01,수도권,KR,4,4호선,0335,수리산,1,지상,2,지상 2층,2
01,수도권,KR,4,4호선,0134,대야미,1,지상,1,지상 1층,1
01,수도권,KR,4,4호선,0134,대야미,1,지상,2,지상 2층,2
01,수도권,KR,4,4호선,0214,반월,1,지상,1,지상 1층,1
01,수도권,KR,4,4호선,0214,반월,2,지하,1,지하 1층,1
01,수도권,KR,4,4호선,0214,반월,2,지하,2,지하 2층,2
01,수도권,KR,4,4호선,0275,상록수,1,지상,1,지상 1층,1
01,수도권,KR,4,4호선,0275,상록수,1,지상,2,지상 2층,2
01,수도권,KR,4,4호선,0586,한대앞,1,지상,1,지상 1층,1
01,수도권,KR,4,4호선,0586,한대앞,1,지상,2,지상 2층,2
01,수도권,KR,4,4호선,0529,중앙,1,지상,1,지상 1층,1
01,수도권,KR,4,4호선,0529,중앙,1,지상,2,지상 2층,2
01,수도권,KR,4,4호선,0049,고잔,1,지상,1,지상 1층,1
01,수도권,KR,4,4호선,0049,고잔,1,지상,2,지상 2층,2
01,수도권,KR,4,4호선,0559,초지,1,지상,1,지상 1층,1
01,수도권,KR,4,4호선,0559,초지,1,지상,2,지상 2층,2
01,수도권,KR,4,4호선,0388,안산,1,지상,1,지상 1층,1
01,수도권,KR,4,4호선,0388,안산,1,지상,2,지상 2층,2
01,수도권,KR,4,4호선,0352,능길,1,지상,1,지상 1층,1
01,수도권,KR,4,4호선,0352,능길,1,지상,2,지상 2층,2
01,수도권,KR,4,4호선,0510,정왕,1,지상,1,지상 1층,1
01,수도권,KR,4,4호선,0510,정왕,1,지상,2,지상 2층,2
01,수도권,KR,4,4호선,0433,오이도,1,지상,1,지상 1층,1
01,수도권,KR,4,4호선,0433,오이도,1,지상,2,지상 2층,2
01,수도권,KR,4,4호선,0433,오이도,1,지상,3,지상 3층,3
01,수도권,S1,5,5호선,0221,방화,2,지하,1,지하 1층,1
01,수도권,S1,5,5호선,0221,방화,2,지하,2,지하 2층,2
01,수도권,S1,5,5호선,0029,개화산,1,지상,1,지상 1층,1
01,수도권,S1,5,5호선,0029,개화산,2,지하,1,지하 1층,1
01,수도권,S1,5,5호선,0029,개화산,2,지하,2,지하 2층,2
01,수도권,S1,5,5호선,0099,김포공항,2,지하,1,지하 1층,1
01,수도권,S1,5,5호선,0099,김포공항,2,지하,2,지하 2층,2
01,수도권,S1,5,5호선,0099,김포공항,2,지하,3,지하 3층,3
01,수도권,S1,5,5호선,0330,송정,2,지하,2,지하 2층,1
01,수도권,S1,5,5호선,0330,송정,2,지하,3,지하 3층,2
01,수도권,S1,5,5호선,0177,마곡,2,지하,1,지하 1층,1
01,수도권,S1,5,5호선,0177,마곡,2,지하,2,지하 2층,2
01,수도권,S1,5,5호선,0217,발산,2,지하,1,지하 1층,1
01,수도권,S1,5,5호선,0217,발산,2,지하,2,지하 2층,2
01,수도권,S1,5,5호선,0449,우장산,2,지하,1,지하 1층,1
01,수도권,S1,5,5호선,0449,우장산,2,지하,2,지하 2층,2
01,수도권,S1,5,5호선,0599,화곡,2,지하,1,지하 1층,1
01,수도권,S1,5,5호선,0599,화곡,2,지하,2,지하 2층,2
01,수도권,S1,5,5호선,0100,까치산,2,지하,1,지하 1층,1
01,수도권,S1,5,5호선,0100,까치산,2,지하,5,지하 5층,2
01,수도권,S1,5,5호선,0372,신정,2,지하,1,지하 1층,1
01,수도권,S1,5,5호선,0372,신정,2,지하,2,지하 2층,2
01,수도권,S1,5,5호선,0372,신정,2,지하,3,지하 3층,3
01,수도권,S1,5,5호선,0203,목동,2,지하,1,지하 1층,1
01,수도권,S1,5,5호선,0203,목동,2,지하,2,지하 2층,2
01,수도권,S1,5,5호선,0429,오목교,2,지하,1,지하 1층,1
01,수도권,S1,5,5호선,0429,오목교,2,지하,2,지하 2층,2
01,수도권,S1,5,5호선,0429,오목교,2,지하,3,지하 3층,3
01,수도권,S1,5,5호선,0316,양평,2,지하,1,지하 1층,1
01,수도권,S1,5,5호선,0316,양평,2,지하,2,지하 2층,2
01,수도권,S1,5,5호선,0316,양평,2,지하,3,지하 3층,3
01,수도권,S1,5,5호선,0316,양평,2,지하,5,지하 5층,4
01,수도권,S1,5,5호선,0421,영등포구청,2,지하,1,지하 1층,1
01,수도권,S1,5,5호선,0421,영등포구청,2,지하,2,지하 2층,2
01,수도권,S1,5,5호선,0421,영등포구청,2,지하,3,지하 3층,3
01,수도권,S1,5,5호선,0421,영등포구청,2,지하,4,지하 4층,4
01,수도권,S1,5,5호선,0421,영등포구청,2,지하,5,지하 5층,5
01,수도권,S1,5,5호선,0422,영등포시장,2,지하,1,지하 1층,1
01,수도권,S1,5,5호선,0422,영등포시장,2,지하,2,지하 2층,2
01,수도권,S1,5,5호선,0422,영등포시장,2,지하,3,지하 3층,3
01,수도권,S1,5,5호선,0422,영등포시장,2,지하,5,지하 5층,4
01,수도권,S1,5,5호선,0422,영등포시장,2,지하,6,지하 6층,5
01,수도권,S1,5,5호선,0351,신길,2,지하,3,지하 3층,1
01,수도권,S1,5,5호선,0351,신길,2,지하,4,지하 4층,2
01,수도권,S1,5,5호선,0412,여의도,2,지하,1,지하 1층,1
01,수도권,S1,5,5호선,0412,여의도,2,지하,2,지하 2층,2
01,수도권,S1,5,5호선,0412,여의도,2,지하,3,지하 3층,3
01,수도권,S1,5,5호선,0412,여의도,2,지하,4,지하 4층,4
01,수도권,S1,5,5호선,0411,여의나루,2,지하,1,지하 1층,1
01,수도권,S1,5,5호선,0411,여의나루,2,지하,2,지하 2층,2
01,수도권,S1,5,5호선,0411,여의나루,2,지하,4,지하 4층,3
01,수도권,S1,5,5호선,0411,여의나루,2,지하,5,지하 5층,4
01,수도권,S1,5,5호선,0185,마포,2,지하,1,지하 1층,1
01,수도권,S1,5,5호선,0185,마포,2,지하,3,지하 3층,2
01,수도권,S1,5,5호선,0185,마포,2,지하,4,지하 4층,3
01,수도권,S1,5,5호선,0185,마포,2,지하,5,지하 5층,4
01,수도권,S1,5,5호선,0054,공덕,2,지하,1,지하 1층,1
01,수도권,S1,5,5호선,0054,공덕,2,지하,2,지하 2층,2
01,수도권,S1,5,5호선,0054,공덕,2,지하,3,지하 3층,3
01,수도권,S1,5,5호선,0394,애오개,2,지하,1,지하 1층,1
01,수도권,S1,5,5호선,0394,애오개,2,지하,3,지하 3층,2
01,수도권,S1,5,5호선,0394,애오개,2,지하,4,지하 4층,3
01,수도권,S1,5,5호선,0564,충정로,2,지하,1,지하 1층,1
01,수도권,S1,5,5호선,0564,충정로,2,지하,2,지하 2층,2
01,수도권,S1,5,5호선,0564,충정로,2,지하,4,지하 4층,3
01,수도권,S1,5,5호선,0564,충정로,2,지하,5,지하 5층,4
01,수도권,S1,5,5호선,0289,서대문,2,지하,1,지하 1층,1
01,수도권,S1,5,5호선,0289,서대문,2,지하,3,지하 3층,2
01,수도권,S1,5,5호선,0289,서대문,2,지하,4,지하 4층,3
01,수도권,S1,5,5호선,0066,광화문,2,지하,1,지하 1층,1
01,수도권,S1,5,5호선,0066,광화문,2,지하,2,지하 2층,2
01,수도권,S1,5,5호선,0066,광화문,2,지하,3,지하 3층,3
01,수도권,S1,5,5호선,0066,광화문,2,지하,4,지하 4층,4
01,수도권,S1,5,5호선,0515,종로3가,2,지하,1,지하 1층,1
01,수도권,S1,5,5호선,0515,종로3가,2,지하,3,지하 3층,2
01,수도권,S1,5,5호선,0515,종로3가,2,지하,4,지하 4층,3
01,수도권,S1,5,5호선,0515,종로3가,2,지하,5,지하 5층,4
01,수도권,S1,5,5호선,0465,을지로4가,2,지하,1,지하 1층,1
01,수도권,S1,5,5호선,0465,을지로4가,2,지하,2,지하 2층,2
01,수도권,S1,5,5호선,0465,을지로4가,2,지하,3,지하 3층,3
01,수도권,S1,5,5호선,0465,을지로4가,2,지하,4,지하 4층,4
01,수도권,S1,5,5호선,0465,을지로4가,2,지하,5,지하 5층,5
01,수도권,S1,5,5호선,0156,동대문역사문화공원,2,지하,1,지하 1층,1
01,수도권,S1,5,5호선,0156,동대문역사문화공원,2,지하,2,지하 2층,2
01,수도권,S1,5,5호선,0156,동대문역사문화공원,2,지하,4,지하 4층,3
01,수도권,S1,5,5호선,0156,동대문역사문화공원,2,지하,5,지하 5층,4
01,수도권,S1,5,5호선,0549,청구,2,지하,1,지하 1층,1
01,수도권,S1,5,5호선,0549,청구,2,지하,3,지하 3층,2
01,수도권,S1,5,5호선,0549,청구,2,지하,4,지하 4층,3
01,수도권,S1,5,5호선,0350,신금호,2,지하,1,지하 1층,1
01,수도권,S1,5,5호선,0350,신금호,2,지하,2,지하 2층,2
01,수도권,S1,5,5호선,0350,신금호,2,지하,8,지하 8층,3
01,수도권,S1,5,5호선,0592,행당,2,지하,1,지하 1층,1
01,수도권,S1,5,5호선,0592,행당,2,지하,3,지하 3층,2
01,수도권,S1,5,5호선,0592,행당,2,지하,4,지하 4층,3
01,수도권,S1,5,5호선,0592,행당,2,지하,5,지하 5층,4
01,수도권,S1,5,5호선,0441,왕십리,2,지하,1,지하 1층,1
01,수도권,S1,5,5호선,0441,왕십리,2,지하,5,지하 5층,2
01,수도권,S1,5,5호선,0182,마장,2,지하,1,지하 1층,1
01,수도권,S1,5,5호선,0182,마장,2,지하,2,지하 2층,2
01,수도권,S1,5,5호선,0182,마장,2,지하,3,지하 3층,3
01,수도권,S1,5,5호선,0124,답십리,2,지하,1,지하 1층,1
01,수도권,S1,5,5호선,0124,답십리,2,지하,2,지하 2층,2
01,수도권,S1,5,5호선,0124,답십리,2,지하,3,지하 3층,3
01,수도권,S1,5,5호선,0505,장한평,2,지하,1,지하 1층,1
01,수도권,S1,5,5호선,0505,장한평,2,지하,2,지하 2층,2
01,수도권,S1,5,5호선,0505,장한평,2,지하,3,지하 3층,3
01,수도권,S1,5,5호선,0082,군자,2,지하,1,지하 1층,1
01,수도권,S1,5,5호선,0082,군자,2,지하,2,지하 2층,2
01,수도권,S1,5,5호선,0385,아차산,2,지하,1,지하 1층,1
01,수도권,S1,5,5호선,0385,아차산,2,지하,2,지하 2층,2
01,수도권,S1,5,5호선,0385,아차산,2,지하,3,지하 3층,3
01,수도권,S1,5,5호선,0062,광나루,2,지하,2,지하 2층,1
01,수도권,S1,5,5호선,0062,광나루,2,지하,3,지하 3층,2
01,수도권,S1,5,5호선,0546,천호,2,지하,1,지하 1층,1
01,수도권,S1,5,5호선,0546,천호,2,지하,2,지하 2층,2
01,수도권,S1,5,5호선,0020,강동,2,지하,3,지하 3층,1
01,수도권,S1,5,5호선,0020,강동,2,지하,4,지하 4층,2
01,수도권,S1,5,5호선,0095,길동,2,지하,2,지하 2층,1
01,수도권,S1,5,5호선,0095,길동,2,지하,3,지하 3층,2
01,수도권,S1,5,5호선,0086,굽은다리,2,지하,1,지하 1층,1
01,수도권,S1,5,5호선,0086,굽은다리,2,지하,2,지하 2층,2
01,수도권,S1,5,5호선,0198,명일,2,지하,1,지하 1층,1
01,수도권,S1,5,5호선,0198,명일,2,지하,2,지하 2층,2
01,수도권,S1,5,5호선,0046,고덕,2,지하,1,지하 1층,1
01,수도권,S1,5,5호선,0046,고덕,2,지하,2,지하 2층,2
01,수도권,S1,5,5호선,0281,상일동,2,지하,1,지하 1층,1
01,수도권,S1,5,5호선,0281,상일동,2,지하,2,지하 2층,2
01,수도권,S1,5,5호선,0436,강일,2,지하,1,지하 1층,1
01,수도권,S1,5,5호선,0436,강일,2,지하,2,지하 2층,2
01,수도권,S1,5,5호선,0436,강일,2,지하,3,지하 3층,3
01,수도권,S1,5,5호선,0475,미사,2,지하,1,지하 1층,1
01,수도권,S1,5,5호선,0475,미사,2,지하,2,지하 2층,2
01,수도권,S1,5,5호선,0478,하남풍산,2,지하,1,지하 1층,1
01,수도권,S1,5,5호선,0478,하남풍산,2,지하,2,지하 2층,2
01,수도권,S1,5,5호선,0482,하남시청,2,지하,1,지하 1층,1
01,수도권,S1,5,5호선,0482,하남시청,2,지하,2,지하 2층,2
01,수도권,S1,5,5호선,0489,하남검단산역,2,지하,1,지하 1층,1
01,수도권,S1,5,5호선,0489,하남검단산역,2,지하,2,지하 2층,2
01,수도권,S1,5,5호선,0489,하남검단산역,2,지하,3,지하 3층,3
01,수도권,S1,5,5호선,0172,둔촌동,2,지하,1,지하 1층,1
01,수도권,S1,5,5호선,0172,둔촌동,2,지하,2,지하 2층,2
01,수도권,S1,5,5호선,0438,올림픽공원,2,지하,2,지하 2층,1
01,수도권,S1,5,5호선,0438,올림픽공원,2,지하,3,지하 3층,2
01,수도권,S1,5,5호선,0219,방이,2,지하,1,지하 1층,1
01,수도권,S1,5,5호선,0219,방이,2,지하,2,지하 2층,2
01,수도권,S1,5,5호선,0426,오금,2,지하,1,지하 1층,1
01,수도권,S1,5,5호선,0426,오금,2,지하,2,지하 2층,2
01,수도권,S1,5,5호선,0025,개롱,2,지하,1,지하 1층,1
01,수도권,S1,5,5호선,0025,개롱,2,지하,2,지하 2층,2
01,수도권,S1,5,5호선,0030,거여,2,지하,1,지하 1층,1
01,수도권,S1,5,5호선,0030,거여,2,지하,2,지하 2층,2
01,수도권,S1,5,5호선,0184,마천,2,지하,2,지하 2층,1
01,수도권,S1,5,5호선,0184,마천,2,지하,4,지하 4층,2
01,수도권,S1,6,6호선,0468,응암,2,지하,1,지하 1층,1
01,수도권,S1,6,6호선,0468,응암,2,지하,2,지하 2층,2
01,수도권,S1,6,6호선,0416,역촌,2,지하,1,지하 1층,1
01,수도권,S1,6,6호선,0416,역촌,2,지하,4,지하 4층,2
01,수도권,S1,6,6호선,0255,불광,2,지하,1,지하 1층,1
01,수도권,S1,6,6호선,0255,불광,2,지하,4,지하 4층,2
01,수도권,S1,6,6호선,0151,독바위,2,지하,1,지하 1층,1
01,수도권,S1,6,6호선,0151,독바위,2,지하,6,지하 6층,2
01,수도권,S1,6,6호선,0418,연신내,2,지하,1,지하 1층,1
01,수도권,S1,6,6호선,0418,연신내,2,지하,5,지하 5층,2
01,수도권,S1,6,6호선,0074,구산,2,지하,1,지하 1층,1
01,수도권,S1,6,6호선,0074,구산,2,지하,4,지하 4층,2
01,수도권,S1,6,6호선,0285,새절,2,지하,1,지하 1층,1
01,수도권,S1,6,6호선,0285,새절,2,지하,2,지하 2층,2
01,수도권,S1,6,6호선,0532,증산,2,지하,1,지하 1층,1
01,수도권,S1,6,6호선,0532,증산,2,지하,2,지하 2층,2
01,수도권,S1,6,6호선,0174,디지털미디어시티,2,지하,1,지하 1층,1
01,수도권,S1,6,6호선,0174,디지털미디어시티,2,지하,2,지하 2층,2
01,수도권,S1,6,6호선,0462,월드컵경기장,2,지하,2,지하 2층,1
01,수도권,S1,6,6호선,0462,월드컵경기장,2,지하,3,지하 3층,2
01,수도권,S1,6,6호선,0186,마포구청,2,지하,1,지하 1층,1
01,수도권,S1,6,6호선,0186,마포구청,2,지하,2,지하 2층,2
01,수도권,S1,6,6호선,0186,마포구청,2,지하,3,지하 3층,3
01,수도권,S1,6,6호선,0189,망원,2,지하,1,지하 1층,1
01,수도권,S1,6,6호선,0189,망원,2,지하,2,지하 2층,2
01,수도권,S1,6,6호선,0591,합정,2,지하,1,지하 1층,1
01,수도권,S1,6,6호선,0591,합정,2,지하,4,지하 4층,2
01,수도권,S1,6,6호선,0278,상수,2,지하,2,지하 2층,1
01,수도권,S1,6,6호선,0278,상수,2,지하,3,지하 3층,2
01,수도권,S1,6,6호선,0067,광흥창,2,지하,1,지하 1층,1
01,수도권,S1,6,6호선,0067,광흥창,2,지하,2,지하 2층,2
01,수도권,S1,6,6호선,0067,광흥창,2,지하,3,지하 3층,3
01,수도권,S1,6,6호선,0138,대흥,2,지하,1,지하 1층,1
01,수도권,S1,6,6호선,0138,대흥,2,지하,2,지하 2층,2
01,수도권,S1,6,6호선,0138,대흥,2,지하,3,지하 3층,3
01,수도권,S1,6,6호선,0054,공덕,2,지하,1,지하 1층,1
01,수도권,S1,6,6호선,0054,공덕,2,지하,2,지하 2층,2
01,수도권,S1,6,6호선,0609,효창공원앞,2,지하,1,지하 1층,1
01,수도권,S1,6,6호선,0609,효창공원앞,2,지하,2,지하 2층,2
01,수도권,S1,6,6호선,0609,효창공원앞,2,지하,3,지하 3층,3
01,수도권,S1,6,6호선,0263,삼각지,2,지하,1,지하 1층,1
01,수도권,S1,6,6호선,0263,삼각지,2,지하,3,지하 3층,2
01,수도권,S1,6,6호선,0263,삼각지,2,지하,4,지하 4층,3
01,수도권,S1,6,6호선,0117,녹사평,2,지하,1,지하 1층,1
01,수도권,S1,6,6호선,0117,녹사평,2,지하,2,지하 2층,2
01,수도권,S1,6,6호선,0117,녹사평,2,지하,4,지하 4층,3
01,수도권,S1,6,6호선,0117,녹사평,2,지하,5,지하 5층,4
01,수도권,S1,6,6호선,0479,이태원,2,지하,1,지하 1층,1
01,수도권,S1,6,6호선,0479,이태원,2,지하,2,지하 2층,2
01,수도권,S1,6,6호선,0479,이태원,2,지하,4,지하 4층,3
01,수도권,S1,6,6호선,0479,이태원,2,지하,5,지하 5층,4
01,수도권,S1,6,6호선,0584,한강진,2,지하,1,지하 1층,1
01,수도권,S1,6,6호선,0584,한강진,2,지하,3,지하 3층,2
01,수도권,S1,6,6호선,0584,한강진,2,지하,4,지하 4층,3
01,수도권,S1,6,6호선,0227,버티고개,2,지하,1,지하 1층,1
01,수도권,S1,6,6호선,0227,버티고개,2,지하,4,지하 4층,2
01,수도권,S1,6,6호선,0397,약수,2,지하,2,지하 2층,1
01,수도권,S1,6,6호선,0397,약수,2,지하,3,지하 3층,2
01,수도권,S1,6,6호선,0549,청구,2,지하,1,지하 1층,1
01,수도권,S1,6,6호선,0549,청구,2,지하,2,지하 2층,2
01,수도권,S1,6,6호선,0356,신당,2,지하,1,지하 1층,1
01,수도권,S1,6,6호선,0356,신당,2,지하,2,지하 2층,2
01,수도권,S1,6,6호선,0356,신당,2,지하,3,지하 3층,3
01,수도권,S1,6,6호선,0161,동묘앞,2,지하,1,지하 1층,1
01,수도권,S1,6,6호선,0161,동묘앞,2,지하,2,지하 2층,2
01,수도권,S1,6,6호선,0161,동묘앞,2,지하,3,지하 3층,3
01,수도권,S1,6,6호선,0542,창신,2,지하,1,지하 1층,1
01,수도권,S1,6,6호선,0542,창신,2,지하,3,지하 3층,2
01,수도권,S1,6,6호선,0542,창신,2,지하,4,지하 4층,3
01,수도권,S1,6,6호선,0234,보문,2,지하,1,지하 1층,1
01,수도권,S1,6,6호선,0234,보문,2,지하,2,지하 2층,2
01,수도권,S1,6,6호선,0234,보문,2,지하,3,지하 3층,3
01,수도권,S1,6,6호선,0389,안암,2,지하,1,지하 1층,1
01,수도권,S1,6,6호선,0389,안암,2,지하,2,지하 2층,2
01,수도권,S1,6,6호선,0389,안암,2,지하,3,지하 3층,3
01,수도권,S1,6,6호선,0047,고려대,2,지하,1,지하 1층,1
01,수도권,S1,6,6호선,0047,고려대,2,지하,3,지하 3층,2
01,수도권,S1,6,6호선,0047,고려대,2,지하,4,지하 4층,3
01,수도권,S1,6,6호선,0460,월곡,2,지하,1,지하 1층,1
01,수도권,S1,6,6호선,0460,월곡,2,지하,2,지하 2층,2
01,수도권,S1,6,6호선,0460,월곡,2,지하,3,지하 3층,3
01,수도권,S1,6,6호선,0280,상월곡,2,지하,1,지하 1층,1
01,수도권,S1,6,6호선,0280,상월곡,2,지하,2,지하 2층,2
01,수도권,S1,6,6호선,0280,상월곡,2,지하,3,지하 3층,3
01,수도권,S1,6,6호선,0154,돌곶이,2,지하,1,지하 1층,1
01,수도권,S1,6,6호선,0154,돌곶이,2,지하,2,지하 2층,2
01,수도권,S1,6,6호선,0300,석계,2,지하,1,지하 1층,1
01,수도권,S1,6,6호선,0300,석계,2,지하,2,지하 2층,2
01,수도권,S1,6,6호선,0300,석계,2,지하,3,지하 3층,3
01,수도권,S1,6,6호선,0568,태릉입구,2,지하,1,지하 1층,1
01,수도권,S1,6,6호선,0568,태릉입구,2,지하,2,지하 2층,2
01,수도권,S1,6,6호선,0600,화랑대,2,지하,1,지하 1층,1
01,수도권,S1,6,6호선,0600,화랑대,2,지하,2,지하 2층,2
01,수도권,S1,6,6호선,0243,봉화산,2,지하,1,지하 1층,1
01,수도권,S1,6,6호선,0243,봉화산,2,지하,2,지하 2층,2
01,수도권,S1,6,6호선,0353,신내,1,지상,1,지상 1층,1
01,수도권,S1,6,6호선,0353,신내,1,지상,2,지상 2층,2
01,수도권,S1,7,7호선,0503,장암,1,지상,1,지상 1층,1
01,수도권,S1,7,7호선,0146,도봉산,1,지상,1,지상 1층,1
01,수도권,S1,7,7호선,0146,도봉산,1,지상,2,지상 2층,2
01,수도권,S1,7,7호선,0334,수락산,2,지하,1,지하 1층,1
01,수도권,S1,7,7호선,0334,수락산,2,지하,2,지하 2층,2
01,수도권,S1,7,7호선,0334,수락산,2,지하,3,지하 3층,3
01,수도권,S1,7,7호선,0180,마들,2,지하,1,지하 1층,1
01,수도권,S1,7,7호선,0180,마들,2,지하,2,지하 2층,2
01,수도권,S1,7,7호선,0180,마들,2,지하,3,지하 3층,3
01,수도권,S1,7,7호선,0115,노원,2,지하,1,지하 1층,1
01,수도권,S1,7,7호선,0115,노원,2,지하,2,지하 2층,2
01,수도권,S1,7,7호선,0115,노원,2,지하,3,지하 3층,3
01,수도권,S1,7,7호선,0524,중계,2,지하,2,지하 2층,1
01,수도권,S1,7,7호선,0524,중계,2,지하,3,지하 3층,2
01,수도권,S1,7,7호선,0581,하계,2,지하,1,지하 1층,1
01,수도권,S1,7,7호선,0581,하계,2,지하,2,지하 2층,2
01,수도권,S1,7,7호선,0581,하계,2,지하,3,지하 3층,3
01,수도권,S1,7,7호선,0055,공릉,2,지하,1,지하 1층,1
01,수도권,S1,7,7호선,0055,공릉,2,지하,2,지하 2층,2
01,수도권,S1,7,7호선,0055,공릉,2,지하,3,지하 3층,3
01,수도권,S1,7,7호선,0055,공릉,2,지하,4,지하 4층,4
01,수도권,S1,7,7호선,0568,태릉입구,2,지하,1,지하 1층,1
01,수도권,S1,7,7호선,0568,태릉입구,2,지하,3,지하 3층,2
01,수도권,S1,7,7호선,0568,태릉입구,2,지하,4,지하 4층,3
01,수도권,S1,7,7호선,0195,먹골,2,지하,1,지하 1층,1
01,수도권,S1,7,7호선,0195,먹골,2,지하,2,지하 2층,2
01,수도권,S1,7,7호선,0195,먹골,2,지하,3,지하 3층,3
01,수도권,S1,7,7호선,0530,중화,2,지하,1,지하 1층,1
01,수도권,S1,7,7호선,0530,중화,2,지하,2,지하 2층,2
01,수도권,S1,7,7호선,0530,중화,2,지하,3,지하 3층,3
01,수도권,S1,7,7호선,0276,상봉,2,지하,1,지하 1층,1
01,수도권,S1,7,7호선,0276,상봉,2,지하,2,지하 2층,2
01,수도권,S1,7,7호선,0276,상봉,2,지하,3,지하 3층,3
01,수도권,S1,7,7호선,0196,면목,2,지하,1,지하 1층,1
01,수도권,S1,7,7호선,0196,면목,2,지하,3,지하 3층,2
01,수도권,S1,7,7호선,0196,면목,2,지하,4,지하 4층,3
01,수도권,S1,7,7호선,0256,사가정,2,지하,1,지하 1층,1
01,수도권,S1,7,7호선,0256,사가정,2,지하,3,지하 3층,2
01,수도권,S1,7,7호선,0256,사가정,2,지하,4,지하 4층,3
01,수도권,S1,7,7호선,0445,용마산,2,지하,1,지하 1층,1
01,수도권,S1,7,7호선,0445,용마산,2,지하,4,지하 4층,2
01,수도권,S1,7,7호선,0525,중곡,2,지하,1,지하 1층,1
01,수도권,S1,7,7호선,0525,중곡,2,지하,2,지하 2층,2
01,수도권,S1,7,7호선,0525,중곡,2,지하,3,지하 3층,3
01,수도권,S1,7,7호선,0082,군자,2,지하,1,지하 1층,1
01,수도권,S1,7,7호선,0082,군자,2,지하,3,지하 3층,2
01,수도권,S1,7,7호선,0408,어린이대공원,2,지하,1,지하 1층,1
01,수도권,S1,7,7호선,0408,어린이대공원,2,지하,2,지하 2층,2
01,수도권,S1,7,7호선,0408,어린이대공원,2,지하,3,지하 3층,3
01,수도권,S1,7,7호선,0031,건대입구,2,지하,1,지하 1층,1
01,수도권,S1,7,7호선,0031,건대입구,2,지하,2,지하 2층,2
01,수도권,S1,7,7호선,0176,자양,1,지상,2,지상 2층,1
01,수도권,S1,7,7호선,0176,자양,1,지상,3,지상 3층,2
01,수도권,S1,7,7호선,0550,청담,2,지하,3,지하 3층,1
01,수도권,S1,7,7호선,0550,청담,2,지하,4,지하 4층,2
01,수도권,S1,7,7호선,0018,강남구청,2,지하,1,지하 1층,1
01,수도권,S1,7,7호선,0018,강남구청,2,지하,2,지하 2층,2
01,수도권,S1,7,7호선,0018,강남구청,2,지하,3,지하 3층,3
01,수도권,S1,7,7호선,0582,학동,2,지하,1,지하 1층,1
01,수도권,S1,7,7호선,0582,학동,2,지하,2,지하 2층,2
01,수도권,S1,7,7호선,0582,학동,2,지하,3,지하 3층,3
01,수도권,S1,7,7호선,0120,논현,2,지하,1,지하 1층,1
01,수도권,S1,7,7호선,0120,논현,2,지하,2,지하 2층,2
01,수도권,S1,7,7호선,0120,논현,2,지하,3,지하 3층,3
01,수도권,S1,7,7호선,0215,반포,2,지하,2,지하 2층,1
01,수도권,S1,7,7호선,0215,반포,2,지하,3,지하 3층,2
01,수도권,S1,7,7호선,0048,고속터미널,2,지하,1,지하 1층,1
01,수도권,S1,7,7호선,0048,고속터미널,2,지하,2,지하 2층,2
01,수도권,S1,7,7호선,0048,고속터미널,2,지하,3,지하 3층,3
01,수도권,S1,7,7호선,0112,내방,2,지하,1,지하 1층,1
01,수도권,S1,7,7호선,0112,내방,2,지하,2,지하 2층,2
01,수도권,S1,7,7호선,0112,내방,2,지하,3,지하 3층,3
01,수도권,S1,7,7호선,0560,총신대입구,2,지하,1,지하 1층,1
01,수도권,S1,7,7호선,0560,총신대입구,2,지하,3,지하 3층,2
01,수도권,S1,7,7호선,0560,총신대입구,2,지하,4,지하 4층,3
01,수도권,S1,7,7호선,0107,남성,2,지하,2,지하 2층,1
01,수도권,S1,7,7호선,0107,남성,2,지하,3,지하 3층,2
01,수도권,S1,7,7호선,0344,숭실대입구,2,지하,1,지하 1층,1
01,수도권,S1,7,7호선,0344,숭실대입구,2,지하,2,지하 2층,2
01,수도권,S1,7,7호선,0344,숭실대입구,2,지하,5,지하 5층,3
01,수도권,S1,7,7호선,0344,숭실대입구,2,지하,6,지하 6층,4
01,수도권,S1,7,7호선,0273,상도,2,지하,1,지하 1층,1
01,수도권,S1,7,7호선,0273,상도,2,지하,2,지하 2층,2
01,수도권,S1,7,7호선,0273,상도,2,지하,3,지하 3층,3
01,수도권,S1,7,7호선,0502,장승배기,2,지하,1,지하 1층,1
01,수도권,S1,7,7호선,0502,장승배기,2,지하,2,지하 2층,2
01,수도권,S1,7,7호선,0502,장승배기,2,지하,3,지하 3층,3
01,수도권,S1,7,7호선,0358,신대방삼거리,2,지하,1,지하 1층,1
01,수도권,S1,7,7호선,0358,신대방삼거리,2,지하,2,지하 2층,2
01,수도권,S1,7,7호선,0358,신대방삼거리,2,지하,3,지하 3층,3
01,수도권,S1,7,7호선,0232,보라매,2,지하,1,지하 1층,1
01,수도권,S1,7,7호선,0232,보라매,2,지하,2,지하 2층,2
01,수도권,S1,7,7호선,0378,신풍,2,지하,1,지하 1층,1
01,수도권,S1,7,7호선,0378,신풍,2,지하,2,지하 2층,2
01,수도권,S1,7,7호선,0130,대림,2,지하,1,지하 1층,1
01,수도권,S1,7,7호선,0130,대림,2,지하,2,지하 2층,2
01,수도권,S1,7,7호선,0103,남구로,2,지하,2,지하 2층,1
01,수도권,S1,7,7호선,0103,남구로,2,지하,5,지하 5층,2
01,수도권,S1,7,7호선,0004,가산디지털단지,2,지하,1,지하 1층,1
01,수도권,S1,7,7호선,0004,가산디지털단지,2,지하,2,지하 2층,2
01,수도권,S1,7,7호선,0004,가산디지털단지,2,지하,3,지하 3층,3
01,수도권,S1,7,7호선,0004,가산디지털단지,2,지하,4,지하 4층,4
01,수도권,S1,7,7호선,0547,철산,2,지하,1,지하 1층,1
01,수도권,S1,7,7호선,0547,철산,2,지하,2,지하 2층,2
01,수도권,S1,7,7호선,0064,광명사거리,2,지하,1,지하 1층,1
01,수도권,S1,7,7호선,0064,광명사거리,2,지하,2,지하 2층,2
01,수도권,S1,7,7호선,0064,광명사거리,2,지하,3,지하 3층,3
01,수도권,S1,7,7호선,0545,천왕,2,지하,1,지하 1층,1
01,수도권,S1,7,7호선,0545,천왕,2,지하,2,지하 2층,2
01,수도권,S1,7,7호선,0435,온수,2,지하,1,지하 1층,1
01,수도권,S1,7,7호선,0435,온수,2,지하,2,지하 2층,2
01,수도권,IC,7,7호선,0101,까치울,2,지하,1,지하 1층,1
01,수도권,IC,7,7호선,0101,까치울,2,지하,2,지하 2층,2
01,수도권,IC,7,7호선,0248,부천종합운동장,2,지하,1,지하 1층,1
01,수도권,IC,7,7호선,0248,부천종합운동장,2,지하,2,지하 2층,2
01,수도권,IC,7,7호선,0561,춘의,2,지하,1,지하 1층,1
01,수도권,IC,7,7호선,0561,춘의,2,지하,2,지하 2층,2
01,수도권,IC,7,7호선,0374,신중동,2,지하,1,지하 1층,1
01,수도권,IC,7,7호선,0374,신중동,2,지하,2,지하 2층,2
01,수도권,IC,7,7호선,0247,부천시청,2,지하,1,지하 1층,1
01,수도권,IC,7,7호선,0247,부천시청,2,지하,2,지하 2층,2
01,수도권,IC,7,7호선,0274,상동,2,지하,1,지하 1층,1
01,수도권,IC,7,7호선,0274,상동,2,지하,2,지하 2층,2
01,수도권,IC,7,7호선,0265,삼산체육관,2,지하,1,지하 1층,1
01,수도권,IC,7,7호선,0265,삼산체육관,2,지하,2,지하 2층,2
01,수도권,IC,7,7호선,0085,굴포천,2,지하,1,지하 1층,1
01,수도권,IC,7,7호선,0085,굴포천,2,지하,2,지하 2층,2
01,수도권,IC,7,7호선,0250,부평구청,2,지하,1,지하 1층,1
01,수도권,IC,7,7호선,0250,부평구청,2,지하,2,지하 2층,2
01,수도권,IC,7,7호선,0250,부평구청,2,지하,3,지하 3층,3
01,수도권,IC,7,7호선,1352,산곡,2,지하,1,지하 1층,1
01,수도권,IC,7,7호선,1352,산곡,2,지하,2,지하 2층,2
01,수도권,IC,7,7호선,0301,석남,1,지상,1,지상 1층,1
01,수도권,IC,7,7호선,0301,석남,2,지하,1,지하 1층,1
01,수도권,IC,7,7호선,0301,석남,2,지하,2,지하 2층,2
01,수도권,IC,7,7호선,0301,석남,2,지하,3,지하 3층,3
01,수도권,IC,7,7호선,0301,석남,2,지하,4,지하 4층,4
01,수도권,IC,7,7호선,0301,석남,2,지하,5,지하 5층,5
01,수도권,S1,8,8호선,1373,암사역사공원,2,지하,1,지하 1층,1
01,수도권,S1,8,8호선,1373,암사역사공원,2,지하,2,지하 2층,2
01,수도권,S1,8,8호선,0391,암사,2,지하,1,지하 1층,1
01,수도권,S1,8,8호선,0391,암사,2,지하,2,지하 2층,2
01,수도권,S1,8,8호선,0546,천호,2,지하,1,지하 1층,1
01,수도권,S1,8,8호선,0546,천호,2,지하,2,지하 2층,2
01,수도권,S1,8,8호선,0021,강동구청,2,지하,1,지하 1층,1
01,수도권,S1,8,8호선,0021,강동구청,2,지하,2,지하 2층,2
01,수도권,S1,8,8호선,0021,강동구청,2,지하,3,지하 3층,3
01,수도권,S1,8,8호선,0204,몽촌토성,2,지하,1,지하 1층,1
01,수도권,S1,8,8호선,0204,몽촌토성,2,지하,2,지하 2층,2
01,수도권,S1,8,8호선,0204,몽촌토성,2,지하,3,지하 3층,3
01,수도권,S1,8,8호선,0497,잠실,2,지하,1,지하 1층,1
01,수도권,S1,8,8호선,0497,잠실,2,지하,2,지하 2층,2
01,수도권,S1,8,8호선,0497,잠실,2,지하,3,지하 3층,3
01,수도권,S1,8,8호선,0305,석촌,2,지하,1,지하 1층,1
01,수도권,S1,8,8호선,0305,석촌,2,지하,2,지하 2층,2
01,수도권,S1,8,8호선,0332,송파,2,지하,1,지하 1층,1
01,수도권,S1,8,8호선,0332,송파,2,지하,2,지하 2층,2
01,수도권,S1,8,8호선,0003,가락시장,2,지하,1,지하 1층,1
01,수도권,S1,8,8호선,0003,가락시장,2,지하,2,지하 2층,2
01,수도권,S1,8,8호선,0208,문정,2,지하,1,지하 1층,1
01,수도권,S1,8,8호선,0208,문정,2,지하,2,지하 2층,2
01,수도권,S1,8,8호선,0504,장지,2,지하,1,지하 1층,1
01,수도권,S1,8,8호선,0504,장지,2,지하,2,지하 2층,2
01,수도권,S1,8,8호선,0238,복정,2,지하,1,지하 1층,1
01,수도권,S1,8,8호선,0238,복정,2,지하,2,지하 2층,2
01,수도권,S1,8,8호선,1366,남위례,1,지상,1,지상 1층,1
01,수도권,S1,8,8호선,1366,남위례,1,지상,2,지상 2층,2
01,수도권,S1,8,8호선,1366,남위례,1,지상,3,지상 3층,3
01,수도권,S1,8,8호선,0261,산성,2,지하,1,지하 1층,1
01,수도권,S1,8,8호선,0261,산성,2,지하,3,지하 3층,2
01,수도권,S1,8,8호선,0111,남한산성입구,2,지하,2,지하 2층,1
01,수도권,S1,8,8호선,0111,남한산성입구,2,지하,3,지하 3층,2
01,수도권,S1,8,8호선,0122,단대오거리,2,지하,1,지하 1층,1
01,수도권,S1,8,8호선,0122,단대오거리,2,지하,2,지하 2층,2
01,수도권,S1,8,8호선,0122,단대오거리,2,지하,3,지하 3층,3
01,수도권,S1,8,8호선,0379,신흥,2,지하,1,지하 1층,1
01,수도권,S1,8,8호선,0379,신흥,2,지하,2,지하 2층,2
01,수도권,S1,8,8호선,0342,수진,2,지하,1,지하 1층,1
01,수도권,S1,8,8호선,0342,수진,2,지하,2,지하 2층,2
01,수도권,S1,8,8호선,0201,모란,2,지하,1,지하 1층,1
01,수도권,S1,8,8호선,0201,모란,2,지하,2,지하 2층,2
01,수도권,S1,8,8호선,0201,모란,2,지하,3,지하 3층,3
01,수도권,S9,9,9호선,0028,개화,1,지상,1,지상 1층,1
01,수도권,S9,9,9호선,0028,개화,1,지상,2,지상 2층,2
01,수도권,S9,9,9호선,0099,김포공항,2,지하,1,지하 1층,1
01,수도권,S9,9,9호선,0099,김포공항,2,지하,3,지하 3층,2
01,수도권,S9,9,9호선,0099,김포공항,2,지하,4,지하 4층,3
01,수도권,S9,9,9호선,0056,공항시장,2,지하,1,지하 1층,1
01,수도권,S9,9,9호선,0056,공항시장,2,지하,4,지하 4층,2
01,수도권,S9,9,9호선,0364,신방화,2,지하,1,지하 1층,1
01,수도권,S9,9,9호선,0364,신방화,2,지하,2,지하 2층,2
01,수도권,S9,9,9호선,0178,마곡나루,2,지하,1,지하 1층,1
01,수도권,S9,9,9호선,0178,마곡나루,2,지하,2,지하 2층,2
01,수도권,S9,9,9호선,0405,양천향교,2,지하,1,지하 1층,1
01,수도권,S9,9,9호선,0405,양천향교,2,지하,2,지하 2층,2
01,수도권,S9,9,9호선,0005,가양,2,지하,1,지하 1층,1
01,수도권,S9,9,9호선,0005,가양,2,지하,2,지하 2층,2
01,수도권,S9,9,9호선,0531,증미,2,지하,2,지하 2층,1
01,수도권,S9,9,9호선,0531,증미,2,지하,3,지하 3층,2
01,수도권,S9,9,9호선,0173,등촌,2,지하,1,지하 1층,1
01,수도권,S9,9,9호선,0173,등촌,2,지하,2,지하 2층,2
01,수도권,S9,9,9호선,0419,염창,2,지하,1,지하 1층,1
01,수도권,S9,9,9호선,0419,염창,2,지하,2,지하 2층,2
01,수도권,S9,9,9호선,0362,신목동,2,지하,2,지하 2층,1
01,수도권,S9,9,9호선,0362,신목동,2,지하,3,지하 3층,2
01,수도권,S9,9,9호선,0308,선유도,2,지하,2,지하 2층,1
01,수도권,S9,9,9호선,0308,선유도,2,지하,3,지하 3층,2
01,수도권,S9,9,9호선,0126,당산,2,지하,1,지하 1층,1
01,수도권,S9,9,9호선,0126,당산,2,지하,3,지하 3층,2
01,수도권,S9,9,9호선,0081,국회의사당,2,지하,2,지하 2층,1
01,수도권,S9,9,9호선,0081,국회의사당,2,지하,3,지하 3층,2
01,수도권,S9,9,9호선,0412,여의도,2,지하,1,지하 1층,1
01,수도권,S9,9,9호선,0412,여의도,2,지하,2,지하 2층,2
01,수도권,S9,9,9호선,0412,여의도,2,지하,3,지하 3층,3
01,수도권,S9,9,9호선,0286,샛강,2,지하,2,지하 2층,1
01,수도권,S9,9,9호선,0286,샛강,2,지하,3,지하 3층,2
01,수도권,S9,9,9호선,0114,노량진,2,지하,1,지하 1층,1
01,수도권,S9,9,9호선,0114,노량진,2,지하,2,지하 2층,2
01,수도권,S9,9,9호선,0113,노들,2,지하,1,지하 1층,1
01,수도권,S9,9,9호선,0113,노들,2,지하,2,지하 2층,2
01,수도권,S9,9,9호선,0610,흑석,2,지하,1,지하 1층,1
01,수도권,S9,9,9호선,0610,흑석,2,지하,2,지하 2층,2
01,수도권,S9,9,9호선,0167,동작,2,지하,2,지하 2층,1
01,수도권,S9,9,9호선,0167,동작,2,지하,3,지하 3층,2
01,수도권,S9,9,9호선,0073,구반포,2,지하,1,지하 1층,1
01,수도권,S9,9,9호선,0073,구반포,2,지하,3,지하 3층,2
01,수도권,S9,9,9호선,0363,신반포,2,지하,1,지하 1층,1
01,수도권,S9,9,9호선,0363,신반포,2,지하,2,지하 2층,2
01,수도권,S9,9,9호선,0048,고속터미널,2,지하,3,지하 3층,1
01,수도권,S9,9,9호선,0048,고속터미널,2,지하,5,지하 5층,2
01,수도권,S9,9,9호선,0259,사평,2,지하,2,지하 2층,1
01,수도권,S9,9,9호선,0259,사평,2,지하,3,지하 3층,2
01,수도권,S9,9,9호선,0354,신논현,2,지하,2,지하 2층,1
01,수도권,S9,9,9호선,0354,신논현,2,지하,4,지하 4층,2
01,수도권,S9,9,9호선,0410,언주,2,지하,1,지하 1층,1
01,수도권,S9,9,9호선,0410,언주,2,지하,1,지하 1층,2
01,수도권,S9,9,9호선,0410,언주,2,지하,2,지하 2층,3
01,수도권,S9,9,9호선,0410,언주,2,지하,3,지하 3층,4
01,수도권,S9,9,9호선,0410,언주,2,지하,4,지하 4층,5
01,수도권,S9,9,9호선,0410,언주,2,지하,4,지하 4층,6
01,수도권,S9,9,9호선,0410,언주,2,지하,5,지하 5층,7
01,수도권,S9,9,9호선,0410,언주,2,지하,5,지하 5층,8
01,수도권,S9,9,9호선,0309,선정릉,2,지하,1,지하 1층,1
01,수도권,S9,9,9호선,0309,선정릉,2,지하,1,지하 1층,2
01,수도권,S9,9,9호선,0309,선정릉,2,지하,2,지하 2층,3
01,수도권,S9,9,9호선,0309,선정릉,2,지하,3,지하 3층,4
01,수도권,S9,9,9호선,0309,선정릉,2,지하,3,지하 3층,5
01,수도권,S9,9,9호선,0267,삼성중앙,2,지하,1,지하 1층,1
01,수도권,S9,9,9호선,0267,삼성중앙,2,지하,1,지하 1층,2
01,수도권,S9,9,9호선,0267,삼성중앙,2,지하,2,지하 2층,3
01,수도권,S9,9,9호선,0267,삼성중앙,2,지하,2,지하 2층,4
01,수도권,S9,9,9호선,0241,봉은사,2,지하,1,지하 1층,1
01,수도권,S9,9,9호선,0241,봉은사,2,지하,1,지하 1층,2
01,수도권,S9,9,9호선,0241,봉은사,2,지하,2,지하 2층,3
01,수도권,S9,9,9호선,0241,봉은사,2,지하,2,지하 2층,4
01,수도권,S9,9,9호선,0518,종합운동장,2,지하,1,지하 1층,1
01,수도권,S9,9,9호선,0518,종합운동장,2,지하,1,지하 1층,2
01,수도권,S9,9,9호선,0518,종합운동장,2,지하,2,지하 2층,3
01,수도권,S9,9,9호선,0518,종합운동장,2,지하,2,지하 2층,4
01,수도권,S9,9,9호선,0518,종합운동장,2,지하,3,지하 3층,5
01,수도권,S9,9,9호선,0518,종합운동장,2,지하,4,지하 4층,6
01,수도권,S9,9,9호선,0518,종합운동장,2,지하,4,지하 4층,7
01,수도권,S9,9,9호선,1153,삼전,2,지하,1,지하 1층,1
01,수도권,S9,9,9호선,1153,삼전,2,지하,1,지하 1층,2
01,수도권,S9,9,9호선,1153,삼전,2,지하,2,지하 2층,3
01,수도권,S9,9,9호선,1153,삼전,2,지하,2,지하 2층,4
01,수도권,S9,9,9호선,1154,석촌고분,2,지하,1,지하 1층,1
01,수도권,S9,9,9호선,1154,석촌고분,2,지하,1,지하 1층,2
01,수도권,S9,9,9호선,1154,석촌고분,2,지하,2,지하 2층,3
01,수도권,S9,9,9호선,1154,석촌고분,2,지하,2,지하 2층,4
01,수도권,S9,9,9호선,0305,석촌,2,지하,1,지하 1층,1
01,수도권,S9,9,9호선,0305,석촌,2,지하,1,지하 1층,2
01,수도권,S9,9,9호선,0305,석촌,2,지하,1,지하 1층,3
01,수도권,S9,9,9호선,0305,석촌,2,지하,1,지하 1층,4
01,수도권,S9,9,9호선,0305,석촌,2,지하,2,지하 2층,5
01,수도권,S9,9,9호선,0305,석촌,2,지하,2,지하 2층,6
01,수도권,S9,9,9호선,0305,석촌,2,지하,3,지하 3층,7
01,수도권,S9,9,9호선,0305,석촌,2,지하,3,지하 3층,8
01,수도권,S9,9,9호선,1155,송파나루,2,지하,1,지하 1층,1
01,수도권,S9,9,9호선,1155,송파나루,2,지하,1,지하 1층,2
01,수도권,S9,9,9호선,1155,송파나루,2,지하,2,지하 2층,3
01,수도권,S9,9,9호선,1155,송파나루,2,지하,2,지하 2층,4
01,수도권,S9,9,9호선,1156,한성백제,2,지하,1,지하 1층,1
01,수도권,S9,9,9호선,1156,한성백제,2,지하,1,지하 1층,2
01,수도권,S9,9,9호선,1156,한성백제,2,지하,2,지하 2층,3
01,수도권,S9,9,9호선,1156,한성백제,2,지하,2,지하 2층,4
01,수도권,S9,9,9호선,0438,올림픽공원,2,지하,1,지하 1층,1
01,수도권,S9,9,9호선,0438,올림픽공원,2,지하,1,지하 1층,2
01,수도권,S9,9,9호선,0438,올림픽공원,2,지하,2,지하 2층,3
01,수도권,S9,9,9호선,0438,올림픽공원,2,지하,2,지하 2층,4
01,수도권,S9,9,9호선,0438,올림픽공원,2,지하,3,지하 3층,5
01,수도권,S9,9,9호선,0438,올림픽공원,2,지하,3,지하 3층,6
01,수도권,S9,9,9호선,1157,둔촌오륜,2,지하,1,지하 1층,1
01,수도권,S9,9,9호선,1157,둔촌오륜,2,지하,1,지하 1층,2
01,수도권,S9,9,9호선,1157,둔촌오륜,2,지하,2,지하 2층,3
01,수도권,S9,9,9호선,1157,둔촌오륜,2,지하,2,지하 2층,4
01,수도권,S9,9,9호선,1158,중앙보훈병원,2,지하,1,지하 1층,1
01,수도권,S9,9,9호선,1158,중앙보훈병원,2,지하,1,지하 1층,2
01,수도권,S9,9,9호선,1158,중앙보훈병원,2,지하,2,지하 2층,3
01,수도권,S9,9,9호선,1158,중앙보훈병원,2,지하,2,지하 2층,4
